Starting BMS Application...
[INFO] Scanning for projects...
[INFO] 
[INFO] ----------------------------< com.bms:bms >-----------------------------
[INFO] Building bms 0.0.1-SNAPSHOT
[INFO]   from pom.xml
[INFO] --------------------------------[ jar ]---------------------------------
[INFO] 
[INFO] >>> spring-boot:4.0.2:run (default-cli) > test-compile @ bms >>>
[INFO] 
[INFO] --- resources:3.3.1:resources (default-resources) @ bms ---
[INFO] Copying 1 resource from src/main/resources to target/classes
[INFO] Copying 20 resources from src/main/resources to target/classes
[INFO] 
[INFO] --- compiler:3.14.1:compile (default-compile) @ bms ---
[INFO] Nothing to compile - all classes are up to date.
[INFO] 
[INFO] --- resources:3.3.1:testResources (default-testResources) @ bms ---
[INFO] Copying 1 resource from src/test/resources to target/test-classes
[INFO] 
[INFO] --- compiler:3.14.1:testCompile (default-testCompile) @ bms ---
[INFO] Recompiling the module because of changed source code.
[INFO] Compiling 7 source files with javac [debug parameters release 21] to target/test-classes
[INFO] 
[INFO] <<< spring-boot:4.0.2:run (default-cli) < test-compile @ bms <<<
[INFO] 
[INFO] 
[INFO] --- spring-boot:4.0.2:run (default-cli) @ bms ---
[INFO] Attaching agents: []

  .   ____          _            __ _ _
 /\\ / ___'_ __ _ _(_)_ __  __ _ \ \ \ \
( ( )\___ | '_ | '_| | '_ \/ _` | \ \ \ \
 \\/  ___)| |_)| | | | | || (_| |  ) ) ) )
  '  |____| .__|_| |_|_| |_\__, | / / / /
 =========|_|==============|___/=/_/_/_/

 :: Spring Boot ::                (v4.0.2)

2026-04-19T22:05:39.007+05:30  INFO 37630 --- [           main] com.bms.BmsApplication                   : Starting BmsApplication using Java 21.0.10 with PID 37630 (/home/jeevan/Documents/uni/bms/target/classes started by jeevan in /home/jeevan/Documents/uni/bms)
2026-04-19T22:05:39.009+05:30  INFO 37630 --- [           main] com.bms.BmsApplication                   : No active profile set, falling back to 1 default profile: "default"
2026-04-19T22:05:39.733+05:30  INFO 37630 --- [           main] .s.d.r.c.RepositoryConfigurationDelegate : Multiple Spring Data modules found, entering strict repository configuration mode
2026-04-19T22:05:39.734+05:30  INFO 37630 --- [           main] .s.d.r.c.RepositoryConfigurationDelegate : Bootstrapping Spring Data JPA repositories in DEFAULT mode.
2026-04-19T22:05:39.883+05:30  INFO 37630 --- [           main] .s.d.r.c.RepositoryConfigurationDelegate : Finished Spring Data repository scanning in 140 ms. Found 8 JPA repository interfaces.
2026-04-19T22:05:39.931+05:30  INFO 37630 --- [           main] .s.d.r.c.RepositoryConfigurationDelegate : Multiple Spring Data modules found, entering strict repository configuration mode
2026-04-19T22:05:39.932+05:30  INFO 37630 --- [           main] .s.d.r.c.RepositoryConfigurationDelegate : Bootstrapping Spring Data Redis repositories in DEFAULT mode.
2026-04-19T22:05:39.949+05:30  INFO 37630 --- [           main] .RepositoryConfigurationExtensionSupport : Spring Data Redis - Could not safely identify store assignment for repository candidate interface com.bms.repository.BookingRepository; If you want this repository to be a Redis repository, consider annotating your entities with one of these annotations: org.springframework.data.redis.core.RedisHash (preferred), or consider extending one of the following types with your repository: org.springframework.data.keyvalue.repository.KeyValueRepository
2026-04-19T22:05:39.950+05:30  INFO 37630 --- [           main] .RepositoryConfigurationExtensionSupport : Spring Data Redis - Could not safely identify store assignment for repository candidate interface com.bms.repository.BookingSeatRepository; If you want this repository to be a Redis repository, consider annotating your entities with one of these annotations: org.springframework.data.redis.core.RedisHash (preferred), or consider extending one of the following types with your repository: org.springframework.data.keyvalue.repository.KeyValueRepository
2026-04-19T22:05:39.951+05:30  INFO 37630 --- [           main] .RepositoryConfigurationExtensionSupport : Spring Data Redis - Could not safely identify store assignment for repository candidate interface com.bms.repository.EventRepository; If you want this repository to be a Redis repository, consider annotating your entities with one of these annotations: org.springframework.data.redis.core.RedisHash (preferred), or consider extending one of the following types with your repository: org.springframework.data.keyvalue.repository.KeyValueRepository
2026-04-19T22:05:39.951+05:30  INFO 37630 --- [           main] .RepositoryConfigurationExtensionSupport : Spring Data Redis - Could not safely identify store assignment for repository candidate interface com.bms.repository.PaymentRepository; If you want this repository to be a Redis repository, consider annotating your entities with one of these annotations: org.springframework.data.redis.core.RedisHash (preferred), or consider extending one of the following types with your repository: org.springframework.data.keyvalue.repository.KeyValueRepository
2026-04-19T22:05:39.951+05:30  INFO 37630 --- [           main] .RepositoryConfigurationExtensionSupport : Spring Data Redis - Could not safely identify store assignment for repository candidate interface com.bms.repository.SeatRepository; If you want this repository to be a Redis repository, consider annotating your entities with one of these annotations: org.springframework.data.redis.core.RedisHash (preferred), or consider extending one of the following types with your repository: org.springframework.data.keyvalue.repository.KeyValueRepository
2026-04-19T22:05:39.951+05:30  INFO 37630 --- [           main] .RepositoryConfigurationExtensionSupport : Spring Data Redis - Could not safely identify store assignment for repository candidate interface com.bms.repository.ShowRepository; If you want this repository to be a Redis repository, consider annotating your entities with one of these annotations: org.springframework.data.redis.core.RedisHash (preferred), or consider extending one of the following types with your repository: org.springframework.data.keyvalue.repository.KeyValueRepository
2026-04-19T22:05:39.952+05:30  INFO 37630 --- [           main] .RepositoryConfigurationExtensionSupport : Spring Data Redis - Could not safely identify store assignment for repository candidate interface com.bms.repository.UserRepository; If you want this repository to be a Redis repository, consider annotating your entities with one of these annotations: org.springframework.data.redis.core.RedisHash (preferred), or consider extending one of the following types with your repository: org.springframework.data.keyvalue.repository.KeyValueRepository
2026-04-19T22:05:39.952+05:30  INFO 37630 --- [           main] .RepositoryConfigurationExtensionSupport : Spring Data Redis - Could not safely identify store assignment for repository candidate interface com.bms.repository.VenueRepository; If you want this repository to be a Redis repository, consider annotating your entities with one of these annotations: org.springframework.data.redis.core.RedisHash (preferred), or consider extending one of the following types with your repository: org.springframework.data.keyvalue.repository.KeyValueRepository
2026-04-19T22:05:39.952+05:30  INFO 37630 --- [           main] .s.d.r.c.RepositoryConfigurationDelegate : Finished Spring Data repository scanning in 10 ms. Found 0 Redis repository interfaces.
2026-04-19T22:05:40.556+05:30  INFO 37630 --- [           main] o.s.boot.tomcat.TomcatWebServer          : Tomcat initialized with port 8080 (http)
2026-04-19T22:05:40.568+05:30  INFO 37630 --- [           main] o.apache.catalina.core.StandardService   : Starting service [Tomcat]
2026-04-19T22:05:40.569+05:30  INFO 37630 --- [           main] o.apache.catalina.core.StandardEngine    : Starting Servlet engine: [Apache Tomcat/11.0.15]
2026-04-19T22:05:40.605+05:30  INFO 37630 --- [           main] b.w.c.s.WebApplicationContextInitializer : Root WebApplicationContext: initialization completed in 1554 ms
2026-04-19T22:05:40.765+05:30  INFO 37630 --- [           main] org.hibernate.orm.jpa                    : HHH008540: Processing PersistenceUnitInfo [name: default]
2026-04-19T22:05:40.804+05:30  INFO 37630 --- [           main] org.hibernate.orm.core                   : HHH000001: Hibernate ORM core version 7.2.1.Final
2026-04-19T22:05:41.154+05:30  INFO 37630 --- [           main] o.s.o.j.p.SpringPersistenceUnitInfo      : No LoadTimeWeaver setup: ignoring JPA class transformer
2026-04-19T22:05:41.180+05:30  INFO 37630 --- [           main] com.zaxxer.hikari.HikariDataSource       : HikariPool-1 - Starting...
2026-04-19T22:05:41.326+05:30  INFO 37630 --- [           main] com.zaxxer.hikari.pool.HikariPool        : HikariPool-1 - Added connection conn0: url=jdbc:h2:mem:bms user=SA
2026-04-19T22:05:41.327+05:30  INFO 37630 --- [           main] com.zaxxer.hikari.HikariDataSource       : HikariPool-1 - Start completed.
2026-04-19T22:05:41.377+05:30  INFO 37630 --- [           main] org.hibernate.orm.connections.pooling    : HHH10001005: Database info:
	Database JDBC URL [jdbc:h2:mem:bms]
	Database driver: H2 JDBC Driver
	Database dialect: H2Dialect
	Database version: 2.4.240
	Default catalog/schema: BMS/PUBLIC
	Autocommit mode: undefined/unknown
	Isolation level: READ_COMMITTED [default READ_COMMITTED]
	JDBC fetch size: 100
	Pool: DataSourceConnectionProvider
	Minimum pool size: undefined/unknown
	Maximum pool size: undefined/unknown
2026-04-19T22:05:42.561+05:30  INFO 37630 --- [           main] org.hibernate.orm.core                   : HHH000489: No JTA platform available (set 'hibernate.transaction.jta.platform' to enable JTA platform integration)
Hibernate: 
    create table booking (
        id bigint generated by default as identity,
        created_at timestamp(6),
        updated_at timestamp(6),
        booking_time timestamp(6),
        status enum ('CANCELLED','CONFIRMED','PENDING'),
        total_amount float(53),
        show_id bigint,
        user_id bigint,
        primary key (id)
    )
Hibernate: 
    create table booking_seat (
        id bigint generated by default as identity,
        created_at timestamp(6),
        updated_at timestamp(6),
        price float(53),
        booking_id bigint,
        seat_id bigint,
        show_id bigint,
        primary key (id)
    )
Hibernate: 
    create table event (
        id bigint generated by default as identity,
        created_at timestamp(6),
        updated_at timestamp(6),
        description varchar(255),
        duration_minutes integer,
        event_type enum ('CONCERT','MOVIE','SPORT'),
        image_url varchar(255),
        title varchar(255),
        organizer_id bigint,
        primary key (id)
    )
Hibernate: 
    create table payment (
        id bigint generated by default as identity,
        amount float(53),
        payment_time timestamp(6),
        status enum ('FAILED','PENDING','SUCCESS'),
        booking_id bigint,
        primary key (id)
    )
Hibernate: 
    create table seat (
        id bigint generated by default as identity,
        created_at timestamp(6),
        updated_at timestamp(6),
        seat_number integer,
        seat_row varchar(255),
        seat_type enum ('PREMIUM','REGULAR','VIP'),
        section_name varchar(255),
        venue_id bigint,
        primary key (id)
    )
Hibernate: 
    create table show (
        id bigint generated by default as identity,
        created_at timestamp(6),
        updated_at timestamp(6),
        end_time timestamp(6),
        price float(53),
        start_time timestamp(6),
        event_id bigint,
        venue_id bigint,
        primary key (id)
    )
Hibernate: 
    create table users (
        id bigint generated by default as identity,
        created_at timestamp(6),
        updated_at timestamp(6),
        email varchar(255),
        name varchar(255),
        password varchar(255),
        role enum ('ADMIN','ORGANIZER','USER'),
        primary key (id)
    )
Hibernate: 
    create table venue (
        id bigint generated by default as identity,
        created_at timestamp(6),
        updated_at timestamp(6),
        layout_type enum ('CONCERT_ARENA','STADIUM','THEATRE'),
        location varchar(255),
        name varchar(255),
        total_capacity integer,
        primary key (id)
    )
Hibernate: 
    create index idx_booking_user_id 
       on booking (user_id)
Hibernate: 
    create index idx_booking_show_id 
       on booking (show_id)
Hibernate: 
    create index idx_booking_status 
       on booking (status)
Hibernate: 
    alter table if exists booking_seat 
       drop constraint if exists UKrg67cuyb53ao9la0elmyojxmd
Hibernate: 
    alter table if exists booking_seat 
       add constraint UKrg67cuyb53ao9la0elmyojxmd unique (show_id, seat_id)
Hibernate: 
    create index idx_event_type 
       on event (event_type)
Hibernate: 
    alter table if exists payment 
       drop constraint if exists UKku02qy6369hn9uhy3n7jk9v6e
Hibernate: 
    alter table if exists payment 
       add constraint UKku02qy6369hn9uhy3n7jk9v6e unique (booking_id)
Hibernate: 
    create index idx_seat_venue_id 
       on seat (venue_id)
Hibernate: 
    create index idx_show_start_time 
       on show (start_time)
Hibernate: 
    create index idx_show_event_id 
       on show (event_id)
Hibernate: 
    create index idx_show_venue_id 
       on show (venue_id)
Hibernate: 
    alter table if exists users 
       drop constraint if exists UK6dotkott2kjsp8vw4d0m25fb7
Hibernate: 
    alter table if exists users 
       add constraint UK6dotkott2kjsp8vw4d0m25fb7 unique (email)
Hibernate: 
    alter table if exists booking 
       add constraint FK2lr4fhgeao9p3uyhngtwn67h7 
       foreign key (show_id) 
       references show
Hibernate: 
    alter table if exists booking 
       add constraint FK7udbel7q86k041591kj6lfmvw 
       foreign key (user_id) 
       references users
Hibernate: 
    alter table if exists booking_seat 
       add constraint FK3gcy7w2me25kc4qp8nobmg4q6 
       foreign key (booking_id) 
       references booking
Hibernate: 
    alter table if exists booking_seat 
       add constraint FK3y806wtfhomwvu02t1u7u2136 
       foreign key (seat_id) 
       references seat
Hibernate: 
    alter table if exists booking_seat 
       add constraint FKghvud72h9aud507so3g3vylw4 
       foreign key (show_id) 
       references show
Hibernate: 
    alter table if exists event 
       add constraint FKhuu2qgto4g6ktuf87710bfkuq 
       foreign key (organizer_id) 
       references users
Hibernate: 
    alter table if exists payment 
       add constraint FKqewrl4xrv9eiad6eab3aoja65 
       foreign key (booking_id) 
       references booking
Hibernate: 
    alter table if exists seat 
       add constraint FKkt7mgkoowgxocqf3844m53i8q 
       foreign key (venue_id) 
       references venue
Hibernate: 
    alter table if exists show 
       add constraint FKpalieekuh35uu44ur4ocln5q2 
       foreign key (event_id) 
       references event
Hibernate: 
    alter table if exists show 
       add constraint FK5t2ejtu7770hp1vbwdl6s5u6y 
       foreign key (venue_id) 
       references venue
2026-04-19T22:05:42.666+05:30  INFO 37630 --- [           main] j.LocalContainerEntityManagerFactoryBean : Initialized JPA EntityManagerFactory for persistence unit 'default'
2026-04-19T22:05:42.734+05:30  INFO 37630 --- [           main] o.s.d.j.r.query.QueryEnhancerFactories   : Hibernate is in classpath; If applicable, HQL parser will be used.
2026-04-19T22:05:44.474+05:30  WARN 37630 --- [           main] JpaBaseConfiguration$JpaWebConfiguration : spring.jpa.open-in-view is enabled by default. Therefore, database queries may be performed during view rendering. Explicitly configure spring.jpa.open-in-view to disable this warning
2026-04-19T22:05:44.571+05:30  INFO 37630 --- [           main] r$InitializeUserDetailsManagerConfigurer : Global AuthenticationManager configured with UserDetailsService bean with name customUserDetailsService
2026-04-19T22:05:45.330+05:30  INFO 37630 --- [           main] o.s.b.a.e.web.EndpointLinksResolver      : Exposing 4 endpoints beneath base path '/actuator'
2026-04-19T22:05:45.415+05:30  INFO 37630 --- [           main] o.s.boot.tomcat.TomcatWebServer          : Tomcat started on port 8080 (http) with context path '/'
2026-04-19T22:05:45.427+05:30  INFO 37630 --- [           main] com.bms.BmsApplication                   : Started BmsApplication in 6.796 seconds (process running for 7.152)
2026-04-19T22:05:45.501+05:30  INFO 37630 --- [           main] com.bms.config.DataSeeder                : === Seeding demo data ===
2026-04-19T22:05:45.501+05:30  INFO 37630 --- [           main] com.bms.service.AuthServiceImpl          : Registering user: email=admin@bms.com
Hibernate: 
    insert 
    into
        users
        (created_at, email, name, password, role, updated_at, id) 
    values
        (?, ?, ?, ?, ?, ?, default)
2026-04-19T22:05:45.737+05:30  INFO 37630 --- [           main] com.bms.service.AuthServiceImpl          : User registered: id=1, email=admin@bms.com
2026-04-19T22:05:45.737+05:30  INFO 37630 --- [           main] com.bms.service.AuthServiceImpl          : Registering user: email=alice@example.com
Hibernate: 
    insert 
    into
        users
        (created_at, email, name, password, role, updated_at, id) 
    values
        (?, ?, ?, ?, ?, ?, default)
2026-04-19T22:05:45.870+05:30  INFO 37630 --- [           main] com.bms.service.AuthServiceImpl          : User registered: id=2, email=alice@example.com
2026-04-19T22:05:45.870+05:30  INFO 37630 --- [           main] com.bms.service.AuthServiceImpl          : Registering user: email=bob@example.com
Hibernate: 
    insert 
    into
        users
        (created_at, email, name, password, role, updated_at, id) 
    values
        (?, ?, ?, ?, ?, ?, default)
2026-04-19T22:05:46.003+05:30  INFO 37630 --- [           main] com.bms.service.AuthServiceImpl          : User registered: id=3, email=bob@example.com
2026-04-19T22:05:46.003+05:30  INFO 37630 --- [           main] com.bms.service.AuthServiceImpl          : Registering user: email=clark@bms.com
Hibernate: 
    insert 
    into
        users
        (created_at, email, name, password, role, updated_at, id) 
    values
        (?, ?, ?, ?, ?, ?, default)
2026-04-19T22:05:46.135+05:30  INFO 37630 --- [           main] com.bms.service.AuthServiceImpl          : User registered: id=4, email=clark@bms.com
2026-04-19T22:05:46.136+05:30  INFO 37630 --- [           main] com.bms.service.EventServiceImpl         : Creating event: title=Inception, type=MOVIE
Hibernate: 
    insert 
    into
        event
        (created_at, description, duration_minutes, event_type, image_url, organizer_id, title, updated_at, id) 
    values
        (?, ?, ?, ?, ?, ?, ?, ?, default)
2026-04-19T22:05:46.139+05:30  INFO 37630 --- [           main] com.bms.service.EventServiceImpl         : Event created: id=1, title=Inception
2026-04-19T22:05:46.141+05:30  INFO 37630 --- [           main] com.bms.service.EventServiceImpl         : Creating event: title=Coldplay: Music of the Spheres, type=CONCERT
Hibernate: 
    select
        u1_0.id,
        u1_0.created_at,
        u1_0.email,
        u1_0.name,
        u1_0.password,
        u1_0.role,
        u1_0.updated_at 
    from
        users u1_0 
    where
        u1_0.id=?
Hibernate: 
    insert 
    into
        event
        (created_at, description, duration_minutes, event_type, image_url, organizer_id, title, updated_at, id) 
    values
        (?, ?, ?, ?, ?, ?, ?, ?, default)
2026-04-19T22:05:46.164+05:30  INFO 37630 --- [           main] com.bms.service.EventServiceImpl         : Event created: id=2, title=Coldplay: Music of the Spheres
2026-04-19T22:05:46.165+05:30  INFO 37630 --- [           main] com.bms.service.EventServiceImpl         : Creating event: title=Ed Sheeran: Mathematics Tour, type=CONCERT
Hibernate: 
    select
        u1_0.id,
        u1_0.created_at,
        u1_0.email,
        u1_0.name,
        u1_0.password,
        u1_0.role,
        u1_0.updated_at 
    from
        users u1_0 
    where
        u1_0.id=?
Hibernate: 
    insert 
    into
        event
        (created_at, description, duration_minutes, event_type, image_url, organizer_id, title, updated_at, id) 
    values
        (?, ?, ?, ?, ?, ?, ?, ?, default)
2026-04-19T22:05:46.167+05:30  INFO 37630 --- [           main] com.bms.service.EventServiceImpl         : Event created: id=3, title=Ed Sheeran: Mathematics Tour
2026-04-19T22:05:46.167+05:30  INFO 37630 --- [           main] com.bms.service.EventServiceImpl         : Creating event: title=Dua Lipa: Future Nostalgia, type=CONCERT
Hibernate: 
    select
        u1_0.id,
        u1_0.created_at,
        u1_0.email,
        u1_0.name,
        u1_0.password,
        u1_0.role,
        u1_0.updated_at 
    from
        users u1_0 
    where
        u1_0.id=?
Hibernate: 
    insert 
    into
        event
        (created_at, description, duration_minutes, event_type, image_url, organizer_id, title, updated_at, id) 
    values
        (?, ?, ?, ?, ?, ?, ?, ?, default)
2026-04-19T22:05:46.169+05:30  INFO 37630 --- [           main] com.bms.service.EventServiceImpl         : Event created: id=4, title=Dua Lipa: Future Nostalgia
2026-04-19T22:05:46.170+05:30  INFO 37630 --- [           main] com.bms.service.EventServiceImpl         : Creating event: title=Premier League: Arsenal vs Chelsea, type=SPORT
Hibernate: 
    select
        u1_0.id,
        u1_0.created_at,
        u1_0.email,
        u1_0.name,
        u1_0.password,
        u1_0.role,
        u1_0.updated_at 
    from
        users u1_0 
    where
        u1_0.id=?
Hibernate: 
    insert 
    into
        event
        (created_at, description, duration_minutes, event_type, image_url, organizer_id, title, updated_at, id) 
    values
        (?, ?, ?, ?, ?, ?, ?, ?, default)
2026-04-19T22:05:46.172+05:30  INFO 37630 --- [           main] com.bms.service.EventServiceImpl         : Event created: id=5, title=Premier League: Arsenal vs Chelsea
Hibernate: 
    insert 
    into
        venue
        (created_at, layout_type, location, name, total_capacity, updated_at, id) 
    values
        (?, ?, ?, ?, ?, ?, default)
Hibernate: 
    insert 
    into
        seat
        (created_at, seat_number, seat_row, seat_type, section_name, updated_at, venue_id, id) 
    values
        (?, ?, ?, ?, ?, ?, ?, default)
Hibernate: 
    insert 
    into
        seat
        (created_at, seat_number, seat_row, seat_type, section_name, updated_at, venue_id, id) 
    values
        (?, ?, ?, ?, ?, ?, ?, default)
Hibernate: 
    insert 
    into
        seat
        (created_at, seat_number, seat_row, seat_type, section_name, updated_at, venue_id, id) 
    values
        (?, ?, ?, ?, ?, ?, ?, default)
Hibernate: 
    insert 
    into
        seat
        (created_at, seat_number, seat_row, seat_type, section_name, updated_at, venue_id, id) 
    values
        (?, ?, ?, ?, ?, ?, ?, default)
Hibernate: 
    insert 
    into
        seat
        (created_at, seat_number, seat_row, seat_type, section_name, updated_at, venue_id, id) 
    values
        (?, ?, ?, ?, ?, ?, ?, default)
Hibernate: 
    insert 
    into
        seat
        (created_at, seat_number, seat_row, seat_type, section_name, updated_at, venue_id, id) 
    values
        (?, ?, ?, ?, ?, ?, ?, default)
Hibernate: 
    insert 
    into
        seat
        (created_at, seat_number, seat_row, seat_type, section_name, updated_at, venue_id, id) 
    values
        (?, ?, ?, ?, ?, ?, ?, default)
Hibernate: 
    insert 
    into
        seat
        (created_at, seat_number, seat_row, seat_type, section_name, updated_at, venue_id, id) 
    values
        (?, ?, ?, ?, ?, ?, ?, default)
Hibernate: 
    insert 
    into
        seat
        (created_at, seat_number, seat_row, seat_type, section_name, updated_at, venue_id, id) 
    values
        (?, ?, ?, ?, ?, ?, ?, default)
Hibernate: 
    insert 
    into
        seat
        (created_at, seat_number, seat_row, seat_type, section_name, updated_at, venue_id, id) 
    values
        (?, ?, ?, ?, ?, ?, ?, default)
Hibernate: 
    insert 
    into
        seat
        (created_at, seat_number, seat_row, seat_type, section_name, updated_at, venue_id, id) 
    values
        (?, ?, ?, ?, ?, ?, ?, default)
Hibernate: 
    insert 
    into
        seat
        (created_at, seat_number, seat_row, seat_type, section_name, updated_at, venue_id, id) 
    values
        (?, ?, ?, ?, ?, ?, ?, default)
Hibernate: 
    insert 
    into
        seat
        (created_at, seat_number, seat_row, seat_type, section_name, updated_at, venue_id, id) 
    values
        (?, ?, ?, ?, ?, ?, ?, default)
Hibernate: 
    insert 
    into
        seat
        (created_at, seat_number, seat_row, seat_type, section_name, updated_at, venue_id, id) 
    values
        (?, ?, ?, ?, ?, ?, ?, default)
Hibernate: 
    insert 
    into
        seat
        (created_at, seat_number, seat_row, seat_type, section_name, updated_at, venue_id, id) 
    values
        (?, ?, ?, ?, ?, ?, ?, default)
Hibernate: 
    insert 
    into
        seat
        (created_at, seat_number, seat_row, seat_type, section_name, updated_at, venue_id, id) 
    values
        (?, ?, ?, ?, ?, ?, ?, default)
Hibernate: 
    insert 
    into
        seat
        (created_at, seat_number, seat_row, seat_type, section_name, updated_at, venue_id, id) 
    values
        (?, ?, ?, ?, ?, ?, ?, default)
Hibernate: 
    insert 
    into
        seat
        (created_at, seat_number, seat_row, seat_type, section_name, updated_at, venue_id, id) 
    values
        (?, ?, ?, ?, ?, ?, ?, default)
Hibernate: 
    insert 
    into
        seat
        (created_at, seat_number, seat_row, seat_type, section_name, updated_at, venue_id, id) 
    values
        (?, ?, ?, ?, ?, ?, ?, default)
Hibernate: 
    insert 
    into
        seat
        (created_at, seat_number, seat_row, seat_type, section_name, updated_at, venue_id, id) 
    values
        (?, ?, ?, ?, ?, ?, ?, default)
Hibernate: 
    insert 
    into
        seat
        (created_at, seat_number, seat_row, seat_type, section_name, updated_at, venue_id, id) 
    values
        (?, ?, ?, ?, ?, ?, ?, default)
Hibernate: 
    insert 
    into
        seat
        (created_at, seat_number, seat_row, seat_type, section_name, updated_at, venue_id, id) 
    values
        (?, ?, ?, ?, ?, ?, ?, default)
Hibernate: 
    insert 
    into
        seat
        (created_at, seat_number, seat_row, seat_type, section_name, updated_at, venue_id, id) 
    values
        (?, ?, ?, ?, ?, ?, ?, default)
Hibernate: 
    insert 
    into
        seat
        (created_at, seat_number, seat_row, seat_type, section_name, updated_at, venue_id, id) 
    values
        (?, ?, ?, ?, ?, ?, ?, default)
Hibernate: 
    insert 
    into
        seat
        (created_at, seat_number, seat_row, seat_type, section_name, updated_at, venue_id, id) 
    values
        (?, ?, ?, ?, ?, ?, ?, default)
Hibernate: 
    insert 
    into
        seat
        (created_at, seat_number, seat_row, seat_type, section_name, updated_at, venue_id, id) 
    values
        (?, ?, ?, ?, ?, ?, ?, default)
Hibernate: 
    insert 
    into
        seat
        (created_at, seat_number, seat_row, seat_type, section_name, updated_at, venue_id, id) 
    values
        (?, ?, ?, ?, ?, ?, ?, default)
Hibernate: 
    insert 
    into
        seat
        (created_at, seat_number, seat_row, seat_type, section_name, updated_at, venue_id, id) 
    values
        (?, ?, ?, ?, ?, ?, ?, default)
Hibernate: 
    insert 
    into
        seat
        (created_at, seat_number, seat_row, seat_type, section_name, updated_at, venue_id, id) 
    values
        (?, ?, ?, ?, ?, ?, ?, default)
Hibernate: 
    insert 
    into
        seat
        (created_at, seat_number, seat_row, seat_type, section_name, updated_at, venue_id, id) 
    values
        (?, ?, ?, ?, ?, ?, ?, default)
Hibernate: 
    insert 
    into
        seat
        (created_at, seat_number, seat_row, seat_type, section_name, updated_at, venue_id, id) 
    values
        (?, ?, ?, ?, ?, ?, ?, default)
Hibernate: 
    insert 
    into
        seat
        (created_at, seat_number, seat_row, seat_type, section_name, updated_at, venue_id, id) 
    values
        (?, ?, ?, ?, ?, ?, ?, default)
Hibernate: 
    insert 
    into
        seat
        (created_at, seat_number, seat_row, seat_type, section_name, updated_at, venue_id, id) 
    values
        (?, ?, ?, ?, ?, ?, ?, default)
Hibernate: 
    insert 
    into
        seat
        (created_at, seat_number, seat_row, seat_type, section_name, updated_at, venue_id, id) 
    values
        (?, ?, ?, ?, ?, ?, ?, default)
Hibernate: 
    insert 
    into
        seat
        (created_at, seat_number, seat_row, seat_type, section_name, updated_at, venue_id, id) 
    values
        (?, ?, ?, ?, ?, ?, ?, default)
Hibernate: 
    insert 
    into
        seat
        (created_at, seat_number, seat_row, seat_type, section_name, updated_at, venue_id, id) 
    values
        (?, ?, ?, ?, ?, ?, ?, default)
Hibernate: 
    insert 
    into
        seat
        (created_at, seat_number, seat_row, seat_type, section_name, updated_at, venue_id, id) 
    values
        (?, ?, ?, ?, ?, ?, ?, default)
Hibernate: 
    insert 
    into
        seat
        (created_at, seat_number, seat_row, seat_type, section_name, updated_at, venue_id, id) 
    values
        (?, ?, ?, ?, ?, ?, ?, default)
Hibernate: 
    insert 
    into
        seat
        (created_at, seat_number, seat_row, seat_type, section_name, updated_at, venue_id, id) 
    values
        (?, ?, ?, ?, ?, ?, ?, default)
Hibernate: 
    insert 
    into
        seat
        (created_at, seat_number, seat_row, seat_type, section_name, updated_at, venue_id, id) 
    values
        (?, ?, ?, ?, ?, ?, ?, default)
Hibernate: 
    insert 
    into
        seat
        (created_at, seat_number, seat_row, seat_type, section_name, updated_at, venue_id, id) 
    values
        (?, ?, ?, ?, ?, ?, ?, default)
Hibernate: 
    insert 
    into
        seat
        (created_at, seat_number, seat_row, seat_type, section_name, updated_at, venue_id, id) 
    values
        (?, ?, ?, ?, ?, ?, ?, default)
Hibernate: 
    insert 
    into
        seat
        (created_at, seat_number, seat_row, seat_type, section_name, updated_at, venue_id, id) 
    values
        (?, ?, ?, ?, ?, ?, ?, default)
Hibernate: 
    insert 
    into
        seat
        (created_at, seat_number, seat_row, seat_type, section_name, updated_at, venue_id, id) 
    values
        (?, ?, ?, ?, ?, ?, ?, default)
Hibernate: 
    insert 
    into
        seat
        (created_at, seat_number, seat_row, seat_type, section_name, updated_at, venue_id, id) 
    values
        (?, ?, ?, ?, ?, ?, ?, default)
Hibernate: 
    insert 
    into
        seat
        (created_at, seat_number, seat_row, seat_type, section_name, updated_at, venue_id, id) 
    values
        (?, ?, ?, ?, ?, ?, ?, default)
Hibernate: 
    insert 
    into
        seat
        (created_at, seat_number, seat_row, seat_type, section_name, updated_at, venue_id, id) 
    values
        (?, ?, ?, ?, ?, ?, ?, default)
Hibernate: 
    insert 
    into
        seat
        (created_at, seat_number, seat_row, seat_type, section_name, updated_at, venue_id, id) 
    values
        (?, ?, ?, ?, ?, ?, ?, default)
Hibernate: 
    insert 
    into
        seat
        (created_at, seat_number, seat_row, seat_type, section_name, updated_at, venue_id, id) 
    values
        (?, ?, ?, ?, ?, ?, ?, default)
Hibernate: 
    insert 
    into
        seat
        (created_at, seat_number, seat_row, seat_type, section_name, updated_at, venue_id, id) 
    values
        (?, ?, ?, ?, ?, ?, ?, default)
Hibernate: 
    insert 
    into
        seat
        (created_at, seat_number, seat_row, seat_type, section_name, updated_at, venue_id, id) 
    values
        (?, ?, ?, ?, ?, ?, ?, default)
Hibernate: 
    insert 
    into
        seat
        (created_at, seat_number, seat_row, seat_type, section_name, updated_at, venue_id, id) 
    values
        (?, ?, ?, ?, ?, ?, ?, default)
Hibernate: 
    insert 
    into
        seat
        (created_at, seat_number, seat_row, seat_type, section_name, updated_at, venue_id, id) 
    values
        (?, ?, ?, ?, ?, ?, ?, default)
Hibernate: 
    insert 
    into
        seat
        (created_at, seat_number, seat_row, seat_type, section_name, updated_at, venue_id, id) 
    values
        (?, ?, ?, ?, ?, ?, ?, default)
Hibernate: 
    insert 
    into
        seat
        (created_at, seat_number, seat_row, seat_type, section_name, updated_at, venue_id, id) 
    values
        (?, ?, ?, ?, ?, ?, ?, default)
Hibernate: 
    insert 
    into
        seat
        (created_at, seat_number, seat_row, seat_type, section_name, updated_at, venue_id, id) 
    values
        (?, ?, ?, ?, ?, ?, ?, default)
Hibernate: 
    insert 
    into
        seat
        (created_at, seat_number, seat_row, seat_type, section_name, updated_at, venue_id, id) 
    values
        (?, ?, ?, ?, ?, ?, ?, default)
Hibernate: 
    insert 
    into
        seat
        (created_at, seat_number, seat_row, seat_type, section_name, updated_at, venue_id, id) 
    values
        (?, ?, ?, ?, ?, ?, ?, default)
Hibernate: 
    insert 
    into
        seat
        (created_at, seat_number, seat_row, seat_type, section_name, updated_at, venue_id, id) 
    values
        (?, ?, ?, ?, ?, ?, ?, default)
Hibernate: 
    insert 
    into
        seat
        (created_at, seat_number, seat_row, seat_type, section_name, updated_at, venue_id, id) 
    values
        (?, ?, ?, ?, ?, ?, ?, default)
Hibernate: 
    insert 
    into
        seat
        (created_at, seat_number, seat_row, seat_type, section_name, updated_at, venue_id, id) 
    values
        (?, ?, ?, ?, ?, ?, ?, default)
Hibernate: 
    insert 
    into
        seat
        (created_at, seat_number, seat_row, seat_type, section_name, updated_at, venue_id, id) 
    values
        (?, ?, ?, ?, ?, ?, ?, default)
2026-04-19T22:05:46.273+05:30  INFO 37630 --- [           main] com.bms.service.VenueServiceImpl         : Venue created: id=1, name=IMAX Cinema Hall, layout=THEATRE
Hibernate: 
    insert 
    into
        venue
        (created_at, layout_type, location, name, total_capacity, updated_at, id) 
    values
        (?, ?, ?, ?, ?, ?, default)
Hibernate: 
    insert 
    into
        seat
        (created_at, seat_number, seat_row, seat_type, section_name, updated_at, venue_id, id) 
    values
        (?, ?, ?, ?, ?, ?, ?, default)
Hibernate: 
    insert 
    into
        seat
        (created_at, seat_number, seat_row, seat_type, section_name, updated_at, venue_id, id) 
    values
        (?, ?, ?, ?, ?, ?, ?, default)
Hibernate: 
    insert 
    into
        seat
        (created_at, seat_number, seat_row, seat_type, section_name, updated_at, venue_id, id) 
    values
        (?, ?, ?, ?, ?, ?, ?, default)
Hibernate: 
    insert 
    into
        seat
        (created_at, seat_number, seat_row, seat_type, section_name, updated_at, venue_id, id) 
    values
        (?, ?, ?, ?, ?, ?, ?, default)
Hibernate: 
    insert 
    into
        seat
        (created_at, seat_number, seat_row, seat_type, section_name, updated_at, venue_id, id) 
    values
        (?, ?, ?, ?, ?, ?, ?, default)
Hibernate: 
    insert 
    into
        seat
        (created_at, seat_number, seat_row, seat_type, section_name, updated_at, venue_id, id) 
    values
        (?, ?, ?, ?, ?, ?, ?, default)
Hibernate: 
    insert 
    into
        seat
        (created_at, seat_number, seat_row, seat_type, section_name, updated_at, venue_id, id) 
    values
        (?, ?, ?, ?, ?, ?, ?, default)
Hibernate: 
    insert 
    into
        seat
        (created_at, seat_number, seat_row, seat_type, section_name, updated_at, venue_id, id) 
    values
        (?, ?, ?, ?, ?, ?, ?, default)
Hibernate: 
    insert 
    into
        seat
        (created_at, seat_number, seat_row, seat_type, section_name, updated_at, venue_id, id) 
    values
        (?, ?, ?, ?, ?, ?, ?, default)
Hibernate: 
    insert 
    into
        seat
        (created_at, seat_number, seat_row, seat_type, section_name, updated_at, venue_id, id) 
    values
        (?, ?, ?, ?, ?, ?, ?, default)
Hibernate: 
    insert 
    into
        seat
        (created_at, seat_number, seat_row, seat_type, section_name, updated_at, venue_id, id) 
    values
        (?, ?, ?, ?, ?, ?, ?, default)
Hibernate: 
    insert 
    into
        seat
        (created_at, seat_number, seat_row, seat_type, section_name, updated_at, venue_id, id) 
    values
        (?, ?, ?, ?, ?, ?, ?, default)
Hibernate: 
    insert 
    into
        seat
        (created_at, seat_number, seat_row, seat_type, section_name, updated_at, venue_id, id) 
    values
        (?, ?, ?, ?, ?, ?, ?, default)
Hibernate: 
    insert 
    into
        seat
        (created_at, seat_number, seat_row, seat_type, section_name, updated_at, venue_id, id) 
    values
        (?, ?, ?, ?, ?, ?, ?, default)
Hibernate: 
    insert 
    into
        seat
        (created_at, seat_number, seat_row, seat_type, section_name, updated_at, venue_id, id) 
    values
        (?, ?, ?, ?, ?, ?, ?, default)
Hibernate: 
    insert 
    into
        seat
        (created_at, seat_number, seat_row, seat_type, section_name, updated_at, venue_id, id) 
    values
        (?, ?, ?, ?, ?, ?, ?, default)
Hibernate: 
    insert 
    into
        seat
        (created_at, seat_number, seat_row, seat_type, section_name, updated_at, venue_id, id) 
    values
        (?, ?, ?, ?, ?, ?, ?, default)
Hibernate: 
    insert 
    into
        seat
        (created_at, seat_number, seat_row, seat_type, section_name, updated_at, venue_id, id) 
    values
        (?, ?, ?, ?, ?, ?, ?, default)
Hibernate: 
    insert 
    into
        seat
        (created_at, seat_number, seat_row, seat_type, section_name, updated_at, venue_id, id) 
    values
        (?, ?, ?, ?, ?, ?, ?, default)
Hibernate: 
    insert 
    into
        seat
        (created_at, seat_number, seat_row, seat_type, section_name, updated_at, venue_id, id) 
    values
        (?, ?, ?, ?, ?, ?, ?, default)
Hibernate: 
    insert 
    into
        seat
        (created_at, seat_number, seat_row, seat_type, section_name, updated_at, venue_id, id) 
    values
        (?, ?, ?, ?, ?, ?, ?, default)
Hibernate: 
    insert 
    into
        seat
        (created_at, seat_number, seat_row, seat_type, section_name, updated_at, venue_id, id) 
    values
        (?, ?, ?, ?, ?, ?, ?, default)
Hibernate: 
    insert 
    into
        seat
        (created_at, seat_number, seat_row, seat_type, section_name, updated_at, venue_id, id) 
    values
        (?, ?, ?, ?, ?, ?, ?, default)
Hibernate: 
    insert 
    into
        seat
        (created_at, seat_number, seat_row, seat_type, section_name, updated_at, venue_id, id) 
    values
        (?, ?, ?, ?, ?, ?, ?, default)
Hibernate: 
    insert 
    into
        seat
        (created_at, seat_number, seat_row, seat_type, section_name, updated_at, venue_id, id) 
    values
        (?, ?, ?, ?, ?, ?, ?, default)
Hibernate: 
    insert 
    into
        seat
        (created_at, seat_number, seat_row, seat_type, section_name, updated_at, venue_id, id) 
    values
        (?, ?, ?, ?, ?, ?, ?, default)
Hibernate: 
    insert 
    into
        seat
        (created_at, seat_number, seat_row, seat_type, section_name, updated_at, venue_id, id) 
    values
        (?, ?, ?, ?, ?, ?, ?, default)
Hibernate: 
    insert 
    into
        seat
        (created_at, seat_number, seat_row, seat_type, section_name, updated_at, venue_id, id) 
    values
        (?, ?, ?, ?, ?, ?, ?, default)
Hibernate: 
    insert 
    into
        seat
        (created_at, seat_number, seat_row, seat_type, section_name, updated_at, venue_id, id) 
    values
        (?, ?, ?, ?, ?, ?, ?, default)
Hibernate: 
    insert 
    into
        seat
        (created_at, seat_number, seat_row, seat_type, section_name, updated_at, venue_id, id) 
    values
        (?, ?, ?, ?, ?, ?, ?, default)
Hibernate: 
    insert 
    into
        seat
        (created_at, seat_number, seat_row, seat_type, section_name, updated_at, venue_id, id) 
    values
        (?, ?, ?, ?, ?, ?, ?, default)
Hibernate: 
    insert 
    into
        seat
        (created_at, seat_number, seat_row, seat_type, section_name, updated_at, venue_id, id) 
    values
        (?, ?, ?, ?, ?, ?, ?, default)
Hibernate: 
    insert 
    into
        seat
        (created_at, seat_number, seat_row, seat_type, section_name, updated_at, venue_id, id) 
    values
        (?, ?, ?, ?, ?, ?, ?, default)
Hibernate: 
    insert 
    into
        seat
        (created_at, seat_number, seat_row, seat_type, section_name, updated_at, venue_id, id) 
    values
        (?, ?, ?, ?, ?, ?, ?, default)
Hibernate: 
    insert 
    into
        seat
        (created_at, seat_number, seat_row, seat_type, section_name, updated_at, venue_id, id) 
    values
        (?, ?, ?, ?, ?, ?, ?, default)
Hibernate: 
    insert 
    into
        seat
        (created_at, seat_number, seat_row, seat_type, section_name, updated_at, venue_id, id) 
    values
        (?, ?, ?, ?, ?, ?, ?, default)
Hibernate: 
    insert 
    into
        seat
        (created_at, seat_number, seat_row, seat_type, section_name, updated_at, venue_id, id) 
    values
        (?, ?, ?, ?, ?, ?, ?, default)
Hibernate: 
    insert 
    into
        seat
        (created_at, seat_number, seat_row, seat_type, section_name, updated_at, venue_id, id) 
    values
        (?, ?, ?, ?, ?, ?, ?, default)
Hibernate: 
    insert 
    into
        seat
        (created_at, seat_number, seat_row, seat_type, section_name, updated_at, venue_id, id) 
    values
        (?, ?, ?, ?, ?, ?, ?, default)
Hibernate: 
    insert 
    into
        seat
        (created_at, seat_number, seat_row, seat_type, section_name, updated_at, venue_id, id) 
    values
        (?, ?, ?, ?, ?, ?, ?, default)
Hibernate: 
    insert 
    into
        seat
        (created_at, seat_number, seat_row, seat_type, section_name, updated_at, venue_id, id) 
    values
        (?, ?, ?, ?, ?, ?, ?, default)
Hibernate: 
    insert 
    into
        seat
        (created_at, seat_number, seat_row, seat_type, section_name, updated_at, venue_id, id) 
    values
        (?, ?, ?, ?, ?, ?, ?, default)
Hibernate: 
    insert 
    into
        seat
        (created_at, seat_number, seat_row, seat_type, section_name, updated_at, venue_id, id) 
    values
        (?, ?, ?, ?, ?, ?, ?, default)
Hibernate: 
    insert 
    into
        seat
        (created_at, seat_number, seat_row, seat_type, section_name, updated_at, venue_id, id) 
    values
        (?, ?, ?, ?, ?, ?, ?, default)
Hibernate: 
    insert 
    into
        seat
        (created_at, seat_number, seat_row, seat_type, section_name, updated_at, venue_id, id) 
    values
        (?, ?, ?, ?, ?, ?, ?, default)
Hibernate: 
    insert 
    into
        seat
        (created_at, seat_number, seat_row, seat_type, section_name, updated_at, venue_id, id) 
    values
        (?, ?, ?, ?, ?, ?, ?, default)
Hibernate: 
    insert 
    into
        seat
        (created_at, seat_number, seat_row, seat_type, section_name, updated_at, venue_id, id) 
    values
        (?, ?, ?, ?, ?, ?, ?, default)
Hibernate: 
    insert 
    into
        seat
        (created_at, seat_number, seat_row, seat_type, section_name, updated_at, venue_id, id) 
    values
        (?, ?, ?, ?, ?, ?, ?, default)
Hibernate: 
    insert 
    into
        seat
        (created_at, seat_number, seat_row, seat_type, section_name, updated_at, venue_id, id) 
    values
        (?, ?, ?, ?, ?, ?, ?, default)
Hibernate: 
    insert 
    into
        seat
        (created_at, seat_number, seat_row, seat_type, section_name, updated_at, venue_id, id) 
    values
        (?, ?, ?, ?, ?, ?, ?, default)
Hibernate: 
    insert 
    into
        seat
        (created_at, seat_number, seat_row, seat_type, section_name, updated_at, venue_id, id) 
    values
        (?, ?, ?, ?, ?, ?, ?, default)
Hibernate: 
    insert 
    into
        seat
        (created_at, seat_number, seat_row, seat_type, section_name, updated_at, venue_id, id) 
    values
        (?, ?, ?, ?, ?, ?, ?, default)
Hibernate: 
    insert 
    into
        seat
        (created_at, seat_number, seat_row, seat_type, section_name, updated_at, venue_id, id) 
    values
        (?, ?, ?, ?, ?, ?, ?, default)
Hibernate: 
    insert 
    into
        seat
        (created_at, seat_number, seat_row, seat_type, section_name, updated_at, venue_id, id) 
    values
        (?, ?, ?, ?, ?, ?, ?, default)
Hibernate: 
    insert 
    into
        seat
        (created_at, seat_number, seat_row, seat_type, section_name, updated_at, venue_id, id) 
    values
        (?, ?, ?, ?, ?, ?, ?, default)
Hibernate: 
    insert 
    into
        seat
        (created_at, seat_number, seat_row, seat_type, section_name, updated_at, venue_id, id) 
    values
        (?, ?, ?, ?, ?, ?, ?, default)
Hibernate: 
    insert 
    into
        seat
        (created_at, seat_number, seat_row, seat_type, section_name, updated_at, venue_id, id) 
    values
        (?, ?, ?, ?, ?, ?, ?, default)
Hibernate: 
    insert 
    into
        seat
        (created_at, seat_number, seat_row, seat_type, section_name, updated_at, venue_id, id) 
    values
        (?, ?, ?, ?, ?, ?, ?, default)
Hibernate: 
    insert 
    into
        seat
        (created_at, seat_number, seat_row, seat_type, section_name, updated_at, venue_id, id) 
    values
        (?, ?, ?, ?, ?, ?, ?, default)
Hibernate: 
    insert 
    into
        seat
        (created_at, seat_number, seat_row, seat_type, section_name, updated_at, venue_id, id) 
    values
        (?, ?, ?, ?, ?, ?, ?, default)
Hibernate: 
    insert 
    into
        seat
        (created_at, seat_number, seat_row, seat_type, section_name, updated_at, venue_id, id) 
    values
        (?, ?, ?, ?, ?, ?, ?, default)
Hibernate: 
    insert 
    into
        seat
        (created_at, seat_number, seat_row, seat_type, section_name, updated_at, venue_id, id) 
    values
        (?, ?, ?, ?, ?, ?, ?, default)
Hibernate: 
    insert 
    into
        seat
        (created_at, seat_number, seat_row, seat_type, section_name, updated_at, venue_id, id) 
    values
        (?, ?, ?, ?, ?, ?, ?, default)
Hibernate: 
    insert 
    into
        seat
        (created_at, seat_number, seat_row, seat_type, section_name, updated_at, venue_id, id) 
    values
        (?, ?, ?, ?, ?, ?, ?, default)
Hibernate: 
    insert 
    into
        seat
        (created_at, seat_number, seat_row, seat_type, section_name, updated_at, venue_id, id) 
    values
        (?, ?, ?, ?, ?, ?, ?, default)
Hibernate: 
    insert 
    into
        seat
        (created_at, seat_number, seat_row, seat_type, section_name, updated_at, venue_id, id) 
    values
        (?, ?, ?, ?, ?, ?, ?, default)
Hibernate: 
    insert 
    into
        seat
        (created_at, seat_number, seat_row, seat_type, section_name, updated_at, venue_id, id) 
    values
        (?, ?, ?, ?, ?, ?, ?, default)
Hibernate: 
    insert 
    into
        seat
        (created_at, seat_number, seat_row, seat_type, section_name, updated_at, venue_id, id) 
    values
        (?, ?, ?, ?, ?, ?, ?, default)
Hibernate: 
    insert 
    into
        seat
        (created_at, seat_number, seat_row, seat_type, section_name, updated_at, venue_id, id) 
    values
        (?, ?, ?, ?, ?, ?, ?, default)
Hibernate: 
    insert 
    into
        seat
        (created_at, seat_number, seat_row, seat_type, section_name, updated_at, venue_id, id) 
    values
        (?, ?, ?, ?, ?, ?, ?, default)
Hibernate: 
    insert 
    into
        seat
        (created_at, seat_number, seat_row, seat_type, section_name, updated_at, venue_id, id) 
    values
        (?, ?, ?, ?, ?, ?, ?, default)
Hibernate: 
    insert 
    into
        seat
        (created_at, seat_number, seat_row, seat_type, section_name, updated_at, venue_id, id) 
    values
        (?, ?, ?, ?, ?, ?, ?, default)
Hibernate: 
    insert 
    into
        seat
        (created_at, seat_number, seat_row, seat_type, section_name, updated_at, venue_id, id) 
    values
        (?, ?, ?, ?, ?, ?, ?, default)
Hibernate: 
    insert 
    into
        seat
        (created_at, seat_number, seat_row, seat_type, section_name, updated_at, venue_id, id) 
    values
        (?, ?, ?, ?, ?, ?, ?, default)
Hibernate: 
    insert 
    into
        seat
        (created_at, seat_number, seat_row, seat_type, section_name, updated_at, venue_id, id) 
    values
        (?, ?, ?, ?, ?, ?, ?, default)
Hibernate: 
    insert 
    into
        seat
        (created_at, seat_number, seat_row, seat_type, section_name, updated_at, venue_id, id) 
    values
        (?, ?, ?, ?, ?, ?, ?, default)
Hibernate: 
    insert 
    into
        seat
        (created_at, seat_number, seat_row, seat_type, section_name, updated_at, venue_id, id) 
    values
        (?, ?, ?, ?, ?, ?, ?, default)
Hibernate: 
    insert 
    into
        seat
        (created_at, seat_number, seat_row, seat_type, section_name, updated_at, venue_id, id) 
    values
        (?, ?, ?, ?, ?, ?, ?, default)
Hibernate: 
    insert 
    into
        seat
        (created_at, seat_number, seat_row, seat_type, section_name, updated_at, venue_id, id) 
    values
        (?, ?, ?, ?, ?, ?, ?, default)
Hibernate: 
    insert 
    into
        seat
        (created_at, seat_number, seat_row, seat_type, section_name, updated_at, venue_id, id) 
    values
        (?, ?, ?, ?, ?, ?, ?, default)
Hibernate: 
    insert 
    into
        seat
        (created_at, seat_number, seat_row, seat_type, section_name, updated_at, venue_id, id) 
    values
        (?, ?, ?, ?, ?, ?, ?, default)
Hibernate: 
    insert 
    into
        seat
        (created_at, seat_number, seat_row, seat_type, section_name, updated_at, venue_id, id) 
    values
        (?, ?, ?, ?, ?, ?, ?, default)
Hibernate: 
    insert 
    into
        seat
        (created_at, seat_number, seat_row, seat_type, section_name, updated_at, venue_id, id) 
    values
        (?, ?, ?, ?, ?, ?, ?, default)
Hibernate: 
    insert 
    into
        seat
        (created_at, seat_number, seat_row, seat_type, section_name, updated_at, venue_id, id) 
    values
        (?, ?, ?, ?, ?, ?, ?, default)
Hibernate: 
    insert 
    into
        seat
        (created_at, seat_number, seat_row, seat_type, section_name, updated_at, venue_id, id) 
    values
        (?, ?, ?, ?, ?, ?, ?, default)
Hibernate: 
    insert 
    into
        seat
        (created_at, seat_number, seat_row, seat_type, section_name, updated_at, venue_id, id) 
    values
        (?, ?, ?, ?, ?, ?, ?, default)
Hibernate: 
    insert 
    into
        seat
        (created_at, seat_number, seat_row, seat_type, section_name, updated_at, venue_id, id) 
    values
        (?, ?, ?, ?, ?, ?, ?, default)
Hibernate: 
    insert 
    into
        seat
        (created_at, seat_number, seat_row, seat_type, section_name, updated_at, venue_id, id) 
    values
        (?, ?, ?, ?, ?, ?, ?, default)
Hibernate: 
    insert 
    into
        seat
        (created_at, seat_number, seat_row, seat_type, section_name, updated_at, venue_id, id) 
    values
        (?, ?, ?, ?, ?, ?, ?, default)
Hibernate: 
    insert 
    into
        seat
        (created_at, seat_number, seat_row, seat_type, section_name, updated_at, venue_id, id) 
    values
        (?, ?, ?, ?, ?, ?, ?, default)
Hibernate: 
    insert 
    into
        seat
        (created_at, seat_number, seat_row, seat_type, section_name, updated_at, venue_id, id) 
    values
        (?, ?, ?, ?, ?, ?, ?, default)
Hibernate: 
    insert 
    into
        seat
        (created_at, seat_number, seat_row, seat_type, section_name, updated_at, venue_id, id) 
    values
        (?, ?, ?, ?, ?, ?, ?, default)
Hibernate: 
    insert 
    into
        seat
        (created_at, seat_number, seat_row, seat_type, section_name, updated_at, venue_id, id) 
    values
        (?, ?, ?, ?, ?, ?, ?, default)
Hibernate: 
    insert 
    into
        seat
        (created_at, seat_number, seat_row, seat_type, section_name, updated_at, venue_id, id) 
    values
        (?, ?, ?, ?, ?, ?, ?, default)
Hibernate: 
    insert 
    into
        seat
        (created_at, seat_number, seat_row, seat_type, section_name, updated_at, venue_id, id) 
    values
        (?, ?, ?, ?, ?, ?, ?, default)
Hibernate: 
    insert 
    into
        seat
        (created_at, seat_number, seat_row, seat_type, section_name, updated_at, venue_id, id) 
    values
        (?, ?, ?, ?, ?, ?, ?, default)
Hibernate: 
    insert 
    into
        seat
        (created_at, seat_number, seat_row, seat_type, section_name, updated_at, venue_id, id) 
    values
        (?, ?, ?, ?, ?, ?, ?, default)
Hibernate: 
    insert 
    into
        seat
        (created_at, seat_number, seat_row, seat_type, section_name, updated_at, venue_id, id) 
    values
        (?, ?, ?, ?, ?, ?, ?, default)
Hibernate: 
    insert 
    into
        seat
        (created_at, seat_number, seat_row, seat_type, section_name, updated_at, venue_id, id) 
    values
        (?, ?, ?, ?, ?, ?, ?, default)
Hibernate: 
    insert 
    into
        seat
        (created_at, seat_number, seat_row, seat_type, section_name, updated_at, venue_id, id) 
    values
        (?, ?, ?, ?, ?, ?, ?, default)
Hibernate: 
    insert 
    into
        seat
        (created_at, seat_number, seat_row, seat_type, section_name, updated_at, venue_id, id) 
    values
        (?, ?, ?, ?, ?, ?, ?, default)
Hibernate: 
    insert 
    into
        seat
        (created_at, seat_number, seat_row, seat_type, section_name, updated_at, venue_id, id) 
    values
        (?, ?, ?, ?, ?, ?, ?, default)
Hibernate: 
    insert 
    into
        seat
        (created_at, seat_number, seat_row, seat_type, section_name, updated_at, venue_id, id) 
    values
        (?, ?, ?, ?, ?, ?, ?, default)
Hibernate: 
    insert 
    into
        seat
        (created_at, seat_number, seat_row, seat_type, section_name, updated_at, venue_id, id) 
    values
        (?, ?, ?, ?, ?, ?, ?, default)
Hibernate: 
    insert 
    into
        seat
        (created_at, seat_number, seat_row, seat_type, section_name, updated_at, venue_id, id) 
    values
        (?, ?, ?, ?, ?, ?, ?, default)
Hibernate: 
    insert 
    into
        seat
        (created_at, seat_number, seat_row, seat_type, section_name, updated_at, venue_id, id) 
    values
        (?, ?, ?, ?, ?, ?, ?, default)
Hibernate: 
    insert 
    into
        seat
        (created_at, seat_number, seat_row, seat_type, section_name, updated_at, venue_id, id) 
    values
        (?, ?, ?, ?, ?, ?, ?, default)
Hibernate: 
    insert 
    into
        seat
        (created_at, seat_number, seat_row, seat_type, section_name, updated_at, venue_id, id) 
    values
        (?, ?, ?, ?, ?, ?, ?, default)
Hibernate: 
    insert 
    into
        seat
        (created_at, seat_number, seat_row, seat_type, section_name, updated_at, venue_id, id) 
    values
        (?, ?, ?, ?, ?, ?, ?, default)
Hibernate: 
    insert 
    into
        seat
        (created_at, seat_number, seat_row, seat_type, section_name, updated_at, venue_id, id) 
    values
        (?, ?, ?, ?, ?, ?, ?, default)
Hibernate: 
    insert 
    into
        seat
        (created_at, seat_number, seat_row, seat_type, section_name, updated_at, venue_id, id) 
    values
        (?, ?, ?, ?, ?, ?, ?, default)
Hibernate: 
    insert 
    into
        seat
        (created_at, seat_number, seat_row, seat_type, section_name, updated_at, venue_id, id) 
    values
        (?, ?, ?, ?, ?, ?, ?, default)
Hibernate: 
    insert 
    into
        seat
        (created_at, seat_number, seat_row, seat_type, section_name, updated_at, venue_id, id) 
    values
        (?, ?, ?, ?, ?, ?, ?, default)
Hibernate: 
    insert 
    into
        seat
        (created_at, seat_number, seat_row, seat_type, section_name, updated_at, venue_id, id) 
    values
        (?, ?, ?, ?, ?, ?, ?, default)
Hibernate: 
    insert 
    into
        seat
        (created_at, seat_number, seat_row, seat_type, section_name, updated_at, venue_id, id) 
    values
        (?, ?, ?, ?, ?, ?, ?, default)
Hibernate: 
    insert 
    into
        seat
        (created_at, seat_number, seat_row, seat_type, section_name, updated_at, venue_id, id) 
    values
        (?, ?, ?, ?, ?, ?, ?, default)
Hibernate: 
    insert 
    into
        seat
        (created_at, seat_number, seat_row, seat_type, section_name, updated_at, venue_id, id) 
    values
        (?, ?, ?, ?, ?, ?, ?, default)
Hibernate: 
    insert 
    into
        seat
        (created_at, seat_number, seat_row, seat_type, section_name, updated_at, venue_id, id) 
    values
        (?, ?, ?, ?, ?, ?, ?, default)
Hibernate: 
    insert 
    into
        seat
        (created_at, seat_number, seat_row, seat_type, section_name, updated_at, venue_id, id) 
    values
        (?, ?, ?, ?, ?, ?, ?, default)
Hibernate: 
    insert 
    into
        seat
        (created_at, seat_number, seat_row, seat_type, section_name, updated_at, venue_id, id) 
    values
        (?, ?, ?, ?, ?, ?, ?, default)
Hibernate: 
    insert 
    into
        seat
        (created_at, seat_number, seat_row, seat_type, section_name, updated_at, venue_id, id) 
    values
        (?, ?, ?, ?, ?, ?, ?, default)
Hibernate: 
    insert 
    into
        seat
        (created_at, seat_number, seat_row, seat_type, section_name, updated_at, venue_id, id) 
    values
        (?, ?, ?, ?, ?, ?, ?, default)
Hibernate: 
    insert 
    into
        seat
        (created_at, seat_number, seat_row, seat_type, section_name, updated_at, venue_id, id) 
    values
        (?, ?, ?, ?, ?, ?, ?, default)
Hibernate: 
    insert 
    into
        seat
        (created_at, seat_number, seat_row, seat_type, section_name, updated_at, venue_id, id) 
    values
        (?, ?, ?, ?, ?, ?, ?, default)
Hibernate: 
    insert 
    into
        seat
        (created_at, seat_number, seat_row, seat_type, section_name, updated_at, venue_id, id) 
    values
        (?, ?, ?, ?, ?, ?, ?, default)
Hibernate: 
    insert 
    into
        seat
        (created_at, seat_number, seat_row, seat_type, section_name, updated_at, venue_id, id) 
    values
        (?, ?, ?, ?, ?, ?, ?, default)
Hibernate: 
    insert 
    into
        seat
        (created_at, seat_number, seat_row, seat_type, section_name, updated_at, venue_id, id) 
    values
        (?, ?, ?, ?, ?, ?, ?, default)
Hibernate: 
    insert 
    into
        seat
        (created_at, seat_number, seat_row, seat_type, section_name, updated_at, venue_id, id) 
    values
        (?, ?, ?, ?, ?, ?, ?, default)
Hibernate: 
    insert 
    into
        seat
        (created_at, seat_number, seat_row, seat_type, section_name, updated_at, venue_id, id) 
    values
        (?, ?, ?, ?, ?, ?, ?, default)
Hibernate: 
    insert 
    into
        seat
        (created_at, seat_number, seat_row, seat_type, section_name, updated_at, venue_id, id) 
    values
        (?, ?, ?, ?, ?, ?, ?, default)
Hibernate: 
    insert 
    into
        seat
        (created_at, seat_number, seat_row, seat_type, section_name, updated_at, venue_id, id) 
    values
        (?, ?, ?, ?, ?, ?, ?, default)
Hibernate: 
    insert 
    into
        seat
        (created_at, seat_number, seat_row, seat_type, section_name, updated_at, venue_id, id) 
    values
        (?, ?, ?, ?, ?, ?, ?, default)
Hibernate: 
    insert 
    into
        seat
        (created_at, seat_number, seat_row, seat_type, section_name, updated_at, venue_id, id) 
    values
        (?, ?, ?, ?, ?, ?, ?, default)
Hibernate: 
    insert 
    into
        seat
        (created_at, seat_number, seat_row, seat_type, section_name, updated_at, venue_id, id) 
    values
        (?, ?, ?, ?, ?, ?, ?, default)
Hibernate: 
    insert 
    into
        seat
        (created_at, seat_number, seat_row, seat_type, section_name, updated_at, venue_id, id) 
    values
        (?, ?, ?, ?, ?, ?, ?, default)
Hibernate: 
    insert 
    into
        seat
        (created_at, seat_number, seat_row, seat_type, section_name, updated_at, venue_id, id) 
    values
        (?, ?, ?, ?, ?, ?, ?, default)
Hibernate: 
    insert 
    into
        seat
        (created_at, seat_number, seat_row, seat_type, section_name, updated_at, venue_id, id) 
    values
        (?, ?, ?, ?, ?, ?, ?, default)
Hibernate: 
    insert 
    into
        seat
        (created_at, seat_number, seat_row, seat_type, section_name, updated_at, venue_id, id) 
    values
        (?, ?, ?, ?, ?, ?, ?, default)
Hibernate: 
    insert 
    into
        seat
        (created_at, seat_number, seat_row, seat_type, section_name, updated_at, venue_id, id) 
    values
        (?, ?, ?, ?, ?, ?, ?, default)
Hibernate: 
    insert 
    into
        seat
        (created_at, seat_number, seat_row, seat_type, section_name, updated_at, venue_id, id) 
    values
        (?, ?, ?, ?, ?, ?, ?, default)
2026-04-19T22:05:46.517+05:30  INFO 37630 --- [           main] com.bms.service.VenueServiceImpl         : Venue created: id=2, name=City Music Arena, layout=CONCERT_ARENA
Hibernate: 
    insert 
    into
        venue
        (created_at, layout_type, location, name, total_capacity, updated_at, id) 
    values
        (?, ?, ?, ?, ?, ?, default)
Hibernate: 
    insert 
    into
        seat
        (created_at, seat_number, seat_row, seat_type, section_name, updated_at, venue_id, id) 
    values
        (?, ?, ?, ?, ?, ?, ?, default)
Hibernate: 
    insert 
    into
        seat
        (created_at, seat_number, seat_row, seat_type, section_name, updated_at, venue_id, id) 
    values
        (?, ?, ?, ?, ?, ?, ?, default)
Hibernate: 
    insert 
    into
        seat
        (created_at, seat_number, seat_row, seat_type, section_name, updated_at, venue_id, id) 
    values
        (?, ?, ?, ?, ?, ?, ?, default)
Hibernate: 
    insert 
    into
        seat
        (created_at, seat_number, seat_row, seat_type, section_name, updated_at, venue_id, id) 
    values
        (?, ?, ?, ?, ?, ?, ?, default)
Hibernate: 
    insert 
    into
        seat
        (created_at, seat_number, seat_row, seat_type, section_name, updated_at, venue_id, id) 
    values
        (?, ?, ?, ?, ?, ?, ?, default)
Hibernate: 
    insert 
    into
        seat
        (created_at, seat_number, seat_row, seat_type, section_name, updated_at, venue_id, id) 
    values
        (?, ?, ?, ?, ?, ?, ?, default)
Hibernate: 
    insert 
    into
        seat
        (created_at, seat_number, seat_row, seat_type, section_name, updated_at, venue_id, id) 
    values
        (?, ?, ?, ?, ?, ?, ?, default)
Hibernate: 
    insert 
    into
        seat
        (created_at, seat_number, seat_row, seat_type, section_name, updated_at, venue_id, id) 
    values
        (?, ?, ?, ?, ?, ?, ?, default)
Hibernate: 
    insert 
    into
        seat
        (created_at, seat_number, seat_row, seat_type, section_name, updated_at, venue_id, id) 
    values
        (?, ?, ?, ?, ?, ?, ?, default)
Hibernate: 
    insert 
    into
        seat
        (created_at, seat_number, seat_row, seat_type, section_name, updated_at, venue_id, id) 
    values
        (?, ?, ?, ?, ?, ?, ?, default)
Hibernate: 
    insert 
    into
        seat
        (created_at, seat_number, seat_row, seat_type, section_name, updated_at, venue_id, id) 
    values
        (?, ?, ?, ?, ?, ?, ?, default)
Hibernate: 
    insert 
    into
        seat
        (created_at, seat_number, seat_row, seat_type, section_name, updated_at, venue_id, id) 
    values
        (?, ?, ?, ?, ?, ?, ?, default)
Hibernate: 
    insert 
    into
        seat
        (created_at, seat_number, seat_row, seat_type, section_name, updated_at, venue_id, id) 
    values
        (?, ?, ?, ?, ?, ?, ?, default)
Hibernate: 
    insert 
    into
        seat
        (created_at, seat_number, seat_row, seat_type, section_name, updated_at, venue_id, id) 
    values
        (?, ?, ?, ?, ?, ?, ?, default)
Hibernate: 
    insert 
    into
        seat
        (created_at, seat_number, seat_row, seat_type, section_name, updated_at, venue_id, id) 
    values
        (?, ?, ?, ?, ?, ?, ?, default)
Hibernate: 
    insert 
    into
        seat
        (created_at, seat_number, seat_row, seat_type, section_name, updated_at, venue_id, id) 
    values
        (?, ?, ?, ?, ?, ?, ?, default)
Hibernate: 
    insert 
    into
        seat
        (created_at, seat_number, seat_row, seat_type, section_name, updated_at, venue_id, id) 
    values
        (?, ?, ?, ?, ?, ?, ?, default)
Hibernate: 
    insert 
    into
        seat
        (created_at, seat_number, seat_row, seat_type, section_name, updated_at, venue_id, id) 
    values
        (?, ?, ?, ?, ?, ?, ?, default)
Hibernate: 
    insert 
    into
        seat
        (created_at, seat_number, seat_row, seat_type, section_name, updated_at, venue_id, id) 
    values
        (?, ?, ?, ?, ?, ?, ?, default)
Hibernate: 
    insert 
    into
        seat
        (created_at, seat_number, seat_row, seat_type, section_name, updated_at, venue_id, id) 
    values
        (?, ?, ?, ?, ?, ?, ?, default)
Hibernate: 
    insert 
    into
        seat
        (created_at, seat_number, seat_row, seat_type, section_name, updated_at, venue_id, id) 
    values
        (?, ?, ?, ?, ?, ?, ?, default)
Hibernate: 
    insert 
    into
        seat
        (created_at, seat_number, seat_row, seat_type, section_name, updated_at, venue_id, id) 
    values
        (?, ?, ?, ?, ?, ?, ?, default)
Hibernate: 
    insert 
    into
        seat
        (created_at, seat_number, seat_row, seat_type, section_name, updated_at, venue_id, id) 
    values
        (?, ?, ?, ?, ?, ?, ?, default)
Hibernate: 
    insert 
    into
        seat
        (created_at, seat_number, seat_row, seat_type, section_name, updated_at, venue_id, id) 
    values
        (?, ?, ?, ?, ?, ?, ?, default)
Hibernate: 
    insert 
    into
        seat
        (created_at, seat_number, seat_row, seat_type, section_name, updated_at, venue_id, id) 
    values
        (?, ?, ?, ?, ?, ?, ?, default)
Hibernate: 
    insert 
    into
        seat
        (created_at, seat_number, seat_row, seat_type, section_name, updated_at, venue_id, id) 
    values
        (?, ?, ?, ?, ?, ?, ?, default)
Hibernate: 
    insert 
    into
        seat
        (created_at, seat_number, seat_row, seat_type, section_name, updated_at, venue_id, id) 
    values
        (?, ?, ?, ?, ?, ?, ?, default)
Hibernate: 
    insert 
    into
        seat
        (created_at, seat_number, seat_row, seat_type, section_name, updated_at, venue_id, id) 
    values
        (?, ?, ?, ?, ?, ?, ?, default)
Hibernate: 
    insert 
    into
        seat
        (created_at, seat_number, seat_row, seat_type, section_name, updated_at, venue_id, id) 
    values
        (?, ?, ?, ?, ?, ?, ?, default)
Hibernate: 
    insert 
    into
        seat
        (created_at, seat_number, seat_row, seat_type, section_name, updated_at, venue_id, id) 
    values
        (?, ?, ?, ?, ?, ?, ?, default)
Hibernate: 
    insert 
    into
        seat
        (created_at, seat_number, seat_row, seat_type, section_name, updated_at, venue_id, id) 
    values
        (?, ?, ?, ?, ?, ?, ?, default)
Hibernate: 
    insert 
    into
        seat
        (created_at, seat_number, seat_row, seat_type, section_name, updated_at, venue_id, id) 
    values
        (?, ?, ?, ?, ?, ?, ?, default)
Hibernate: 
    insert 
    into
        seat
        (created_at, seat_number, seat_row, seat_type, section_name, updated_at, venue_id, id) 
    values
        (?, ?, ?, ?, ?, ?, ?, default)
Hibernate: 
    insert 
    into
        seat
        (created_at, seat_number, seat_row, seat_type, section_name, updated_at, venue_id, id) 
    values
        (?, ?, ?, ?, ?, ?, ?, default)
Hibernate: 
    insert 
    into
        seat
        (created_at, seat_number, seat_row, seat_type, section_name, updated_at, venue_id, id) 
    values
        (?, ?, ?, ?, ?, ?, ?, default)
Hibernate: 
    insert 
    into
        seat
        (created_at, seat_number, seat_row, seat_type, section_name, updated_at, venue_id, id) 
    values
        (?, ?, ?, ?, ?, ?, ?, default)
Hibernate: 
    insert 
    into
        seat
        (created_at, seat_number, seat_row, seat_type, section_name, updated_at, venue_id, id) 
    values
        (?, ?, ?, ?, ?, ?, ?, default)
Hibernate: 
    insert 
    into
        seat
        (created_at, seat_number, seat_row, seat_type, section_name, updated_at, venue_id, id) 
    values
        (?, ?, ?, ?, ?, ?, ?, default)
Hibernate: 
    insert 
    into
        seat
        (created_at, seat_number, seat_row, seat_type, section_name, updated_at, venue_id, id) 
    values
        (?, ?, ?, ?, ?, ?, ?, default)
Hibernate: 
    insert 
    into
        seat
        (created_at, seat_number, seat_row, seat_type, section_name, updated_at, venue_id, id) 
    values
        (?, ?, ?, ?, ?, ?, ?, default)
Hibernate: 
    insert 
    into
        seat
        (created_at, seat_number, seat_row, seat_type, section_name, updated_at, venue_id, id) 
    values
        (?, ?, ?, ?, ?, ?, ?, default)
Hibernate: 
    insert 
    into
        seat
        (created_at, seat_number, seat_row, seat_type, section_name, updated_at, venue_id, id) 
    values
        (?, ?, ?, ?, ?, ?, ?, default)
Hibernate: 
    insert 
    into
        seat
        (created_at, seat_number, seat_row, seat_type, section_name, updated_at, venue_id, id) 
    values
        (?, ?, ?, ?, ?, ?, ?, default)
Hibernate: 
    insert 
    into
        seat
        (created_at, seat_number, seat_row, seat_type, section_name, updated_at, venue_id, id) 
    values
        (?, ?, ?, ?, ?, ?, ?, default)
Hibernate: 
    insert 
    into
        seat
        (created_at, seat_number, seat_row, seat_type, section_name, updated_at, venue_id, id) 
    values
        (?, ?, ?, ?, ?, ?, ?, default)
Hibernate: 
    insert 
    into
        seat
        (created_at, seat_number, seat_row, seat_type, section_name, updated_at, venue_id, id) 
    values
        (?, ?, ?, ?, ?, ?, ?, default)
Hibernate: 
    insert 
    into
        seat
        (created_at, seat_number, seat_row, seat_type, section_name, updated_at, venue_id, id) 
    values
        (?, ?, ?, ?, ?, ?, ?, default)
Hibernate: 
    insert 
    into
        seat
        (created_at, seat_number, seat_row, seat_type, section_name, updated_at, venue_id, id) 
    values
        (?, ?, ?, ?, ?, ?, ?, default)
Hibernate: 
    insert 
    into
        seat
        (created_at, seat_number, seat_row, seat_type, section_name, updated_at, venue_id, id) 
    values
        (?, ?, ?, ?, ?, ?, ?, default)
Hibernate: 
    insert 
    into
        seat
        (created_at, seat_number, seat_row, seat_type, section_name, updated_at, venue_id, id) 
    values
        (?, ?, ?, ?, ?, ?, ?, default)
Hibernate: 
    insert 
    into
        seat
        (created_at, seat_number, seat_row, seat_type, section_name, updated_at, venue_id, id) 
    values
        (?, ?, ?, ?, ?, ?, ?, default)
Hibernate: 
    insert 
    into
        seat
        (created_at, seat_number, seat_row, seat_type, section_name, updated_at, venue_id, id) 
    values
        (?, ?, ?, ?, ?, ?, ?, default)
Hibernate: 
    insert 
    into
        seat
        (created_at, seat_number, seat_row, seat_type, section_name, updated_at, venue_id, id) 
    values
        (?, ?, ?, ?, ?, ?, ?, default)
Hibernate: 
    insert 
    into
        seat
        (created_at, seat_number, seat_row, seat_type, section_name, updated_at, venue_id, id) 
    values
        (?, ?, ?, ?, ?, ?, ?, default)
Hibernate: 
    insert 
    into
        seat
        (created_at, seat_number, seat_row, seat_type, section_name, updated_at, venue_id, id) 
    values
        (?, ?, ?, ?, ?, ?, ?, default)
Hibernate: 
    insert 
    into
        seat
        (created_at, seat_number, seat_row, seat_type, section_name, updated_at, venue_id, id) 
    values
        (?, ?, ?, ?, ?, ?, ?, default)
Hibernate: 
    insert 
    into
        seat
        (created_at, seat_number, seat_row, seat_type, section_name, updated_at, venue_id, id) 
    values
        (?, ?, ?, ?, ?, ?, ?, default)
Hibernate: 
    insert 
    into
        seat
        (created_at, seat_number, seat_row, seat_type, section_name, updated_at, venue_id, id) 
    values
        (?, ?, ?, ?, ?, ?, ?, default)
Hibernate: 
    insert 
    into
        seat
        (created_at, seat_number, seat_row, seat_type, section_name, updated_at, venue_id, id) 
    values
        (?, ?, ?, ?, ?, ?, ?, default)
Hibernate: 
    insert 
    into
        seat
        (created_at, seat_number, seat_row, seat_type, section_name, updated_at, venue_id, id) 
    values
        (?, ?, ?, ?, ?, ?, ?, default)
Hibernate: 
    insert 
    into
        seat
        (created_at, seat_number, seat_row, seat_type, section_name, updated_at, venue_id, id) 
    values
        (?, ?, ?, ?, ?, ?, ?, default)
Hibernate: 
    insert 
    into
        seat
        (created_at, seat_number, seat_row, seat_type, section_name, updated_at, venue_id, id) 
    values
        (?, ?, ?, ?, ?, ?, ?, default)
Hibernate: 
    insert 
    into
        seat
        (created_at, seat_number, seat_row, seat_type, section_name, updated_at, venue_id, id) 
    values
        (?, ?, ?, ?, ?, ?, ?, default)
Hibernate: 
    insert 
    into
        seat
        (created_at, seat_number, seat_row, seat_type, section_name, updated_at, venue_id, id) 
    values
        (?, ?, ?, ?, ?, ?, ?, default)
Hibernate: 
    insert 
    into
        seat
        (created_at, seat_number, seat_row, seat_type, section_name, updated_at, venue_id, id) 
    values
        (?, ?, ?, ?, ?, ?, ?, default)
Hibernate: 
    insert 
    into
        seat
        (created_at, seat_number, seat_row, seat_type, section_name, updated_at, venue_id, id) 
    values
        (?, ?, ?, ?, ?, ?, ?, default)
Hibernate: 
    insert 
    into
        seat
        (created_at, seat_number, seat_row, seat_type, section_name, updated_at, venue_id, id) 
    values
        (?, ?, ?, ?, ?, ?, ?, default)
Hibernate: 
    insert 
    into
        seat
        (created_at, seat_number, seat_row, seat_type, section_name, updated_at, venue_id, id) 
    values
        (?, ?, ?, ?, ?, ?, ?, default)
Hibernate: 
    insert 
    into
        seat
        (created_at, seat_number, seat_row, seat_type, section_name, updated_at, venue_id, id) 
    values
        (?, ?, ?, ?, ?, ?, ?, default)
Hibernate: 
    insert 
    into
        seat
        (created_at, seat_number, seat_row, seat_type, section_name, updated_at, venue_id, id) 
    values
        (?, ?, ?, ?, ?, ?, ?, default)
Hibernate: 
    insert 
    into
        seat
        (created_at, seat_number, seat_row, seat_type, section_name, updated_at, venue_id, id) 
    values
        (?, ?, ?, ?, ?, ?, ?, default)
Hibernate: 
    insert 
    into
        seat
        (created_at, seat_number, seat_row, seat_type, section_name, updated_at, venue_id, id) 
    values
        (?, ?, ?, ?, ?, ?, ?, default)
Hibernate: 
    insert 
    into
        seat
        (created_at, seat_number, seat_row, seat_type, section_name, updated_at, venue_id, id) 
    values
        (?, ?, ?, ?, ?, ?, ?, default)
Hibernate: 
    insert 
    into
        seat
        (created_at, seat_number, seat_row, seat_type, section_name, updated_at, venue_id, id) 
    values
        (?, ?, ?, ?, ?, ?, ?, default)
Hibernate: 
    insert 
    into
        seat
        (created_at, seat_number, seat_row, seat_type, section_name, updated_at, venue_id, id) 
    values
        (?, ?, ?, ?, ?, ?, ?, default)
Hibernate: 
    insert 
    into
        seat
        (created_at, seat_number, seat_row, seat_type, section_name, updated_at, venue_id, id) 
    values
        (?, ?, ?, ?, ?, ?, ?, default)
Hibernate: 
    insert 
    into
        seat
        (created_at, seat_number, seat_row, seat_type, section_name, updated_at, venue_id, id) 
    values
        (?, ?, ?, ?, ?, ?, ?, default)
Hibernate: 
    insert 
    into
        seat
        (created_at, seat_number, seat_row, seat_type, section_name, updated_at, venue_id, id) 
    values
        (?, ?, ?, ?, ?, ?, ?, default)
Hibernate: 
    insert 
    into
        seat
        (created_at, seat_number, seat_row, seat_type, section_name, updated_at, venue_id, id) 
    values
        (?, ?, ?, ?, ?, ?, ?, default)
Hibernate: 
    insert 
    into
        seat
        (created_at, seat_number, seat_row, seat_type, section_name, updated_at, venue_id, id) 
    values
        (?, ?, ?, ?, ?, ?, ?, default)
Hibernate: 
    insert 
    into
        seat
        (created_at, seat_number, seat_row, seat_type, section_name, updated_at, venue_id, id) 
    values
        (?, ?, ?, ?, ?, ?, ?, default)
Hibernate: 
    insert 
    into
        seat
        (created_at, seat_number, seat_row, seat_type, section_name, updated_at, venue_id, id) 
    values
        (?, ?, ?, ?, ?, ?, ?, default)
Hibernate: 
    insert 
    into
        seat
        (created_at, seat_number, seat_row, seat_type, section_name, updated_at, venue_id, id) 
    values
        (?, ?, ?, ?, ?, ?, ?, default)
Hibernate: 
    insert 
    into
        seat
        (created_at, seat_number, seat_row, seat_type, section_name, updated_at, venue_id, id) 
    values
        (?, ?, ?, ?, ?, ?, ?, default)
Hibernate: 
    insert 
    into
        seat
        (created_at, seat_number, seat_row, seat_type, section_name, updated_at, venue_id, id) 
    values
        (?, ?, ?, ?, ?, ?, ?, default)
Hibernate: 
    insert 
    into
        seat
        (created_at, seat_number, seat_row, seat_type, section_name, updated_at, venue_id, id) 
    values
        (?, ?, ?, ?, ?, ?, ?, default)
Hibernate: 
    insert 
    into
        seat
        (created_at, seat_number, seat_row, seat_type, section_name, updated_at, venue_id, id) 
    values
        (?, ?, ?, ?, ?, ?, ?, default)
Hibernate: 
    insert 
    into
        seat
        (created_at, seat_number, seat_row, seat_type, section_name, updated_at, venue_id, id) 
    values
        (?, ?, ?, ?, ?, ?, ?, default)
Hibernate: 
    insert 
    into
        seat
        (created_at, seat_number, seat_row, seat_type, section_name, updated_at, venue_id, id) 
    values
        (?, ?, ?, ?, ?, ?, ?, default)
Hibernate: 
    insert 
    into
        seat
        (created_at, seat_number, seat_row, seat_type, section_name, updated_at, venue_id, id) 
    values
        (?, ?, ?, ?, ?, ?, ?, default)
Hibernate: 
    insert 
    into
        seat
        (created_at, seat_number, seat_row, seat_type, section_name, updated_at, venue_id, id) 
    values
        (?, ?, ?, ?, ?, ?, ?, default)
Hibernate: 
    insert 
    into
        seat
        (created_at, seat_number, seat_row, seat_type, section_name, updated_at, venue_id, id) 
    values
        (?, ?, ?, ?, ?, ?, ?, default)
Hibernate: 
    insert 
    into
        seat
        (created_at, seat_number, seat_row, seat_type, section_name, updated_at, venue_id, id) 
    values
        (?, ?, ?, ?, ?, ?, ?, default)
Hibernate: 
    insert 
    into
        seat
        (created_at, seat_number, seat_row, seat_type, section_name, updated_at, venue_id, id) 
    values
        (?, ?, ?, ?, ?, ?, ?, default)
Hibernate: 
    insert 
    into
        seat
        (created_at, seat_number, seat_row, seat_type, section_name, updated_at, venue_id, id) 
    values
        (?, ?, ?, ?, ?, ?, ?, default)
Hibernate: 
    insert 
    into
        seat
        (created_at, seat_number, seat_row, seat_type, section_name, updated_at, venue_id, id) 
    values
        (?, ?, ?, ?, ?, ?, ?, default)
Hibernate: 
    insert 
    into
        seat
        (created_at, seat_number, seat_row, seat_type, section_name, updated_at, venue_id, id) 
    values
        (?, ?, ?, ?, ?, ?, ?, default)
Hibernate: 
    insert 
    into
        seat
        (created_at, seat_number, seat_row, seat_type, section_name, updated_at, venue_id, id) 
    values
        (?, ?, ?, ?, ?, ?, ?, default)
Hibernate: 
    insert 
    into
        seat
        (created_at, seat_number, seat_row, seat_type, section_name, updated_at, venue_id, id) 
    values
        (?, ?, ?, ?, ?, ?, ?, default)
Hibernate: 
    insert 
    into
        seat
        (created_at, seat_number, seat_row, seat_type, section_name, updated_at, venue_id, id) 
    values
        (?, ?, ?, ?, ?, ?, ?, default)
Hibernate: 
    insert 
    into
        seat
        (created_at, seat_number, seat_row, seat_type, section_name, updated_at, venue_id, id) 
    values
        (?, ?, ?, ?, ?, ?, ?, default)
Hibernate: 
    insert 
    into
        seat
        (created_at, seat_number, seat_row, seat_type, section_name, updated_at, venue_id, id) 
    values
        (?, ?, ?, ?, ?, ?, ?, default)
Hibernate: 
    insert 
    into
        seat
        (created_at, seat_number, seat_row, seat_type, section_name, updated_at, venue_id, id) 
    values
        (?, ?, ?, ?, ?, ?, ?, default)
Hibernate: 
    insert 
    into
        seat
        (created_at, seat_number, seat_row, seat_type, section_name, updated_at, venue_id, id) 
    values
        (?, ?, ?, ?, ?, ?, ?, default)
Hibernate: 
    insert 
    into
        seat
        (created_at, seat_number, seat_row, seat_type, section_name, updated_at, venue_id, id) 
    values
        (?, ?, ?, ?, ?, ?, ?, default)
Hibernate: 
    insert 
    into
        seat
        (created_at, seat_number, seat_row, seat_type, section_name, updated_at, venue_id, id) 
    values
        (?, ?, ?, ?, ?, ?, ?, default)
Hibernate: 
    insert 
    into
        seat
        (created_at, seat_number, seat_row, seat_type, section_name, updated_at, venue_id, id) 
    values
        (?, ?, ?, ?, ?, ?, ?, default)
Hibernate: 
    insert 
    into
        seat
        (created_at, seat_number, seat_row, seat_type, section_name, updated_at, venue_id, id) 
    values
        (?, ?, ?, ?, ?, ?, ?, default)
Hibernate: 
    insert 
    into
        seat
        (created_at, seat_number, seat_row, seat_type, section_name, updated_at, venue_id, id) 
    values
        (?, ?, ?, ?, ?, ?, ?, default)
Hibernate: 
    insert 
    into
        seat
        (created_at, seat_number, seat_row, seat_type, section_name, updated_at, venue_id, id) 
    values
        (?, ?, ?, ?, ?, ?, ?, default)
Hibernate: 
    insert 
    into
        seat
        (created_at, seat_number, seat_row, seat_type, section_name, updated_at, venue_id, id) 
    values
        (?, ?, ?, ?, ?, ?, ?, default)
Hibernate: 
    insert 
    into
        seat
        (created_at, seat_number, seat_row, seat_type, section_name, updated_at, venue_id, id) 
    values
        (?, ?, ?, ?, ?, ?, ?, default)
Hibernate: 
    insert 
    into
        seat
        (created_at, seat_number, seat_row, seat_type, section_name, updated_at, venue_id, id) 
    values
        (?, ?, ?, ?, ?, ?, ?, default)
Hibernate: 
    insert 
    into
        seat
        (created_at, seat_number, seat_row, seat_type, section_name, updated_at, venue_id, id) 
    values
        (?, ?, ?, ?, ?, ?, ?, default)
Hibernate: 
    insert 
    into
        seat
        (created_at, seat_number, seat_row, seat_type, section_name, updated_at, venue_id, id) 
    values
        (?, ?, ?, ?, ?, ?, ?, default)
Hibernate: 
    insert 
    into
        seat
        (created_at, seat_number, seat_row, seat_type, section_name, updated_at, venue_id, id) 
    values
        (?, ?, ?, ?, ?, ?, ?, default)
Hibernate: 
    insert 
    into
        seat
        (created_at, seat_number, seat_row, seat_type, section_name, updated_at, venue_id, id) 
    values
        (?, ?, ?, ?, ?, ?, ?, default)
Hibernate: 
    insert 
    into
        seat
        (created_at, seat_number, seat_row, seat_type, section_name, updated_at, venue_id, id) 
    values
        (?, ?, ?, ?, ?, ?, ?, default)
Hibernate: 
    insert 
    into
        seat
        (created_at, seat_number, seat_row, seat_type, section_name, updated_at, venue_id, id) 
    values
        (?, ?, ?, ?, ?, ?, ?, default)
Hibernate: 
    insert 
    into
        seat
        (created_at, seat_number, seat_row, seat_type, section_name, updated_at, venue_id, id) 
    values
        (?, ?, ?, ?, ?, ?, ?, default)
Hibernate: 
    insert 
    into
        seat
        (created_at, seat_number, seat_row, seat_type, section_name, updated_at, venue_id, id) 
    values
        (?, ?, ?, ?, ?, ?, ?, default)
Hibernate: 
    insert 
    into
        seat
        (created_at, seat_number, seat_row, seat_type, section_name, updated_at, venue_id, id) 
    values
        (?, ?, ?, ?, ?, ?, ?, default)
Hibernate: 
    insert 
    into
        seat
        (created_at, seat_number, seat_row, seat_type, section_name, updated_at, venue_id, id) 
    values
        (?, ?, ?, ?, ?, ?, ?, default)
Hibernate: 
    insert 
    into
        seat
        (created_at, seat_number, seat_row, seat_type, section_name, updated_at, venue_id, id) 
    values
        (?, ?, ?, ?, ?, ?, ?, default)
Hibernate: 
    insert 
    into
        seat
        (created_at, seat_number, seat_row, seat_type, section_name, updated_at, venue_id, id) 
    values
        (?, ?, ?, ?, ?, ?, ?, default)
Hibernate: 
    insert 
    into
        seat
        (created_at, seat_number, seat_row, seat_type, section_name, updated_at, venue_id, id) 
    values
        (?, ?, ?, ?, ?, ?, ?, default)
Hibernate: 
    insert 
    into
        seat
        (created_at, seat_number, seat_row, seat_type, section_name, updated_at, venue_id, id) 
    values
        (?, ?, ?, ?, ?, ?, ?, default)
Hibernate: 
    insert 
    into
        seat
        (created_at, seat_number, seat_row, seat_type, section_name, updated_at, venue_id, id) 
    values
        (?, ?, ?, ?, ?, ?, ?, default)
Hibernate: 
    insert 
    into
        seat
        (created_at, seat_number, seat_row, seat_type, section_name, updated_at, venue_id, id) 
    values
        (?, ?, ?, ?, ?, ?, ?, default)
Hibernate: 
    insert 
    into
        seat
        (created_at, seat_number, seat_row, seat_type, section_name, updated_at, venue_id, id) 
    values
        (?, ?, ?, ?, ?, ?, ?, default)
Hibernate: 
    insert 
    into
        seat
        (created_at, seat_number, seat_row, seat_type, section_name, updated_at, venue_id, id) 
    values
        (?, ?, ?, ?, ?, ?, ?, default)
Hibernate: 
    insert 
    into
        seat
        (created_at, seat_number, seat_row, seat_type, section_name, updated_at, venue_id, id) 
    values
        (?, ?, ?, ?, ?, ?, ?, default)
Hibernate: 
    insert 
    into
        seat
        (created_at, seat_number, seat_row, seat_type, section_name, updated_at, venue_id, id) 
    values
        (?, ?, ?, ?, ?, ?, ?, default)
Hibernate: 
    insert 
    into
        seat
        (created_at, seat_number, seat_row, seat_type, section_name, updated_at, venue_id, id) 
    values
        (?, ?, ?, ?, ?, ?, ?, default)
Hibernate: 
    insert 
    into
        seat
        (created_at, seat_number, seat_row, seat_type, section_name, updated_at, venue_id, id) 
    values
        (?, ?, ?, ?, ?, ?, ?, default)
Hibernate: 
    insert 
    into
        seat
        (created_at, seat_number, seat_row, seat_type, section_name, updated_at, venue_id, id) 
    values
        (?, ?, ?, ?, ?, ?, ?, default)
Hibernate: 
    insert 
    into
        seat
        (created_at, seat_number, seat_row, seat_type, section_name, updated_at, venue_id, id) 
    values
        (?, ?, ?, ?, ?, ?, ?, default)
Hibernate: 
    insert 
    into
        seat
        (created_at, seat_number, seat_row, seat_type, section_name, updated_at, venue_id, id) 
    values
        (?, ?, ?, ?, ?, ?, ?, default)
Hibernate: 
    insert 
    into
        seat
        (created_at, seat_number, seat_row, seat_type, section_name, updated_at, venue_id, id) 
    values
        (?, ?, ?, ?, ?, ?, ?, default)
Hibernate: 
    insert 
    into
        seat
        (created_at, seat_number, seat_row, seat_type, section_name, updated_at, venue_id, id) 
    values
        (?, ?, ?, ?, ?, ?, ?, default)
Hibernate: 
    insert 
    into
        seat
        (created_at, seat_number, seat_row, seat_type, section_name, updated_at, venue_id, id) 
    values
        (?, ?, ?, ?, ?, ?, ?, default)
Hibernate: 
    insert 
    into
        seat
        (created_at, seat_number, seat_row, seat_type, section_name, updated_at, venue_id, id) 
    values
        (?, ?, ?, ?, ?, ?, ?, default)
Hibernate: 
    insert 
    into
        seat
        (created_at, seat_number, seat_row, seat_type, section_name, updated_at, venue_id, id) 
    values
        (?, ?, ?, ?, ?, ?, ?, default)
Hibernate: 
    insert 
    into
        seat
        (created_at, seat_number, seat_row, seat_type, section_name, updated_at, venue_id, id) 
    values
        (?, ?, ?, ?, ?, ?, ?, default)
Hibernate: 
    insert 
    into
        seat
        (created_at, seat_number, seat_row, seat_type, section_name, updated_at, venue_id, id) 
    values
        (?, ?, ?, ?, ?, ?, ?, default)
Hibernate: 
    insert 
    into
        seat
        (created_at, seat_number, seat_row, seat_type, section_name, updated_at, venue_id, id) 
    values
        (?, ?, ?, ?, ?, ?, ?, default)
Hibernate: 
    insert 
    into
        seat
        (created_at, seat_number, seat_row, seat_type, section_name, updated_at, venue_id, id) 
    values
        (?, ?, ?, ?, ?, ?, ?, default)
Hibernate: 
    insert 
    into
        seat
        (created_at, seat_number, seat_row, seat_type, section_name, updated_at, venue_id, id) 
    values
        (?, ?, ?, ?, ?, ?, ?, default)
Hibernate: 
    insert 
    into
        seat
        (created_at, seat_number, seat_row, seat_type, section_name, updated_at, venue_id, id) 
    values
        (?, ?, ?, ?, ?, ?, ?, default)
Hibernate: 
    insert 
    into
        seat
        (created_at, seat_number, seat_row, seat_type, section_name, updated_at, venue_id, id) 
    values
        (?, ?, ?, ?, ?, ?, ?, default)
Hibernate: 
    insert 
    into
        seat
        (created_at, seat_number, seat_row, seat_type, section_name, updated_at, venue_id, id) 
    values
        (?, ?, ?, ?, ?, ?, ?, default)
Hibernate: 
    insert 
    into
        seat
        (created_at, seat_number, seat_row, seat_type, section_name, updated_at, venue_id, id) 
    values
        (?, ?, ?, ?, ?, ?, ?, default)
Hibernate: 
    insert 
    into
        seat
        (created_at, seat_number, seat_row, seat_type, section_name, updated_at, venue_id, id) 
    values
        (?, ?, ?, ?, ?, ?, ?, default)
Hibernate: 
    insert 
    into
        seat
        (created_at, seat_number, seat_row, seat_type, section_name, updated_at, venue_id, id) 
    values
        (?, ?, ?, ?, ?, ?, ?, default)
Hibernate: 
    insert 
    into
        seat
        (created_at, seat_number, seat_row, seat_type, section_name, updated_at, venue_id, id) 
    values
        (?, ?, ?, ?, ?, ?, ?, default)
Hibernate: 
    insert 
    into
        seat
        (created_at, seat_number, seat_row, seat_type, section_name, updated_at, venue_id, id) 
    values
        (?, ?, ?, ?, ?, ?, ?, default)
Hibernate: 
    insert 
    into
        seat
        (created_at, seat_number, seat_row, seat_type, section_name, updated_at, venue_id, id) 
    values
        (?, ?, ?, ?, ?, ?, ?, default)
Hibernate: 
    insert 
    into
        seat
        (created_at, seat_number, seat_row, seat_type, section_name, updated_at, venue_id, id) 
    values
        (?, ?, ?, ?, ?, ?, ?, default)
Hibernate: 
    insert 
    into
        seat
        (created_at, seat_number, seat_row, seat_type, section_name, updated_at, venue_id, id) 
    values
        (?, ?, ?, ?, ?, ?, ?, default)
Hibernate: 
    insert 
    into
        seat
        (created_at, seat_number, seat_row, seat_type, section_name, updated_at, venue_id, id) 
    values
        (?, ?, ?, ?, ?, ?, ?, default)
Hibernate: 
    insert 
    into
        seat
        (created_at, seat_number, seat_row, seat_type, section_name, updated_at, venue_id, id) 
    values
        (?, ?, ?, ?, ?, ?, ?, default)
Hibernate: 
    insert 
    into
        seat
        (created_at, seat_number, seat_row, seat_type, section_name, updated_at, venue_id, id) 
    values
        (?, ?, ?, ?, ?, ?, ?, default)
Hibernate: 
    insert 
    into
        seat
        (created_at, seat_number, seat_row, seat_type, section_name, updated_at, venue_id, id) 
    values
        (?, ?, ?, ?, ?, ?, ?, default)
Hibernate: 
    insert 
    into
        seat
        (created_at, seat_number, seat_row, seat_type, section_name, updated_at, venue_id, id) 
    values
        (?, ?, ?, ?, ?, ?, ?, default)
Hibernate: 
    insert 
    into
        seat
        (created_at, seat_number, seat_row, seat_type, section_name, updated_at, venue_id, id) 
    values
        (?, ?, ?, ?, ?, ?, ?, default)
Hibernate: 
    insert 
    into
        seat
        (created_at, seat_number, seat_row, seat_type, section_name, updated_at, venue_id, id) 
    values
        (?, ?, ?, ?, ?, ?, ?, default)
Hibernate: 
    insert 
    into
        seat
        (created_at, seat_number, seat_row, seat_type, section_name, updated_at, venue_id, id) 
    values
        (?, ?, ?, ?, ?, ?, ?, default)
Hibernate: 
    insert 
    into
        seat
        (created_at, seat_number, seat_row, seat_type, section_name, updated_at, venue_id, id) 
    values
        (?, ?, ?, ?, ?, ?, ?, default)
Hibernate: 
    insert 
    into
        seat
        (created_at, seat_number, seat_row, seat_type, section_name, updated_at, venue_id, id) 
    values
        (?, ?, ?, ?, ?, ?, ?, default)
Hibernate: 
    insert 
    into
        seat
        (created_at, seat_number, seat_row, seat_type, section_name, updated_at, venue_id, id) 
    values
        (?, ?, ?, ?, ?, ?, ?, default)
Hibernate: 
    insert 
    into
        seat
        (created_at, seat_number, seat_row, seat_type, section_name, updated_at, venue_id, id) 
    values
        (?, ?, ?, ?, ?, ?, ?, default)
Hibernate: 
    insert 
    into
        seat
        (created_at, seat_number, seat_row, seat_type, section_name, updated_at, venue_id, id) 
    values
        (?, ?, ?, ?, ?, ?, ?, default)
Hibernate: 
    insert 
    into
        seat
        (created_at, seat_number, seat_row, seat_type, section_name, updated_at, venue_id, id) 
    values
        (?, ?, ?, ?, ?, ?, ?, default)
Hibernate: 
    insert 
    into
        seat
        (created_at, seat_number, seat_row, seat_type, section_name, updated_at, venue_id, id) 
    values
        (?, ?, ?, ?, ?, ?, ?, default)
Hibernate: 
    insert 
    into
        seat
        (created_at, seat_number, seat_row, seat_type, section_name, updated_at, venue_id, id) 
    values
        (?, ?, ?, ?, ?, ?, ?, default)
Hibernate: 
    insert 
    into
        seat
        (created_at, seat_number, seat_row, seat_type, section_name, updated_at, venue_id, id) 
    values
        (?, ?, ?, ?, ?, ?, ?, default)
Hibernate: 
    insert 
    into
        seat
        (created_at, seat_number, seat_row, seat_type, section_name, updated_at, venue_id, id) 
    values
        (?, ?, ?, ?, ?, ?, ?, default)
Hibernate: 
    insert 
    into
        seat
        (created_at, seat_number, seat_row, seat_type, section_name, updated_at, venue_id, id) 
    values
        (?, ?, ?, ?, ?, ?, ?, default)
Hibernate: 
    insert 
    into
        seat
        (created_at, seat_number, seat_row, seat_type, section_name, updated_at, venue_id, id) 
    values
        (?, ?, ?, ?, ?, ?, ?, default)
Hibernate: 
    insert 
    into
        seat
        (created_at, seat_number, seat_row, seat_type, section_name, updated_at, venue_id, id) 
    values
        (?, ?, ?, ?, ?, ?, ?, default)
Hibernate: 
    insert 
    into
        seat
        (created_at, seat_number, seat_row, seat_type, section_name, updated_at, venue_id, id) 
    values
        (?, ?, ?, ?, ?, ?, ?, default)
Hibernate: 
    insert 
    into
        seat
        (created_at, seat_number, seat_row, seat_type, section_name, updated_at, venue_id, id) 
    values
        (?, ?, ?, ?, ?, ?, ?, default)
Hibernate: 
    insert 
    into
        seat
        (created_at, seat_number, seat_row, seat_type, section_name, updated_at, venue_id, id) 
    values
        (?, ?, ?, ?, ?, ?, ?, default)
Hibernate: 
    insert 
    into
        seat
        (created_at, seat_number, seat_row, seat_type, section_name, updated_at, venue_id, id) 
    values
        (?, ?, ?, ?, ?, ?, ?, default)
Hibernate: 
    insert 
    into
        seat
        (created_at, seat_number, seat_row, seat_type, section_name, updated_at, venue_id, id) 
    values
        (?, ?, ?, ?, ?, ?, ?, default)
Hibernate: 
    insert 
    into
        seat
        (created_at, seat_number, seat_row, seat_type, section_name, updated_at, venue_id, id) 
    values
        (?, ?, ?, ?, ?, ?, ?, default)
Hibernate: 
    insert 
    into
        seat
        (created_at, seat_number, seat_row, seat_type, section_name, updated_at, venue_id, id) 
    values
        (?, ?, ?, ?, ?, ?, ?, default)
Hibernate: 
    insert 
    into
        seat
        (created_at, seat_number, seat_row, seat_type, section_name, updated_at, venue_id, id) 
    values
        (?, ?, ?, ?, ?, ?, ?, default)
Hibernate: 
    insert 
    into
        seat
        (created_at, seat_number, seat_row, seat_type, section_name, updated_at, venue_id, id) 
    values
        (?, ?, ?, ?, ?, ?, ?, default)
Hibernate: 
    insert 
    into
        seat
        (created_at, seat_number, seat_row, seat_type, section_name, updated_at, venue_id, id) 
    values
        (?, ?, ?, ?, ?, ?, ?, default)
Hibernate: 
    insert 
    into
        seat
        (created_at, seat_number, seat_row, seat_type, section_name, updated_at, venue_id, id) 
    values
        (?, ?, ?, ?, ?, ?, ?, default)
Hibernate: 
    insert 
    into
        seat
        (created_at, seat_number, seat_row, seat_type, section_name, updated_at, venue_id, id) 
    values
        (?, ?, ?, ?, ?, ?, ?, default)
2026-04-19T22:05:46.779+05:30  INFO 37630 --- [           main] com.bms.service.VenueServiceImpl         : Venue created: id=3, name=Emirates Stadium, layout=STADIUM
2026-04-19T22:05:46.780+05:30  INFO 37630 --- [           main] com.bms.service.ShowServiceImpl          : Creating show: eventId=1, venueId=1, startTime=2026-04-20T14:00
Hibernate: 
    select
        e1_0.id,
        e1_0.created_at,
        e1_0.description,
        e1_0.duration_minutes,
        e1_0.event_type,
        e1_0.image_url,
        o1_0.id,
        o1_0.created_at,
        o1_0.email,
        o1_0.name,
        o1_0.password,
        o1_0.role,
        o1_0.updated_at,
        e1_0.title,
        e1_0.updated_at 
    from
        event e1_0 
    left join
        users o1_0 
            on o1_0.id=e1_0.organizer_id 
    where
        e1_0.id=?
Hibernate: 
    select
        v1_0.id,
        v1_0.created_at,
        v1_0.layout_type,
        v1_0.location,
        v1_0.name,
        v1_0.total_capacity,
        v1_0.updated_at 
    from
        venue v1_0 
    where
        v1_0.id=?
Hibernate: 
    insert 
    into
        show
        (created_at, end_time, event_id, price, start_time, updated_at, venue_id, id) 
    values
        (?, ?, ?, ?, ?, ?, ?, default)
2026-04-19T22:05:46.803+05:30  INFO 37630 --- [           main] com.bms.service.ShowServiceImpl          : Show created: id=1, event=Inception, venue=IMAX Cinema Hall
2026-04-19T22:05:46.803+05:30  INFO 37630 --- [           main] com.bms.service.ShowServiceImpl          : Creating show: eventId=1, venueId=1, startTime=2026-04-20T18:00
Hibernate: 
    select
        e1_0.id,
        e1_0.created_at,
        e1_0.description,
        e1_0.duration_minutes,
        e1_0.event_type,
        e1_0.image_url,
        o1_0.id,
        o1_0.created_at,
        o1_0.email,
        o1_0.name,
        o1_0.password,
        o1_0.role,
        o1_0.updated_at,
        e1_0.title,
        e1_0.updated_at 
    from
        event e1_0 
    left join
        users o1_0 
            on o1_0.id=e1_0.organizer_id 
    where
        e1_0.id=?
Hibernate: 
    select
        v1_0.id,
        v1_0.created_at,
        v1_0.layout_type,
        v1_0.location,
        v1_0.name,
        v1_0.total_capacity,
        v1_0.updated_at 
    from
        venue v1_0 
    where
        v1_0.id=?
Hibernate: 
    insert 
    into
        show
        (created_at, end_time, event_id, price, start_time, updated_at, venue_id, id) 
    values
        (?, ?, ?, ?, ?, ?, ?, default)
2026-04-19T22:05:46.805+05:30  INFO 37630 --- [           main] com.bms.service.ShowServiceImpl          : Show created: id=2, event=Inception, venue=IMAX Cinema Hall
2026-04-19T22:05:46.805+05:30  INFO 37630 --- [           main] com.bms.service.ShowServiceImpl          : Creating show: eventId=2, venueId=2, startTime=2026-04-22T19:00
Hibernate: 
    select
        e1_0.id,
        e1_0.created_at,
        e1_0.description,
        e1_0.duration_minutes,
        e1_0.event_type,
        e1_0.image_url,
        o1_0.id,
        o1_0.created_at,
        o1_0.email,
        o1_0.name,
        o1_0.password,
        o1_0.role,
        o1_0.updated_at,
        e1_0.title,
        e1_0.updated_at 
    from
        event e1_0 
    left join
        users o1_0 
            on o1_0.id=e1_0.organizer_id 
    where
        e1_0.id=?
Hibernate: 
    select
        v1_0.id,
        v1_0.created_at,
        v1_0.layout_type,
        v1_0.location,
        v1_0.name,
        v1_0.total_capacity,
        v1_0.updated_at 
    from
        venue v1_0 
    where
        v1_0.id=?
Hibernate: 
    insert 
    into
        show
        (created_at, end_time, event_id, price, start_time, updated_at, venue_id, id) 
    values
        (?, ?, ?, ?, ?, ?, ?, default)
2026-04-19T22:05:46.807+05:30  INFO 37630 --- [           main] com.bms.service.ShowServiceImpl          : Show created: id=3, event=Coldplay: Music of the Spheres, venue=City Music Arena
2026-04-19T22:05:46.808+05:30  INFO 37630 --- [           main] com.bms.service.ShowServiceImpl          : Creating show: eventId=3, venueId=2, startTime=2026-04-26T19:00
Hibernate: 
    select
        e1_0.id,
        e1_0.created_at,
        e1_0.description,
        e1_0.duration_minutes,
        e1_0.event_type,
        e1_0.image_url,
        o1_0.id,
        o1_0.created_at,
        o1_0.email,
        o1_0.name,
        o1_0.password,
        o1_0.role,
        o1_0.updated_at,
        e1_0.title,
        e1_0.updated_at 
    from
        event e1_0 
    left join
        users o1_0 
            on o1_0.id=e1_0.organizer_id 
    where
        e1_0.id=?
Hibernate: 
    select
        v1_0.id,
        v1_0.created_at,
        v1_0.layout_type,
        v1_0.location,
        v1_0.name,
        v1_0.total_capacity,
        v1_0.updated_at 
    from
        venue v1_0 
    where
        v1_0.id=?
Hibernate: 
    insert 
    into
        show
        (created_at, end_time, event_id, price, start_time, updated_at, venue_id, id) 
    values
        (?, ?, ?, ?, ?, ?, ?, default)
2026-04-19T22:05:46.809+05:30  INFO 37630 --- [           main] com.bms.service.ShowServiceImpl          : Show created: id=4, event=Ed Sheeran: Mathematics Tour, venue=City Music Arena
2026-04-19T22:05:46.810+05:30  INFO 37630 --- [           main] com.bms.service.ShowServiceImpl          : Creating show: eventId=4, venueId=2, startTime=2026-04-29T20:00
Hibernate: 
    select
        e1_0.id,
        e1_0.created_at,
        e1_0.description,
        e1_0.duration_minutes,
        e1_0.event_type,
        e1_0.image_url,
        o1_0.id,
        o1_0.created_at,
        o1_0.email,
        o1_0.name,
        o1_0.password,
        o1_0.role,
        o1_0.updated_at,
        e1_0.title,
        e1_0.updated_at 
    from
        event e1_0 
    left join
        users o1_0 
            on o1_0.id=e1_0.organizer_id 
    where
        e1_0.id=?
Hibernate: 
    select
        v1_0.id,
        v1_0.created_at,
        v1_0.layout_type,
        v1_0.location,
        v1_0.name,
        v1_0.total_capacity,
        v1_0.updated_at 
    from
        venue v1_0 
    where
        v1_0.id=?
Hibernate: 
    insert 
    into
        show
        (created_at, end_time, event_id, price, start_time, updated_at, venue_id, id) 
    values
        (?, ?, ?, ?, ?, ?, ?, default)
2026-04-19T22:05:46.811+05:30  INFO 37630 --- [           main] com.bms.service.ShowServiceImpl          : Show created: id=5, event=Dua Lipa: Future Nostalgia, venue=City Music Arena
2026-04-19T22:05:46.812+05:30  INFO 37630 --- [           main] com.bms.service.ShowServiceImpl          : Creating show: eventId=5, venueId=3, startTime=2026-04-25T15:00
Hibernate: 
    select
        e1_0.id,
        e1_0.created_at,
        e1_0.description,
        e1_0.duration_minutes,
        e1_0.event_type,
        e1_0.image_url,
        o1_0.id,
        o1_0.created_at,
        o1_0.email,
        o1_0.name,
        o1_0.password,
        o1_0.role,
        o1_0.updated_at,
        e1_0.title,
        e1_0.updated_at 
    from
        event e1_0 
    left join
        users o1_0 
            on o1_0.id=e1_0.organizer_id 
    where
        e1_0.id=?
Hibernate: 
    select
        v1_0.id,
        v1_0.created_at,
        v1_0.layout_type,
        v1_0.location,
        v1_0.name,
        v1_0.total_capacity,
        v1_0.updated_at 
    from
        venue v1_0 
    where
        v1_0.id=?
Hibernate: 
    insert 
    into
        show
        (created_at, end_time, event_id, price, start_time, updated_at, venue_id, id) 
    values
        (?, ?, ?, ?, ?, ?, ?, default)
2026-04-19T22:05:46.814+05:30  INFO 37630 --- [           main] com.bms.service.ShowServiceImpl          : Show created: id=6, event=Premier League: Arsenal vs Chelsea, venue=Emirates Stadium
Hibernate: 
    select
        s1_0.id,
        s1_0.created_at,
        s1_0.seat_number,
        s1_0.seat_row,
        s1_0.seat_type,
        s1_0.section_name,
        s1_0.updated_at,
        s1_0.venue_id 
    from
        seat s1_0 
    where
        s1_0.venue_id=?
Hibernate: 
    select
        v1_0.id,
        v1_0.created_at,
        v1_0.layout_type,
        v1_0.location,
        v1_0.name,
        v1_0.total_capacity,
        v1_0.updated_at 
    from
        venue v1_0 
    where
        v1_0.id=?
Hibernate: 
    select
        s1_0.id,
        s1_0.created_at,
        s1_0.seat_number,
        s1_0.seat_row,
        s1_0.seat_type,
        s1_0.section_name,
        s1_0.updated_at,
        s1_0.venue_id 
    from
        seat s1_0 
    where
        s1_0.venue_id=?
Hibernate: 
    select
        v1_0.id,
        v1_0.created_at,
        v1_0.layout_type,
        v1_0.location,
        v1_0.name,
        v1_0.total_capacity,
        v1_0.updated_at 
    from
        venue v1_0 
    where
        v1_0.id=?
Hibernate: 
    select
        s1_0.id,
        s1_0.created_at,
        s1_0.seat_number,
        s1_0.seat_row,
        s1_0.seat_type,
        s1_0.section_name,
        s1_0.updated_at,
        s1_0.venue_id 
    from
        seat s1_0 
    where
        s1_0.venue_id=?
Hibernate: 
    select
        v1_0.id,
        v1_0.created_at,
        v1_0.layout_type,
        v1_0.location,
        v1_0.name,
        v1_0.total_capacity,
        v1_0.updated_at 
    from
        venue v1_0 
    where
        v1_0.id=?
2026-04-19T22:05:47.016+05:30  INFO 37630 --- [           main] com.bms.service.BookingServiceImpl       : Creating booking: userId=2, showId=1, seatIds=[1, 2]
Hibernate: 
    select
        u1_0.id,
        u1_0.created_at,
        u1_0.email,
        u1_0.name,
        u1_0.password,
        u1_0.role,
        u1_0.updated_at 
    from
        users u1_0 
    where
        u1_0.id=?
Hibernate: 
    select
        s1_0.id,
        s1_0.created_at,
        s1_0.end_time,
        e1_0.id,
        e1_0.created_at,
        e1_0.description,
        e1_0.duration_minutes,
        e1_0.event_type,
        e1_0.image_url,
        o1_0.id,
        o1_0.created_at,
        o1_0.email,
        o1_0.name,
        o1_0.password,
        o1_0.role,
        o1_0.updated_at,
        e1_0.title,
        e1_0.updated_at,
        s1_0.price,
        s1_0.start_time,
        s1_0.updated_at,
        v1_0.id,
        v1_0.created_at,
        v1_0.layout_type,
        v1_0.location,
        v1_0.name,
        v1_0.total_capacity,
        v1_0.updated_at 
    from
        show s1_0 
    left join
        event e1_0 
            on e1_0.id=s1_0.event_id 
    left join
        users o1_0 
            on o1_0.id=e1_0.organizer_id 
    left join
        venue v1_0 
            on v1_0.id=s1_0.venue_id 
    where
        s1_0.id=?
Hibernate: 
    select
        s1_0.id,
        s1_0.created_at,
        s1_0.seat_number,
        s1_0.seat_row,
        s1_0.seat_type,
        s1_0.section_name,
        s1_0.updated_at,
        s1_0.venue_id 
    from
        seat s1_0 
    where
        s1_0.id in (?, ?)
Hibernate: 
    select
        bs1_0.id,
        bs1_0.booking_id,
        bs1_0.created_at,
        bs1_0.price,
        bs1_0.seat_id,
        bs1_0.show_id,
        bs1_0.updated_at 
    from
        booking_seat bs1_0 
    where
        bs1_0.show_id=? 
        and bs1_0.seat_id in (?, ?) 
    for
        update
Hibernate: 
    select
        case 
            when count(bs1_0.id)>0 
                then true 
            else false 
    end 
from
    booking_seat bs1_0 
where
    bs1_0.show_id=? 
    and bs1_0.seat_id in (?, ?)
Hibernate: 
    insert 
    into
        booking
        (booking_time, created_at, show_id, status, total_amount, updated_at, user_id, id) 
    values
        (?, ?, ?, ?, ?, ?, ?, default)
Hibernate: 
    insert 
    into
        booking_seat
        (booking_id, created_at, price, seat_id, show_id, updated_at, id) 
    values
        (?, ?, ?, ?, ?, ?, default)
Hibernate: 
    insert 
    into
        booking_seat
        (booking_id, created_at, price, seat_id, show_id, updated_at, id) 
    values
        (?, ?, ?, ?, ?, ?, default)
2026-04-19T22:05:47.452+05:30  INFO 37630 --- [           main] com.bms.service.BookingServiceImpl       : Booking created: id=1, status=PENDING, totalAmount=2500.0, seats=2
Hibernate: 
    update
        booking 
    set
        booking_time=?,
        created_at=?,
        show_id=?,
        status=?,
        total_amount=?,
        updated_at=?,
        user_id=? 
    where
        id=?
Hibernate: 
    select
        b1_0.id,
        b1_0.booking_time,
        b1_0.created_at,
        s1_0.id,
        s1_0.created_at,
        s1_0.end_time,
        e1_0.id,
        e1_0.created_at,
        e1_0.description,
        e1_0.duration_minutes,
        e1_0.event_type,
        e1_0.image_url,
        o1_0.id,
        o1_0.created_at,
        o1_0.email,
        o1_0.name,
        o1_0.password,
        o1_0.role,
        o1_0.updated_at,
        e1_0.title,
        e1_0.updated_at,
        s1_0.price,
        s1_0.start_time,
        s1_0.updated_at,
        v1_0.id,
        v1_0.created_at,
        v1_0.layout_type,
        v1_0.location,
        v1_0.name,
        v1_0.total_capacity,
        v1_0.updated_at,
        b1_0.status,
        b1_0.total_amount,
        b1_0.updated_at,
        u1_0.id,
        u1_0.created_at,
        u1_0.email,
        u1_0.name,
        u1_0.password,
        u1_0.role,
        u1_0.updated_at 
    from
        booking b1_0 
    left join
        show s1_0 
            on s1_0.id=b1_0.show_id 
    left join
        event e1_0 
            on e1_0.id=s1_0.event_id 
    left join
        users o1_0 
            on o1_0.id=e1_0.organizer_id 
    left join
        venue v1_0 
            on v1_0.id=s1_0.venue_id 
    left join
        users u1_0 
            on u1_0.id=b1_0.user_id 
    where
        b1_0.id=?
Hibernate: 
    select
        b1_0.id,
        b1_0.booking_time,
        b1_0.created_at,
        s1_0.id,
        s1_0.created_at,
        s1_0.end_time,
        e1_0.id,
        e1_0.created_at,
        e1_0.description,
        e1_0.duration_minutes,
        e1_0.event_type,
        e1_0.image_url,
        o1_0.id,
        o1_0.created_at,
        o1_0.email,
        o1_0.name,
        o1_0.password,
        o1_0.role,
        o1_0.updated_at,
        e1_0.title,
        e1_0.updated_at,
        s1_0.price,
        s1_0.start_time,
        s1_0.updated_at,
        v1_0.id,
        v1_0.created_at,
        v1_0.layout_type,
        v1_0.location,
        v1_0.name,
        v1_0.total_capacity,
        v1_0.updated_at,
        b1_0.status,
        b1_0.total_amount,
        b1_0.updated_at,
        u1_0.id,
        u1_0.created_at,
        u1_0.email,
        u1_0.name,
        u1_0.password,
        u1_0.role,
        u1_0.updated_at 
    from
        booking b1_0 
    left join
        show s1_0 
            on s1_0.id=b1_0.show_id 
    left join
        event e1_0 
            on e1_0.id=s1_0.event_id 
    left join
        users o1_0 
            on o1_0.id=e1_0.organizer_id 
    left join
        venue v1_0 
            on v1_0.id=s1_0.venue_id 
    left join
        users u1_0 
            on u1_0.id=b1_0.user_id 
    where
        b1_0.id=?
Hibernate: 
    update
        booking 
    set
        booking_time=?,
        created_at=?,
        show_id=?,
        status=?,
        total_amount=?,
        updated_at=?,
        user_id=? 
    where
        id=?
2026-04-19T22:05:47.489+05:30  INFO 37630 --- [           main] com.bms.config.DataSeeder                : Seeded CONFIRMED booking: id=1, user=alice, show=movie
2026-04-19T22:05:47.490+05:30  INFO 37630 --- [           main] com.bms.service.BookingServiceImpl       : Creating booking: userId=3, showId=3, seatIds=[63, 64, 65]
Hibernate: 
    select
        u1_0.id,
        u1_0.created_at,
        u1_0.email,
        u1_0.name,
        u1_0.password,
        u1_0.role,
        u1_0.updated_at 
    from
        users u1_0 
    where
        u1_0.id=?
Hibernate: 
    select
        s1_0.id,
        s1_0.created_at,
        s1_0.end_time,
        e1_0.id,
        e1_0.created_at,
        e1_0.description,
        e1_0.duration_minutes,
        e1_0.event_type,
        e1_0.image_url,
        o1_0.id,
        o1_0.created_at,
        o1_0.email,
        o1_0.name,
        o1_0.password,
        o1_0.role,
        o1_0.updated_at,
        e1_0.title,
        e1_0.updated_at,
        s1_0.price,
        s1_0.start_time,
        s1_0.updated_at,
        v1_0.id,
        v1_0.created_at,
        v1_0.layout_type,
        v1_0.location,
        v1_0.name,
        v1_0.total_capacity,
        v1_0.updated_at 
    from
        show s1_0 
    left join
        event e1_0 
            on e1_0.id=s1_0.event_id 
    left join
        users o1_0 
            on o1_0.id=e1_0.organizer_id 
    left join
        venue v1_0 
            on v1_0.id=s1_0.venue_id 
    where
        s1_0.id=?
Hibernate: 
    select
        s1_0.id,
        s1_0.created_at,
        s1_0.seat_number,
        s1_0.seat_row,
        s1_0.seat_type,
        s1_0.section_name,
        s1_0.updated_at,
        s1_0.venue_id 
    from
        seat s1_0 
    where
        s1_0.id in (?, ?, ?)
Hibernate: 
    select
        bs1_0.id,
        bs1_0.booking_id,
        bs1_0.created_at,
        bs1_0.price,
        bs1_0.seat_id,
        bs1_0.show_id,
        bs1_0.updated_at 
    from
        booking_seat bs1_0 
    where
        bs1_0.show_id=? 
        and bs1_0.seat_id in (?, ?, ?) 
    for
        update
Hibernate: 
    select
        case 
            when count(bs1_0.id)>0 
                then true 
            else false 
    end 
from
    booking_seat bs1_0 
where
    bs1_0.show_id=? 
    and bs1_0.seat_id in (?, ?, ?)
Hibernate: 
    insert 
    into
        booking
        (booking_time, created_at, show_id, status, total_amount, updated_at, user_id, id) 
    values
        (?, ?, ?, ?, ?, ?, ?, default)
Hibernate: 
    insert 
    into
        booking_seat
        (booking_id, created_at, price, seat_id, show_id, updated_at, id) 
    values
        (?, ?, ?, ?, ?, ?, default)
Hibernate: 
    insert 
    into
        booking_seat
        (booking_id, created_at, price, seat_id, show_id, updated_at, id) 
    values
        (?, ?, ?, ?, ?, ?, default)
Hibernate: 
    insert 
    into
        booking_seat
        (booking_id, created_at, price, seat_id, show_id, updated_at, id) 
    values
        (?, ?, ?, ?, ?, ?, default)
2026-04-19T22:05:47.520+05:30  INFO 37630 --- [           main] com.bms.service.BookingServiceImpl       : Booking created: id=2, status=PENDING, totalAmount=25500.0, seats=3
Hibernate: 
    update
        booking 
    set
        booking_time=?,
        created_at=?,
        show_id=?,
        status=?,
        total_amount=?,
        updated_at=?,
        user_id=? 
    where
        id=?
Hibernate: 
    select
        b1_0.id,
        b1_0.booking_time,
        b1_0.created_at,
        s1_0.id,
        s1_0.created_at,
        s1_0.end_time,
        e1_0.id,
        e1_0.created_at,
        e1_0.description,
        e1_0.duration_minutes,
        e1_0.event_type,
        e1_0.image_url,
        o1_0.id,
        o1_0.created_at,
        o1_0.email,
        o1_0.name,
        o1_0.password,
        o1_0.role,
        o1_0.updated_at,
        e1_0.title,
        e1_0.updated_at,
        s1_0.price,
        s1_0.start_time,
        s1_0.updated_at,
        v1_0.id,
        v1_0.created_at,
        v1_0.layout_type,
        v1_0.location,
        v1_0.name,
        v1_0.total_capacity,
        v1_0.updated_at,
        b1_0.status,
        b1_0.total_amount,
        b1_0.updated_at,
        u1_0.id,
        u1_0.created_at,
        u1_0.email,
        u1_0.name,
        u1_0.password,
        u1_0.role,
        u1_0.updated_at 
    from
        booking b1_0 
    left join
        show s1_0 
            on s1_0.id=b1_0.show_id 
    left join
        event e1_0 
            on e1_0.id=s1_0.event_id 
    left join
        users o1_0 
            on o1_0.id=e1_0.organizer_id 
    left join
        venue v1_0 
            on v1_0.id=s1_0.venue_id 
    left join
        users u1_0 
            on u1_0.id=b1_0.user_id 
    where
        b1_0.id=?
Hibernate: 
    select
        b1_0.id,
        b1_0.booking_time,
        b1_0.created_at,
        s1_0.id,
        s1_0.created_at,
        s1_0.end_time,
        e1_0.id,
        e1_0.created_at,
        e1_0.description,
        e1_0.duration_minutes,
        e1_0.event_type,
        e1_0.image_url,
        o1_0.id,
        o1_0.created_at,
        o1_0.email,
        o1_0.name,
        o1_0.password,
        o1_0.role,
        o1_0.updated_at,
        e1_0.title,
        e1_0.updated_at,
        s1_0.price,
        s1_0.start_time,
        s1_0.updated_at,
        v1_0.id,
        v1_0.created_at,
        v1_0.layout_type,
        v1_0.location,
        v1_0.name,
        v1_0.total_capacity,
        v1_0.updated_at,
        b1_0.status,
        b1_0.total_amount,
        b1_0.updated_at,
        u1_0.id,
        u1_0.created_at,
        u1_0.email,
        u1_0.name,
        u1_0.password,
        u1_0.role,
        u1_0.updated_at 
    from
        booking b1_0 
    left join
        show s1_0 
            on s1_0.id=b1_0.show_id 
    left join
        event e1_0 
            on e1_0.id=s1_0.event_id 
    left join
        users o1_0 
            on o1_0.id=e1_0.organizer_id 
    left join
        venue v1_0 
            on v1_0.id=s1_0.venue_id 
    left join
        users u1_0 
            on u1_0.id=b1_0.user_id 
    where
        b1_0.id=?
Hibernate: 
    update
        booking 
    set
        booking_time=?,
        created_at=?,
        show_id=?,
        status=?,
        total_amount=?,
        updated_at=?,
        user_id=? 
    where
        id=?
2026-04-19T22:05:47.541+05:30  INFO 37630 --- [           main] com.bms.config.DataSeeder                : Seeded CONFIRMED booking: id=2, user=bob, show=concert
2026-04-19T22:05:47.541+05:30  INFO 37630 --- [           main] com.bms.service.BookingServiceImpl       : Creating booking: userId=2, showId=6, seatIds=[213]
Hibernate: 
    select
        u1_0.id,
        u1_0.created_at,
        u1_0.email,
        u1_0.name,
        u1_0.password,
        u1_0.role,
        u1_0.updated_at 
    from
        users u1_0 
    where
        u1_0.id=?
Hibernate: 
    select
        s1_0.id,
        s1_0.created_at,
        s1_0.end_time,
        e1_0.id,
        e1_0.created_at,
        e1_0.description,
        e1_0.duration_minutes,
        e1_0.event_type,
        e1_0.image_url,
        o1_0.id,
        o1_0.created_at,
        o1_0.email,
        o1_0.name,
        o1_0.password,
        o1_0.role,
        o1_0.updated_at,
        e1_0.title,
        e1_0.updated_at,
        s1_0.price,
        s1_0.start_time,
        s1_0.updated_at,
        v1_0.id,
        v1_0.created_at,
        v1_0.layout_type,
        v1_0.location,
        v1_0.name,
        v1_0.total_capacity,
        v1_0.updated_at 
    from
        show s1_0 
    left join
        event e1_0 
            on e1_0.id=s1_0.event_id 
    left join
        users o1_0 
            on o1_0.id=e1_0.organizer_id 
    left join
        venue v1_0 
            on v1_0.id=s1_0.venue_id 
    where
        s1_0.id=?
Hibernate: 
    select
        s1_0.id,
        s1_0.created_at,
        s1_0.seat_number,
        s1_0.seat_row,
        s1_0.seat_type,
        s1_0.section_name,
        s1_0.updated_at,
        s1_0.venue_id 
    from
        seat s1_0 
    where
        s1_0.id in (?)
Hibernate: 
    select
        bs1_0.id,
        bs1_0.booking_id,
        bs1_0.created_at,
        bs1_0.price,
        bs1_0.seat_id,
        bs1_0.show_id,
        bs1_0.updated_at 
    from
        booking_seat bs1_0 
    where
        bs1_0.show_id=? 
        and bs1_0.seat_id in (?) 
    for
        update
Hibernate: 
    select
        case 
            when count(bs1_0.id)>0 
                then true 
            else false 
    end 
from
    booking_seat bs1_0 
where
    bs1_0.show_id=? 
    and bs1_0.seat_id in (?)
Hibernate: 
    insert 
    into
        booking
        (booking_time, created_at, show_id, status, total_amount, updated_at, user_id, id) 
    values
        (?, ?, ?, ?, ?, ?, ?, default)
Hibernate: 
    insert 
    into
        booking_seat
        (booking_id, created_at, price, seat_id, show_id, updated_at, id) 
    values
        (?, ?, ?, ?, ?, ?, default)
2026-04-19T22:05:47.558+05:30  INFO 37630 --- [           main] com.bms.service.BookingServiceImpl       : Booking created: id=3, status=PENDING, totalAmount=4500.0, seats=1
Hibernate: 
    update
        booking 
    set
        booking_time=?,
        created_at=?,
        show_id=?,
        status=?,
        total_amount=?,
        updated_at=?,
        user_id=? 
    where
        id=?
2026-04-19T22:05:47.568+05:30  INFO 37630 --- [           main] com.bms.config.DataSeeder                : Seeded PENDING booking: id=3, user=alice, show=sport
2026-04-19T22:05:47.568+05:30  INFO 37630 --- [           main] com.bms.config.DataSeeder                : === Demo data seeding complete ===
2026-04-19T22:05:47.568+05:30  INFO 37630 --- [           main] com.bms.config.DataSeeder                : Login credentials:
2026-04-19T22:05:47.568+05:30  INFO 37630 --- [           main] com.bms.config.DataSeeder                :   Admin: admin@bms.com / admin123
2026-04-19T22:05:47.568+05:30  INFO 37630 --- [           main] com.bms.config.DataSeeder                :   Org:   clark@bms.com / clark123
2026-04-19T22:05:47.568+05:30  INFO 37630 --- [           main] com.bms.config.DataSeeder                :   User:  alice@example.com / password
2026-04-19T22:05:47.568+05:30  INFO 37630 --- [           main] com.bms.config.DataSeeder                :   User:  bob@example.com / password
2026-04-19T22:05:53.307+05:30  INFO 37630 --- [nio-8080-exec-1] o.a.c.c.C.[Tomcat].[localhost].[/]       : Initializing Spring DispatcherServlet 'dispatcherServlet'
2026-04-19T22:05:53.307+05:30  INFO 37630 --- [nio-8080-exec-1] o.s.web.servlet.DispatcherServlet        : Initializing Servlet 'dispatcherServlet'
2026-04-19T22:05:53.310+05:30  INFO 37630 --- [nio-8080-exec-1] o.s.web.servlet.DispatcherServlet        : Completed initialization in 3 ms
Hibernate: 
    select
        u1_0.id,
        u1_0.created_at,
        u1_0.email,
        u1_0.name,
        u1_0.password,
        u1_0.role,
        u1_0.updated_at 
    from
        users u1_0 
    where
        u1_0.email=?
Hibernate: 
    select
        u1_0.id,
        u1_0.created_at,
        u1_0.email,
        u1_0.name,
        u1_0.password,
        u1_0.role,
        u1_0.updated_at 
    from
        users u1_0 
    where
        u1_0.email=?
2026-04-19T22:05:53.454+05:30  INFO 37630 --- [nio-8080-exec-1] com.bms.service.ShowServiceImpl          : Fetching show from DB: id=3
Hibernate: 
    select
        s1_0.id,
        s1_0.created_at,
        s1_0.end_time,
        e1_0.id,
        e1_0.created_at,
        e1_0.description,
        e1_0.duration_minutes,
        e1_0.event_type,
        e1_0.image_url,
        e1_0.organizer_id,
        e1_0.title,
        e1_0.updated_at,
        s1_0.price,
        s1_0.start_time,
        s1_0.updated_at,
        v1_0.id,
        v1_0.created_at,
        v1_0.layout_type,
        v1_0.location,
        v1_0.name,
        v1_0.total_capacity,
        v1_0.updated_at 
    from
        show s1_0 
    join
        event e1_0 
            on e1_0.id=s1_0.event_id 
    join
        venue v1_0 
            on v1_0.id=s1_0.venue_id 
    where
        s1_0.id=?
Hibernate: 
    select
        u1_0.id,
        u1_0.created_at,
        u1_0.email,
        u1_0.name,
        u1_0.password,
        u1_0.role,
        u1_0.updated_at 
    from
        users u1_0 
    where
        u1_0.id=?
Hibernate: 
    select
        s1_0.id,
        s1_0.created_at,
        s1_0.seat_number,
        s1_0.seat_row,
        s1_0.seat_type,
        s1_0.section_name,
        s1_0.updated_at,
        s1_0.venue_id 
    from
        seat s1_0 
    where
        s1_0.venue_id=?
Hibernate: 
    select
        bs1_0.id,
        bs1_0.booking_id,
        bs1_0.created_at,
        bs1_0.price,
        bs1_0.seat_id,
        bs1_0.show_id,
        bs1_0.updated_at 
    from
        booking_seat bs1_0 
    where
        bs1_0.show_id=?
Hibernate: 
    select
        b1_0.id,
        b1_0.booking_time,
        b1_0.created_at,
        s1_0.id,
        s1_0.created_at,
        s1_0.end_time,
        e1_0.id,
        e1_0.created_at,
        e1_0.description,
        e1_0.duration_minutes,
        e1_0.event_type,
        e1_0.image_url,
        o1_0.id,
        o1_0.created_at,
        o1_0.email,
        o1_0.name,
        o1_0.password,
        o1_0.role,
        o1_0.updated_at,
        e1_0.title,
        e1_0.updated_at,
        s1_0.price,
        s1_0.start_time,
        s1_0.updated_at,
        v1_0.id,
        v1_0.created_at,
        v1_0.layout_type,
        v1_0.location,
        v1_0.name,
        v1_0.total_capacity,
        v1_0.updated_at,
        b1_0.status,
        b1_0.total_amount,
        b1_0.updated_at,
        u1_0.id,
        u1_0.created_at,
        u1_0.email,
        u1_0.name,
        u1_0.password,
        u1_0.role,
        u1_0.updated_at 
    from
        booking b1_0 
    left join
        show s1_0 
            on s1_0.id=b1_0.show_id 
    left join
        event e1_0 
            on e1_0.id=s1_0.event_id 
    left join
        users o1_0 
            on o1_0.id=e1_0.organizer_id 
    left join
        venue v1_0 
            on v1_0.id=s1_0.venue_id 
    left join
        users u1_0 
            on u1_0.id=b1_0.user_id 
    where
        b1_0.id=?
Hibernate: 
    select
        u1_0.id,
        u1_0.created_at,
        u1_0.email,
        u1_0.name,
        u1_0.password,
        u1_0.role,
        u1_0.updated_at 
    from
        users u1_0 
    where
        u1_0.email=?
Hibernate: 
    select
        u1_0.id,
        u1_0.created_at,
        u1_0.email,
        u1_0.name,
        u1_0.password,
        u1_0.role,
        u1_0.updated_at 
    from
        users u1_0 
    where
        u1_0.email=?
2026-04-19T22:06:01.257+05:30  INFO 37630 --- [nio-8080-exec-2] com.bms.service.ShowServiceImpl          : Fetching show from DB: id=3
Hibernate: 
    select
        s1_0.id,
        s1_0.created_at,
        s1_0.end_time,
        e1_0.id,
        e1_0.created_at,
        e1_0.description,
        e1_0.duration_minutes,
        e1_0.event_type,
        e1_0.image_url,
        e1_0.organizer_id,
        e1_0.title,
        e1_0.updated_at,
        s1_0.price,
        s1_0.start_time,
        s1_0.updated_at,
        v1_0.id,
        v1_0.created_at,
        v1_0.layout_type,
        v1_0.location,
        v1_0.name,
        v1_0.total_capacity,
        v1_0.updated_at 
    from
        show s1_0 
    join
        event e1_0 
            on e1_0.id=s1_0.event_id 
    join
        venue v1_0 
            on v1_0.id=s1_0.venue_id 
    where
        s1_0.id=?
Hibernate: 
    select
        u1_0.id,
        u1_0.created_at,
        u1_0.email,
        u1_0.name,
        u1_0.password,
        u1_0.role,
        u1_0.updated_at 
    from
        users u1_0 
    where
        u1_0.id=?
Hibernate: 
    select
        s1_0.id,
        s1_0.created_at,
        s1_0.seat_number,
        s1_0.seat_row,
        s1_0.seat_type,
        s1_0.section_name,
        s1_0.updated_at,
        s1_0.venue_id 
    from
        seat s1_0 
    where
        s1_0.venue_id=?
Hibernate: 
    select
        bs1_0.id,
        bs1_0.booking_id,
        bs1_0.created_at,
        bs1_0.price,
        bs1_0.seat_id,
        bs1_0.show_id,
        bs1_0.updated_at 
    from
        booking_seat bs1_0 
    where
        bs1_0.show_id=?
Hibernate: 
    select
        b1_0.id,
        b1_0.booking_time,
        b1_0.created_at,
        s1_0.id,
        s1_0.created_at,
        s1_0.end_time,
        e1_0.id,
        e1_0.created_at,
        e1_0.description,
        e1_0.duration_minutes,
        e1_0.event_type,
        e1_0.image_url,
        o1_0.id,
        o1_0.created_at,
        o1_0.email,
        o1_0.name,
        o1_0.password,
        o1_0.role,
        o1_0.updated_at,
        e1_0.title,
        e1_0.updated_at,
        s1_0.price,
        s1_0.start_time,
        s1_0.updated_at,
        v1_0.id,
        v1_0.created_at,
        v1_0.layout_type,
        v1_0.location,
        v1_0.name,
        v1_0.total_capacity,
        v1_0.updated_at,
        b1_0.status,
        b1_0.total_amount,
        b1_0.updated_at,
        u1_0.id,
        u1_0.created_at,
        u1_0.email,
        u1_0.name,
        u1_0.password,
        u1_0.role,
        u1_0.updated_at 
    from
        booking b1_0 
    left join
        show s1_0 
            on s1_0.id=b1_0.show_id 
    left join
        event e1_0 
            on e1_0.id=s1_0.event_id 
    left join
        users o1_0 
            on o1_0.id=e1_0.organizer_id 
    left join
        venue v1_0 
            on v1_0.id=s1_0.venue_id 
    left join
        users u1_0 
            on u1_0.id=b1_0.user_id 
    where
        b1_0.id=?
Hibernate: 
    select
        u1_0.id,
        u1_0.created_at,
        u1_0.email,
        u1_0.name,
        u1_0.password,
        u1_0.role,
        u1_0.updated_at 
    from
        users u1_0 
    where
        u1_0.email=?
Hibernate: 
    select
        u1_0.id,
        u1_0.created_at,
        u1_0.email,
        u1_0.name,
        u1_0.password,
        u1_0.role,
        u1_0.updated_at 
    from
        users u1_0 
    where
        u1_0.email=?
2026-04-19T22:06:09.256+05:30  INFO 37630 --- [nio-8080-exec-3] com.bms.service.ShowServiceImpl          : Fetching show from DB: id=3
Hibernate: 
    select
        s1_0.id,
        s1_0.created_at,
        s1_0.end_time,
        e1_0.id,
        e1_0.created_at,
        e1_0.description,
        e1_0.duration_minutes,
        e1_0.event_type,
        e1_0.image_url,
        e1_0.organizer_id,
        e1_0.title,
        e1_0.updated_at,
        s1_0.price,
        s1_0.start_time,
        s1_0.updated_at,
        v1_0.id,
        v1_0.created_at,
        v1_0.layout_type,
        v1_0.location,
        v1_0.name,
        v1_0.total_capacity,
        v1_0.updated_at 
    from
        show s1_0 
    join
        event e1_0 
            on e1_0.id=s1_0.event_id 
    join
        venue v1_0 
            on v1_0.id=s1_0.venue_id 
    where
        s1_0.id=?
Hibernate: 
    select
        u1_0.id,
        u1_0.created_at,
        u1_0.email,
        u1_0.name,
        u1_0.password,
        u1_0.role,
        u1_0.updated_at 
    from
        users u1_0 
    where
        u1_0.id=?
Hibernate: 
    select
        s1_0.id,
        s1_0.created_at,
        s1_0.seat_number,
        s1_0.seat_row,
        s1_0.seat_type,
        s1_0.section_name,
        s1_0.updated_at,
        s1_0.venue_id 
    from
        seat s1_0 
    where
        s1_0.venue_id=?
Hibernate: 
    select
        bs1_0.id,
        bs1_0.booking_id,
        bs1_0.created_at,
        bs1_0.price,
        bs1_0.seat_id,
        bs1_0.show_id,
        bs1_0.updated_at 
    from
        booking_seat bs1_0 
    where
        bs1_0.show_id=?
Hibernate: 
    select
        b1_0.id,
        b1_0.booking_time,
        b1_0.created_at,
        s1_0.id,
        s1_0.created_at,
        s1_0.end_time,
        e1_0.id,
        e1_0.created_at,
        e1_0.description,
        e1_0.duration_minutes,
        e1_0.event_type,
        e1_0.image_url,
        o1_0.id,
        o1_0.created_at,
        o1_0.email,
        o1_0.name,
        o1_0.password,
        o1_0.role,
        o1_0.updated_at,
        e1_0.title,
        e1_0.updated_at,
        s1_0.price,
        s1_0.start_time,
        s1_0.updated_at,
        v1_0.id,
        v1_0.created_at,
        v1_0.layout_type,
        v1_0.location,
        v1_0.name,
        v1_0.total_capacity,
        v1_0.updated_at,
        b1_0.status,
        b1_0.total_amount,
        b1_0.updated_at,
        u1_0.id,
        u1_0.created_at,
        u1_0.email,
        u1_0.name,
        u1_0.password,
        u1_0.role,
        u1_0.updated_at 
    from
        booking b1_0 
    left join
        show s1_0 
            on s1_0.id=b1_0.show_id 
    left join
        event e1_0 
            on e1_0.id=s1_0.event_id 
    left join
        users o1_0 
            on o1_0.id=e1_0.organizer_id 
    left join
        venue v1_0 
            on v1_0.id=s1_0.venue_id 
    left join
        users u1_0 
            on u1_0.id=b1_0.user_id 
    where
        b1_0.id=?
Hibernate: 
    select
        u1_0.id,
        u1_0.created_at,
        u1_0.email,
        u1_0.name,
        u1_0.password,
        u1_0.role,
        u1_0.updated_at 
    from
        users u1_0 
    where
        u1_0.email=?
Hibernate: 
    select
        u1_0.id,
        u1_0.created_at,
        u1_0.email,
        u1_0.name,
        u1_0.password,
        u1_0.role,
        u1_0.updated_at 
    from
        users u1_0 
    where
        u1_0.email=?
2026-04-19T22:06:17.256+05:30  INFO 37630 --- [nio-8080-exec-4] com.bms.service.ShowServiceImpl          : Fetching show from DB: id=3
Hibernate: 
    select
        s1_0.id,
        s1_0.created_at,
        s1_0.end_time,
        e1_0.id,
        e1_0.created_at,
        e1_0.description,
        e1_0.duration_minutes,
        e1_0.event_type,
        e1_0.image_url,
        e1_0.organizer_id,
        e1_0.title,
        e1_0.updated_at,
        s1_0.price,
        s1_0.start_time,
        s1_0.updated_at,
        v1_0.id,
        v1_0.created_at,
        v1_0.layout_type,
        v1_0.location,
        v1_0.name,
        v1_0.total_capacity,
        v1_0.updated_at 
    from
        show s1_0 
    join
        event e1_0 
            on e1_0.id=s1_0.event_id 
    join
        venue v1_0 
            on v1_0.id=s1_0.venue_id 
    where
        s1_0.id=?
Hibernate: 
    select
        u1_0.id,
        u1_0.created_at,
        u1_0.email,
        u1_0.name,
        u1_0.password,
        u1_0.role,
        u1_0.updated_at 
    from
        users u1_0 
    where
        u1_0.id=?
Hibernate: 
    select
        s1_0.id,
        s1_0.created_at,
        s1_0.seat_number,
        s1_0.seat_row,
        s1_0.seat_type,
        s1_0.section_name,
        s1_0.updated_at,
        s1_0.venue_id 
    from
        seat s1_0 
    where
        s1_0.venue_id=?
Hibernate: 
    select
        bs1_0.id,
        bs1_0.booking_id,
        bs1_0.created_at,
        bs1_0.price,
        bs1_0.seat_id,
        bs1_0.show_id,
        bs1_0.updated_at 
    from
        booking_seat bs1_0 
    where
        bs1_0.show_id=?
Hibernate: 
    select
        b1_0.id,
        b1_0.booking_time,
        b1_0.created_at,
        s1_0.id,
        s1_0.created_at,
        s1_0.end_time,
        e1_0.id,
        e1_0.created_at,
        e1_0.description,
        e1_0.duration_minutes,
        e1_0.event_type,
        e1_0.image_url,
        o1_0.id,
        o1_0.created_at,
        o1_0.email,
        o1_0.name,
        o1_0.password,
        o1_0.role,
        o1_0.updated_at,
        e1_0.title,
        e1_0.updated_at,
        s1_0.price,
        s1_0.start_time,
        s1_0.updated_at,
        v1_0.id,
        v1_0.created_at,
        v1_0.layout_type,
        v1_0.location,
        v1_0.name,
        v1_0.total_capacity,
        v1_0.updated_at,
        b1_0.status,
        b1_0.total_amount,
        b1_0.updated_at,
        u1_0.id,
        u1_0.created_at,
        u1_0.email,
        u1_0.name,
        u1_0.password,
        u1_0.role,
        u1_0.updated_at 
    from
        booking b1_0 
    left join
        show s1_0 
            on s1_0.id=b1_0.show_id 
    left join
        event e1_0 
            on e1_0.id=s1_0.event_id 
    left join
        users o1_0 
            on o1_0.id=e1_0.organizer_id 
    left join
        venue v1_0 
            on v1_0.id=s1_0.venue_id 
    left join
        users u1_0 
            on u1_0.id=b1_0.user_id 
    where
        b1_0.id=?
Hibernate: 
    select
        u1_0.id,
        u1_0.created_at,
        u1_0.email,
        u1_0.name,
        u1_0.password,
        u1_0.role,
        u1_0.updated_at 
    from
        users u1_0 
    where
        u1_0.email=?
Hibernate: 
    select
        u1_0.id,
        u1_0.created_at,
        u1_0.email,
        u1_0.name,
        u1_0.password,
        u1_0.role,
        u1_0.updated_at 
    from
        users u1_0 
    where
        u1_0.email=?
2026-04-19T22:06:25.257+05:30  INFO 37630 --- [nio-8080-exec-5] com.bms.service.ShowServiceImpl          : Fetching show from DB: id=3
Hibernate: 
    select
        s1_0.id,
        s1_0.created_at,
        s1_0.end_time,
        e1_0.id,
        e1_0.created_at,
        e1_0.description,
        e1_0.duration_minutes,
        e1_0.event_type,
        e1_0.image_url,
        e1_0.organizer_id,
        e1_0.title,
        e1_0.updated_at,
        s1_0.price,
        s1_0.start_time,
        s1_0.updated_at,
        v1_0.id,
        v1_0.created_at,
        v1_0.layout_type,
        v1_0.location,
        v1_0.name,
        v1_0.total_capacity,
        v1_0.updated_at 
    from
        show s1_0 
    join
        event e1_0 
            on e1_0.id=s1_0.event_id 
    join
        venue v1_0 
            on v1_0.id=s1_0.venue_id 
    where
        s1_0.id=?
Hibernate: 
    select
        u1_0.id,
        u1_0.created_at,
        u1_0.email,
        u1_0.name,
        u1_0.password,
        u1_0.role,
        u1_0.updated_at 
    from
        users u1_0 
    where
        u1_0.id=?
Hibernate: 
    select
        s1_0.id,
        s1_0.created_at,
        s1_0.seat_number,
        s1_0.seat_row,
        s1_0.seat_type,
        s1_0.section_name,
        s1_0.updated_at,
        s1_0.venue_id 
    from
        seat s1_0 
    where
        s1_0.venue_id=?
Hibernate: 
    select
        bs1_0.id,
        bs1_0.booking_id,
        bs1_0.created_at,
        bs1_0.price,
        bs1_0.seat_id,
        bs1_0.show_id,
        bs1_0.updated_at 
    from
        booking_seat bs1_0 
    where
        bs1_0.show_id=?
Hibernate: 
    select
        b1_0.id,
        b1_0.booking_time,
        b1_0.created_at,
        s1_0.id,
        s1_0.created_at,
        s1_0.end_time,
        e1_0.id,
        e1_0.created_at,
        e1_0.description,
        e1_0.duration_minutes,
        e1_0.event_type,
        e1_0.image_url,
        o1_0.id,
        o1_0.created_at,
        o1_0.email,
        o1_0.name,
        o1_0.password,
        o1_0.role,
        o1_0.updated_at,
        e1_0.title,
        e1_0.updated_at,
        s1_0.price,
        s1_0.start_time,
        s1_0.updated_at,
        v1_0.id,
        v1_0.created_at,
        v1_0.layout_type,
        v1_0.location,
        v1_0.name,
        v1_0.total_capacity,
        v1_0.updated_at,
        b1_0.status,
        b1_0.total_amount,
        b1_0.updated_at,
        u1_0.id,
        u1_0.created_at,
        u1_0.email,
        u1_0.name,
        u1_0.password,
        u1_0.role,
        u1_0.updated_at 
    from
        booking b1_0 
    left join
        show s1_0 
            on s1_0.id=b1_0.show_id 
    left join
        event e1_0 
            on e1_0.id=s1_0.event_id 
    left join
        users o1_0 
            on o1_0.id=e1_0.organizer_id 
    left join
        venue v1_0 
            on v1_0.id=s1_0.venue_id 
    left join
        users u1_0 
            on u1_0.id=b1_0.user_id 
    where
        b1_0.id=?
Hibernate: 
    select
        u1_0.id,
        u1_0.created_at,
        u1_0.email,
        u1_0.name,
        u1_0.password,
        u1_0.role,
        u1_0.updated_at 
    from
        users u1_0 
    where
        u1_0.email=?
Hibernate: 
    select
        u1_0.id,
        u1_0.created_at,
        u1_0.email,
        u1_0.name,
        u1_0.password,
        u1_0.role,
        u1_0.updated_at 
    from
        users u1_0 
    where
        u1_0.email=?
2026-04-19T22:06:33.256+05:30  INFO 37630 --- [nio-8080-exec-6] com.bms.service.ShowServiceImpl          : Fetching show from DB: id=3
Hibernate: 
    select
        s1_0.id,
        s1_0.created_at,
        s1_0.end_time,
        e1_0.id,
        e1_0.created_at,
        e1_0.description,
        e1_0.duration_minutes,
        e1_0.event_type,
        e1_0.image_url,
        e1_0.organizer_id,
        e1_0.title,
        e1_0.updated_at,
        s1_0.price,
        s1_0.start_time,
        s1_0.updated_at,
        v1_0.id,
        v1_0.created_at,
        v1_0.layout_type,
        v1_0.location,
        v1_0.name,
        v1_0.total_capacity,
        v1_0.updated_at 
    from
        show s1_0 
    join
        event e1_0 
            on e1_0.id=s1_0.event_id 
    join
        venue v1_0 
            on v1_0.id=s1_0.venue_id 
    where
        s1_0.id=?
Hibernate: 
    select
        u1_0.id,
        u1_0.created_at,
        u1_0.email,
        u1_0.name,
        u1_0.password,
        u1_0.role,
        u1_0.updated_at 
    from
        users u1_0 
    where
        u1_0.id=?
Hibernate: 
    select
        s1_0.id,
        s1_0.created_at,
        s1_0.seat_number,
        s1_0.seat_row,
        s1_0.seat_type,
        s1_0.section_name,
        s1_0.updated_at,
        s1_0.venue_id 
    from
        seat s1_0 
    where
        s1_0.venue_id=?
Hibernate: 
    select
        bs1_0.id,
        bs1_0.booking_id,
        bs1_0.created_at,
        bs1_0.price,
        bs1_0.seat_id,
        bs1_0.show_id,
        bs1_0.updated_at 
    from
        booking_seat bs1_0 
    where
        bs1_0.show_id=?
Hibernate: 
    select
        b1_0.id,
        b1_0.booking_time,
        b1_0.created_at,
        s1_0.id,
        s1_0.created_at,
        s1_0.end_time,
        e1_0.id,
        e1_0.created_at,
        e1_0.description,
        e1_0.duration_minutes,
        e1_0.event_type,
        e1_0.image_url,
        o1_0.id,
        o1_0.created_at,
        o1_0.email,
        o1_0.name,
        o1_0.password,
        o1_0.role,
        o1_0.updated_at,
        e1_0.title,
        e1_0.updated_at,
        s1_0.price,
        s1_0.start_time,
        s1_0.updated_at,
        v1_0.id,
        v1_0.created_at,
        v1_0.layout_type,
        v1_0.location,
        v1_0.name,
        v1_0.total_capacity,
        v1_0.updated_at,
        b1_0.status,
        b1_0.total_amount,
        b1_0.updated_at,
        u1_0.id,
        u1_0.created_at,
        u1_0.email,
        u1_0.name,
        u1_0.password,
        u1_0.role,
        u1_0.updated_at 
    from
        booking b1_0 
    left join
        show s1_0 
            on s1_0.id=b1_0.show_id 
    left join
        event e1_0 
            on e1_0.id=s1_0.event_id 
    left join
        users o1_0 
            on o1_0.id=e1_0.organizer_id 
    left join
        venue v1_0 
            on v1_0.id=s1_0.venue_id 
    left join
        users u1_0 
            on u1_0.id=b1_0.user_id 
    where
        b1_0.id=?
Hibernate: 
    select
        u1_0.id,
        u1_0.created_at,
        u1_0.email,
        u1_0.name,
        u1_0.password,
        u1_0.role,
        u1_0.updated_at 
    from
        users u1_0 
    where
        u1_0.email=?
Hibernate: 
    select
        u1_0.id,
        u1_0.created_at,
        u1_0.email,
        u1_0.name,
        u1_0.password,
        u1_0.role,
        u1_0.updated_at 
    from
        users u1_0 
    where
        u1_0.email=?
2026-04-19T22:06:41.257+05:30  INFO 37630 --- [nio-8080-exec-7] com.bms.service.ShowServiceImpl          : Fetching show from DB: id=3
Hibernate: 
    select
        s1_0.id,
        s1_0.created_at,
        s1_0.end_time,
        e1_0.id,
        e1_0.created_at,
        e1_0.description,
        e1_0.duration_minutes,
        e1_0.event_type,
        e1_0.image_url,
        e1_0.organizer_id,
        e1_0.title,
        e1_0.updated_at,
        s1_0.price,
        s1_0.start_time,
        s1_0.updated_at,
        v1_0.id,
        v1_0.created_at,
        v1_0.layout_type,
        v1_0.location,
        v1_0.name,
        v1_0.total_capacity,
        v1_0.updated_at 
    from
        show s1_0 
    join
        event e1_0 
            on e1_0.id=s1_0.event_id 
    join
        venue v1_0 
            on v1_0.id=s1_0.venue_id 
    where
        s1_0.id=?
Hibernate: 
    select
        u1_0.id,
        u1_0.created_at,
        u1_0.email,
        u1_0.name,
        u1_0.password,
        u1_0.role,
        u1_0.updated_at 
    from
        users u1_0 
    where
        u1_0.id=?
Hibernate: 
    select
        s1_0.id,
        s1_0.created_at,
        s1_0.seat_number,
        s1_0.seat_row,
        s1_0.seat_type,
        s1_0.section_name,
        s1_0.updated_at,
        s1_0.venue_id 
    from
        seat s1_0 
    where
        s1_0.venue_id=?
Hibernate: 
    select
        bs1_0.id,
        bs1_0.booking_id,
        bs1_0.created_at,
        bs1_0.price,
        bs1_0.seat_id,
        bs1_0.show_id,
        bs1_0.updated_at 
    from
        booking_seat bs1_0 
    where
        bs1_0.show_id=?
Hibernate: 
    select
        b1_0.id,
        b1_0.booking_time,
        b1_0.created_at,
        s1_0.id,
        s1_0.created_at,
        s1_0.end_time,
        e1_0.id,
        e1_0.created_at,
        e1_0.description,
        e1_0.duration_minutes,
        e1_0.event_type,
        e1_0.image_url,
        o1_0.id,
        o1_0.created_at,
        o1_0.email,
        o1_0.name,
        o1_0.password,
        o1_0.role,
        o1_0.updated_at,
        e1_0.title,
        e1_0.updated_at,
        s1_0.price,
        s1_0.start_time,
        s1_0.updated_at,
        v1_0.id,
        v1_0.created_at,
        v1_0.layout_type,
        v1_0.location,
        v1_0.name,
        v1_0.total_capacity,
        v1_0.updated_at,
        b1_0.status,
        b1_0.total_amount,
        b1_0.updated_at,
        u1_0.id,
        u1_0.created_at,
        u1_0.email,
        u1_0.name,
        u1_0.password,
        u1_0.role,
        u1_0.updated_at 
    from
        booking b1_0 
    left join
        show s1_0 
            on s1_0.id=b1_0.show_id 
    left join
        event e1_0 
            on e1_0.id=s1_0.event_id 
    left join
        users o1_0 
            on o1_0.id=e1_0.organizer_id 
    left join
        venue v1_0 
            on v1_0.id=s1_0.venue_id 
    left join
        users u1_0 
            on u1_0.id=b1_0.user_id 
    where
        b1_0.id=?
Hibernate: 
    select
        u1_0.id,
        u1_0.created_at,
        u1_0.email,
        u1_0.name,
        u1_0.password,
        u1_0.role,
        u1_0.updated_at 
    from
        users u1_0 
    where
        u1_0.email=?
Hibernate: 
    select
        u1_0.id,
        u1_0.created_at,
        u1_0.email,
        u1_0.name,
        u1_0.password,
        u1_0.role,
        u1_0.updated_at 
    from
        users u1_0 
    where
        u1_0.email=?
2026-04-19T22:06:49.262+05:30  INFO 37630 --- [nio-8080-exec-8] com.bms.service.ShowServiceImpl          : Fetching show from DB: id=3
Hibernate: 
    select
        s1_0.id,
        s1_0.created_at,
        s1_0.end_time,
        e1_0.id,
        e1_0.created_at,
        e1_0.description,
        e1_0.duration_minutes,
        e1_0.event_type,
        e1_0.image_url,
        e1_0.organizer_id,
        e1_0.title,
        e1_0.updated_at,
        s1_0.price,
        s1_0.start_time,
        s1_0.updated_at,
        v1_0.id,
        v1_0.created_at,
        v1_0.layout_type,
        v1_0.location,
        v1_0.name,
        v1_0.total_capacity,
        v1_0.updated_at 
    from
        show s1_0 
    join
        event e1_0 
            on e1_0.id=s1_0.event_id 
    join
        venue v1_0 
            on v1_0.id=s1_0.venue_id 
    where
        s1_0.id=?
Hibernate: 
    select
        u1_0.id,
        u1_0.created_at,
        u1_0.email,
        u1_0.name,
        u1_0.password,
        u1_0.role,
        u1_0.updated_at 
    from
        users u1_0 
    where
        u1_0.id=?
Hibernate: 
    select
        s1_0.id,
        s1_0.created_at,
        s1_0.seat_number,
        s1_0.seat_row,
        s1_0.seat_type,
        s1_0.section_name,
        s1_0.updated_at,
        s1_0.venue_id 
    from
        seat s1_0 
    where
        s1_0.venue_id=?
Hibernate: 
    select
        bs1_0.id,
        bs1_0.booking_id,
        bs1_0.created_at,
        bs1_0.price,
        bs1_0.seat_id,
        bs1_0.show_id,
        bs1_0.updated_at 
    from
        booking_seat bs1_0 
    where
        bs1_0.show_id=?
Hibernate: 
    select
        b1_0.id,
        b1_0.booking_time,
        b1_0.created_at,
        s1_0.id,
        s1_0.created_at,
        s1_0.end_time,
        e1_0.id,
        e1_0.created_at,
        e1_0.description,
        e1_0.duration_minutes,
        e1_0.event_type,
        e1_0.image_url,
        o1_0.id,
        o1_0.created_at,
        o1_0.email,
        o1_0.name,
        o1_0.password,
        o1_0.role,
        o1_0.updated_at,
        e1_0.title,
        e1_0.updated_at,
        s1_0.price,
        s1_0.start_time,
        s1_0.updated_at,
        v1_0.id,
        v1_0.created_at,
        v1_0.layout_type,
        v1_0.location,
        v1_0.name,
        v1_0.total_capacity,
        v1_0.updated_at,
        b1_0.status,
        b1_0.total_amount,
        b1_0.updated_at,
        u1_0.id,
        u1_0.created_at,
        u1_0.email,
        u1_0.name,
        u1_0.password,
        u1_0.role,
        u1_0.updated_at 
    from
        booking b1_0 
    left join
        show s1_0 
            on s1_0.id=b1_0.show_id 
    left join
        event e1_0 
            on e1_0.id=s1_0.event_id 
    left join
        users o1_0 
            on o1_0.id=e1_0.organizer_id 
    left join
        venue v1_0 
            on v1_0.id=s1_0.venue_id 
    left join
        users u1_0 
            on u1_0.id=b1_0.user_id 
    where
        b1_0.id=?
Hibernate: 
    select
        u1_0.id,
        u1_0.created_at,
        u1_0.email,
        u1_0.name,
        u1_0.password,
        u1_0.role,
        u1_0.updated_at 
    from
        users u1_0 
    where
        u1_0.email=?
Hibernate: 
    select
        u1_0.id,
        u1_0.created_at,
        u1_0.email,
        u1_0.name,
        u1_0.password,
        u1_0.role,
        u1_0.updated_at 
    from
        users u1_0 
    where
        u1_0.email=?
2026-04-19T22:06:57.254+05:30  INFO 37630 --- [nio-8080-exec-9] com.bms.service.ShowServiceImpl          : Fetching show from DB: id=3
Hibernate: 
    select
        s1_0.id,
        s1_0.created_at,
        s1_0.end_time,
        e1_0.id,
        e1_0.created_at,
        e1_0.description,
        e1_0.duration_minutes,
        e1_0.event_type,
        e1_0.image_url,
        e1_0.organizer_id,
        e1_0.title,
        e1_0.updated_at,
        s1_0.price,
        s1_0.start_time,
        s1_0.updated_at,
        v1_0.id,
        v1_0.created_at,
        v1_0.layout_type,
        v1_0.location,
        v1_0.name,
        v1_0.total_capacity,
        v1_0.updated_at 
    from
        show s1_0 
    join
        event e1_0 
            on e1_0.id=s1_0.event_id 
    join
        venue v1_0 
            on v1_0.id=s1_0.venue_id 
    where
        s1_0.id=?
Hibernate: 
    select
        u1_0.id,
        u1_0.created_at,
        u1_0.email,
        u1_0.name,
        u1_0.password,
        u1_0.role,
        u1_0.updated_at 
    from
        users u1_0 
    where
        u1_0.id=?
Hibernate: 
    select
        s1_0.id,
        s1_0.created_at,
        s1_0.seat_number,
        s1_0.seat_row,
        s1_0.seat_type,
        s1_0.section_name,
        s1_0.updated_at,
        s1_0.venue_id 
    from
        seat s1_0 
    where
        s1_0.venue_id=?
Hibernate: 
    select
        bs1_0.id,
        bs1_0.booking_id,
        bs1_0.created_at,
        bs1_0.price,
        bs1_0.seat_id,
        bs1_0.show_id,
        bs1_0.updated_at 
    from
        booking_seat bs1_0 
    where
        bs1_0.show_id=?
Hibernate: 
    select
        b1_0.id,
        b1_0.booking_time,
        b1_0.created_at,
        s1_0.id,
        s1_0.created_at,
        s1_0.end_time,
        e1_0.id,
        e1_0.created_at,
        e1_0.description,
        e1_0.duration_minutes,
        e1_0.event_type,
        e1_0.image_url,
        o1_0.id,
        o1_0.created_at,
        o1_0.email,
        o1_0.name,
        o1_0.password,
        o1_0.role,
        o1_0.updated_at,
        e1_0.title,
        e1_0.updated_at,
        s1_0.price,
        s1_0.start_time,
        s1_0.updated_at,
        v1_0.id,
        v1_0.created_at,
        v1_0.layout_type,
        v1_0.location,
        v1_0.name,
        v1_0.total_capacity,
        v1_0.updated_at,
        b1_0.status,
        b1_0.total_amount,
        b1_0.updated_at,
        u1_0.id,
        u1_0.created_at,
        u1_0.email,
        u1_0.name,
        u1_0.password,
        u1_0.role,
        u1_0.updated_at 
    from
        booking b1_0 
    left join
        show s1_0 
            on s1_0.id=b1_0.show_id 
    left join
        event e1_0 
            on e1_0.id=s1_0.event_id 
    left join
        users o1_0 
            on o1_0.id=e1_0.organizer_id 
    left join
        venue v1_0 
            on v1_0.id=s1_0.venue_id 
    left join
        users u1_0 
            on u1_0.id=b1_0.user_id 
    where
        b1_0.id=?
Hibernate: 
    select
        u1_0.id,
        u1_0.created_at,
        u1_0.email,
        u1_0.name,
        u1_0.password,
        u1_0.role,
        u1_0.updated_at 
    from
        users u1_0 
    where
        u1_0.email=?
Hibernate: 
    select
        u1_0.id,
        u1_0.created_at,
        u1_0.email,
        u1_0.name,
        u1_0.password,
        u1_0.role,
        u1_0.updated_at 
    from
        users u1_0 
    where
        u1_0.email=?
2026-04-19T22:07:05.255+05:30  INFO 37630 --- [io-8080-exec-10] com.bms.service.ShowServiceImpl          : Fetching show from DB: id=3
Hibernate: 
    select
        s1_0.id,
        s1_0.created_at,
        s1_0.end_time,
        e1_0.id,
        e1_0.created_at,
        e1_0.description,
        e1_0.duration_minutes,
        e1_0.event_type,
        e1_0.image_url,
        e1_0.organizer_id,
        e1_0.title,
        e1_0.updated_at,
        s1_0.price,
        s1_0.start_time,
        s1_0.updated_at,
        v1_0.id,
        v1_0.created_at,
        v1_0.layout_type,
        v1_0.location,
        v1_0.name,
        v1_0.total_capacity,
        v1_0.updated_at 
    from
        show s1_0 
    join
        event e1_0 
            on e1_0.id=s1_0.event_id 
    join
        venue v1_0 
            on v1_0.id=s1_0.venue_id 
    where
        s1_0.id=?
Hibernate: 
    select
        u1_0.id,
        u1_0.created_at,
        u1_0.email,
        u1_0.name,
        u1_0.password,
        u1_0.role,
        u1_0.updated_at 
    from
        users u1_0 
    where
        u1_0.id=?
Hibernate: 
    select
        s1_0.id,
        s1_0.created_at,
        s1_0.seat_number,
        s1_0.seat_row,
        s1_0.seat_type,
        s1_0.section_name,
        s1_0.updated_at,
        s1_0.venue_id 
    from
        seat s1_0 
    where
        s1_0.venue_id=?
Hibernate: 
    select
        bs1_0.id,
        bs1_0.booking_id,
        bs1_0.created_at,
        bs1_0.price,
        bs1_0.seat_id,
        bs1_0.show_id,
        bs1_0.updated_at 
    from
        booking_seat bs1_0 
    where
        bs1_0.show_id=?
Hibernate: 
    select
        b1_0.id,
        b1_0.booking_time,
        b1_0.created_at,
        s1_0.id,
        s1_0.created_at,
        s1_0.end_time,
        e1_0.id,
        e1_0.created_at,
        e1_0.description,
        e1_0.duration_minutes,
        e1_0.event_type,
        e1_0.image_url,
        o1_0.id,
        o1_0.created_at,
        o1_0.email,
        o1_0.name,
        o1_0.password,
        o1_0.role,
        o1_0.updated_at,
        e1_0.title,
        e1_0.updated_at,
        s1_0.price,
        s1_0.start_time,
        s1_0.updated_at,
        v1_0.id,
        v1_0.created_at,
        v1_0.layout_type,
        v1_0.location,
        v1_0.name,
        v1_0.total_capacity,
        v1_0.updated_at,
        b1_0.status,
        b1_0.total_amount,
        b1_0.updated_at,
        u1_0.id,
        u1_0.created_at,
        u1_0.email,
        u1_0.name,
        u1_0.password,
        u1_0.role,
        u1_0.updated_at 
    from
        booking b1_0 
    left join
        show s1_0 
            on s1_0.id=b1_0.show_id 
    left join
        event e1_0 
            on e1_0.id=s1_0.event_id 
    left join
        users o1_0 
            on o1_0.id=e1_0.organizer_id 
    left join
        venue v1_0 
            on v1_0.id=s1_0.venue_id 
    left join
        users u1_0 
            on u1_0.id=b1_0.user_id 
    where
        b1_0.id=?
Hibernate: 
    select
        u1_0.id,
        u1_0.created_at,
        u1_0.email,
        u1_0.name,
        u1_0.password,
        u1_0.role,
        u1_0.updated_at 
    from
        users u1_0 
    where
        u1_0.email=?
Hibernate: 
    select
        u1_0.id,
        u1_0.created_at,
        u1_0.email,
        u1_0.name,
        u1_0.password,
        u1_0.role,
        u1_0.updated_at 
    from
        users u1_0 
    where
        u1_0.email=?
2026-04-19T22:07:13.254+05:30  INFO 37630 --- [nio-8080-exec-1] com.bms.service.ShowServiceImpl          : Fetching show from DB: id=3
Hibernate: 
    select
        s1_0.id,
        s1_0.created_at,
        s1_0.end_time,
        e1_0.id,
        e1_0.created_at,
        e1_0.description,
        e1_0.duration_minutes,
        e1_0.event_type,
        e1_0.image_url,
        e1_0.organizer_id,
        e1_0.title,
        e1_0.updated_at,
        s1_0.price,
        s1_0.start_time,
        s1_0.updated_at,
        v1_0.id,
        v1_0.created_at,
        v1_0.layout_type,
        v1_0.location,
        v1_0.name,
        v1_0.total_capacity,
        v1_0.updated_at 
    from
        show s1_0 
    join
        event e1_0 
            on e1_0.id=s1_0.event_id 
    join
        venue v1_0 
            on v1_0.id=s1_0.venue_id 
    where
        s1_0.id=?
Hibernate: 
    select
        u1_0.id,
        u1_0.created_at,
        u1_0.email,
        u1_0.name,
        u1_0.password,
        u1_0.role,
        u1_0.updated_at 
    from
        users u1_0 
    where
        u1_0.id=?
Hibernate: 
    select
        s1_0.id,
        s1_0.created_at,
        s1_0.seat_number,
        s1_0.seat_row,
        s1_0.seat_type,
        s1_0.section_name,
        s1_0.updated_at,
        s1_0.venue_id 
    from
        seat s1_0 
    where
        s1_0.venue_id=?
Hibernate: 
    select
        bs1_0.id,
        bs1_0.booking_id,
        bs1_0.created_at,
        bs1_0.price,
        bs1_0.seat_id,
        bs1_0.show_id,
        bs1_0.updated_at 
    from
        booking_seat bs1_0 
    where
        bs1_0.show_id=?
Hibernate: 
    select
        b1_0.id,
        b1_0.booking_time,
        b1_0.created_at,
        s1_0.id,
        s1_0.created_at,
        s1_0.end_time,
        e1_0.id,
        e1_0.created_at,
        e1_0.description,
        e1_0.duration_minutes,
        e1_0.event_type,
        e1_0.image_url,
        o1_0.id,
        o1_0.created_at,
        o1_0.email,
        o1_0.name,
        o1_0.password,
        o1_0.role,
        o1_0.updated_at,
        e1_0.title,
        e1_0.updated_at,
        s1_0.price,
        s1_0.start_time,
        s1_0.updated_at,
        v1_0.id,
        v1_0.created_at,
        v1_0.layout_type,
        v1_0.location,
        v1_0.name,
        v1_0.total_capacity,
        v1_0.updated_at,
        b1_0.status,
        b1_0.total_amount,
        b1_0.updated_at,
        u1_0.id,
        u1_0.created_at,
        u1_0.email,
        u1_0.name,
        u1_0.password,
        u1_0.role,
        u1_0.updated_at 
    from
        booking b1_0 
    left join
        show s1_0 
            on s1_0.id=b1_0.show_id 
    left join
        event e1_0 
            on e1_0.id=s1_0.event_id 
    left join
        users o1_0 
            on o1_0.id=e1_0.organizer_id 
    left join
        venue v1_0 
            on v1_0.id=s1_0.venue_id 
    left join
        users u1_0 
            on u1_0.id=b1_0.user_id 
    where
        b1_0.id=?
Hibernate: 
    select
        u1_0.id,
        u1_0.created_at,
        u1_0.email,
        u1_0.name,
        u1_0.password,
        u1_0.role,
        u1_0.updated_at 
    from
        users u1_0 
    where
        u1_0.email=?
Hibernate: 
    select
        u1_0.id,
        u1_0.created_at,
        u1_0.email,
        u1_0.name,
        u1_0.password,
        u1_0.role,
        u1_0.updated_at 
    from
        users u1_0 
    where
        u1_0.email=?
2026-04-19T22:07:21.252+05:30  INFO 37630 --- [nio-8080-exec-2] com.bms.service.ShowServiceImpl          : Fetching show from DB: id=3
Hibernate: 
    select
        s1_0.id,
        s1_0.created_at,
        s1_0.end_time,
        e1_0.id,
        e1_0.created_at,
        e1_0.description,
        e1_0.duration_minutes,
        e1_0.event_type,
        e1_0.image_url,
        e1_0.organizer_id,
        e1_0.title,
        e1_0.updated_at,
        s1_0.price,
        s1_0.start_time,
        s1_0.updated_at,
        v1_0.id,
        v1_0.created_at,
        v1_0.layout_type,
        v1_0.location,
        v1_0.name,
        v1_0.total_capacity,
        v1_0.updated_at 
    from
        show s1_0 
    join
        event e1_0 
            on e1_0.id=s1_0.event_id 
    join
        venue v1_0 
            on v1_0.id=s1_0.venue_id 
    where
        s1_0.id=?
Hibernate: 
    select
        u1_0.id,
        u1_0.created_at,
        u1_0.email,
        u1_0.name,
        u1_0.password,
        u1_0.role,
        u1_0.updated_at 
    from
        users u1_0 
    where
        u1_0.id=?
Hibernate: 
    select
        s1_0.id,
        s1_0.created_at,
        s1_0.seat_number,
        s1_0.seat_row,
        s1_0.seat_type,
        s1_0.section_name,
        s1_0.updated_at,
        s1_0.venue_id 
    from
        seat s1_0 
    where
        s1_0.venue_id=?
Hibernate: 
    select
        bs1_0.id,
        bs1_0.booking_id,
        bs1_0.created_at,
        bs1_0.price,
        bs1_0.seat_id,
        bs1_0.show_id,
        bs1_0.updated_at 
    from
        booking_seat bs1_0 
    where
        bs1_0.show_id=?
Hibernate: 
    select
        b1_0.id,
        b1_0.booking_time,
        b1_0.created_at,
        s1_0.id,
        s1_0.created_at,
        s1_0.end_time,
        e1_0.id,
        e1_0.created_at,
        e1_0.description,
        e1_0.duration_minutes,
        e1_0.event_type,
        e1_0.image_url,
        o1_0.id,
        o1_0.created_at,
        o1_0.email,
        o1_0.name,
        o1_0.password,
        o1_0.role,
        o1_0.updated_at,
        e1_0.title,
        e1_0.updated_at,
        s1_0.price,
        s1_0.start_time,
        s1_0.updated_at,
        v1_0.id,
        v1_0.created_at,
        v1_0.layout_type,
        v1_0.location,
        v1_0.name,
        v1_0.total_capacity,
        v1_0.updated_at,
        b1_0.status,
        b1_0.total_amount,
        b1_0.updated_at,
        u1_0.id,
        u1_0.created_at,
        u1_0.email,
        u1_0.name,
        u1_0.password,
        u1_0.role,
        u1_0.updated_at 
    from
        booking b1_0 
    left join
        show s1_0 
            on s1_0.id=b1_0.show_id 
    left join
        event e1_0 
            on e1_0.id=s1_0.event_id 
    left join
        users o1_0 
            on o1_0.id=e1_0.organizer_id 
    left join
        venue v1_0 
            on v1_0.id=s1_0.venue_id 
    left join
        users u1_0 
            on u1_0.id=b1_0.user_id 
    where
        b1_0.id=?
Hibernate: 
    select
        u1_0.id,
        u1_0.created_at,
        u1_0.email,
        u1_0.name,
        u1_0.password,
        u1_0.role,
        u1_0.updated_at 
    from
        users u1_0 
    where
        u1_0.email=?
Hibernate: 
    select
        u1_0.id,
        u1_0.created_at,
        u1_0.email,
        u1_0.name,
        u1_0.password,
        u1_0.role,
        u1_0.updated_at 
    from
        users u1_0 
    where
        u1_0.email=?
2026-04-19T22:07:29.259+05:30  INFO 37630 --- [nio-8080-exec-3] com.bms.service.ShowServiceImpl          : Fetching show from DB: id=3
Hibernate: 
    select
        s1_0.id,
        s1_0.created_at,
        s1_0.end_time,
        e1_0.id,
        e1_0.created_at,
        e1_0.description,
        e1_0.duration_minutes,
        e1_0.event_type,
        e1_0.image_url,
        e1_0.organizer_id,
        e1_0.title,
        e1_0.updated_at,
        s1_0.price,
        s1_0.start_time,
        s1_0.updated_at,
        v1_0.id,
        v1_0.created_at,
        v1_0.layout_type,
        v1_0.location,
        v1_0.name,
        v1_0.total_capacity,
        v1_0.updated_at 
    from
        show s1_0 
    join
        event e1_0 
            on e1_0.id=s1_0.event_id 
    join
        venue v1_0 
            on v1_0.id=s1_0.venue_id 
    where
        s1_0.id=?
Hibernate: 
    select
        u1_0.id,
        u1_0.created_at,
        u1_0.email,
        u1_0.name,
        u1_0.password,
        u1_0.role,
        u1_0.updated_at 
    from
        users u1_0 
    where
        u1_0.id=?
Hibernate: 
    select
        s1_0.id,
        s1_0.created_at,
        s1_0.seat_number,
        s1_0.seat_row,
        s1_0.seat_type,
        s1_0.section_name,
        s1_0.updated_at,
        s1_0.venue_id 
    from
        seat s1_0 
    where
        s1_0.venue_id=?
Hibernate: 
    select
        bs1_0.id,
        bs1_0.booking_id,
        bs1_0.created_at,
        bs1_0.price,
        bs1_0.seat_id,
        bs1_0.show_id,
        bs1_0.updated_at 
    from
        booking_seat bs1_0 
    where
        bs1_0.show_id=?
Hibernate: 
    select
        b1_0.id,
        b1_0.booking_time,
        b1_0.created_at,
        s1_0.id,
        s1_0.created_at,
        s1_0.end_time,
        e1_0.id,
        e1_0.created_at,
        e1_0.description,
        e1_0.duration_minutes,
        e1_0.event_type,
        e1_0.image_url,
        o1_0.id,
        o1_0.created_at,
        o1_0.email,
        o1_0.name,
        o1_0.password,
        o1_0.role,
        o1_0.updated_at,
        e1_0.title,
        e1_0.updated_at,
        s1_0.price,
        s1_0.start_time,
        s1_0.updated_at,
        v1_0.id,
        v1_0.created_at,
        v1_0.layout_type,
        v1_0.location,
        v1_0.name,
        v1_0.total_capacity,
        v1_0.updated_at,
        b1_0.status,
        b1_0.total_amount,
        b1_0.updated_at,
        u1_0.id,
        u1_0.created_at,
        u1_0.email,
        u1_0.name,
        u1_0.password,
        u1_0.role,
        u1_0.updated_at 
    from
        booking b1_0 
    left join
        show s1_0 
            on s1_0.id=b1_0.show_id 
    left join
        event e1_0 
            on e1_0.id=s1_0.event_id 
    left join
        users o1_0 
            on o1_0.id=e1_0.organizer_id 
    left join
        venue v1_0 
            on v1_0.id=s1_0.venue_id 
    left join
        users u1_0 
            on u1_0.id=b1_0.user_id 
    where
        b1_0.id=?
Hibernate: 
    select
        u1_0.id,
        u1_0.created_at,
        u1_0.email,
        u1_0.name,
        u1_0.password,
        u1_0.role,
        u1_0.updated_at 
    from
        users u1_0 
    where
        u1_0.email=?
Hibernate: 
    select
        u1_0.id,
        u1_0.created_at,
        u1_0.email,
        u1_0.name,
        u1_0.password,
        u1_0.role,
        u1_0.updated_at 
    from
        users u1_0 
    where
        u1_0.email=?
2026-04-19T22:07:37.254+05:30  INFO 37630 --- [nio-8080-exec-4] com.bms.service.ShowServiceImpl          : Fetching show from DB: id=3
Hibernate: 
    select
        s1_0.id,
        s1_0.created_at,
        s1_0.end_time,
        e1_0.id,
        e1_0.created_at,
        e1_0.description,
        e1_0.duration_minutes,
        e1_0.event_type,
        e1_0.image_url,
        e1_0.organizer_id,
        e1_0.title,
        e1_0.updated_at,
        s1_0.price,
        s1_0.start_time,
        s1_0.updated_at,
        v1_0.id,
        v1_0.created_at,
        v1_0.layout_type,
        v1_0.location,
        v1_0.name,
        v1_0.total_capacity,
        v1_0.updated_at 
    from
        show s1_0 
    join
        event e1_0 
            on e1_0.id=s1_0.event_id 
    join
        venue v1_0 
            on v1_0.id=s1_0.venue_id 
    where
        s1_0.id=?
Hibernate: 
    select
        u1_0.id,
        u1_0.created_at,
        u1_0.email,
        u1_0.name,
        u1_0.password,
        u1_0.role,
        u1_0.updated_at 
    from
        users u1_0 
    where
        u1_0.id=?
Hibernate: 
    select
        s1_0.id,
        s1_0.created_at,
        s1_0.seat_number,
        s1_0.seat_row,
        s1_0.seat_type,
        s1_0.section_name,
        s1_0.updated_at,
        s1_0.venue_id 
    from
        seat s1_0 
    where
        s1_0.venue_id=?
Hibernate: 
    select
        bs1_0.id,
        bs1_0.booking_id,
        bs1_0.created_at,
        bs1_0.price,
        bs1_0.seat_id,
        bs1_0.show_id,
        bs1_0.updated_at 
    from
        booking_seat bs1_0 
    where
        bs1_0.show_id=?
Hibernate: 
    select
        b1_0.id,
        b1_0.booking_time,
        b1_0.created_at,
        s1_0.id,
        s1_0.created_at,
        s1_0.end_time,
        e1_0.id,
        e1_0.created_at,
        e1_0.description,
        e1_0.duration_minutes,
        e1_0.event_type,
        e1_0.image_url,
        o1_0.id,
        o1_0.created_at,
        o1_0.email,
        o1_0.name,
        o1_0.password,
        o1_0.role,
        o1_0.updated_at,
        e1_0.title,
        e1_0.updated_at,
        s1_0.price,
        s1_0.start_time,
        s1_0.updated_at,
        v1_0.id,
        v1_0.created_at,
        v1_0.layout_type,
        v1_0.location,
        v1_0.name,
        v1_0.total_capacity,
        v1_0.updated_at,
        b1_0.status,
        b1_0.total_amount,
        b1_0.updated_at,
        u1_0.id,
        u1_0.created_at,
        u1_0.email,
        u1_0.name,
        u1_0.password,
        u1_0.role,
        u1_0.updated_at 
    from
        booking b1_0 
    left join
        show s1_0 
            on s1_0.id=b1_0.show_id 
    left join
        event e1_0 
            on e1_0.id=s1_0.event_id 
    left join
        users o1_0 
            on o1_0.id=e1_0.organizer_id 
    left join
        venue v1_0 
            on v1_0.id=s1_0.venue_id 
    left join
        users u1_0 
            on u1_0.id=b1_0.user_id 
    where
        b1_0.id=?
Hibernate: 
    select
        u1_0.id,
        u1_0.created_at,
        u1_0.email,
        u1_0.name,
        u1_0.password,
        u1_0.role,
        u1_0.updated_at 
    from
        users u1_0 
    where
        u1_0.email=?
Hibernate: 
    select
        u1_0.id,
        u1_0.created_at,
        u1_0.email,
        u1_0.name,
        u1_0.password,
        u1_0.role,
        u1_0.updated_at 
    from
        users u1_0 
    where
        u1_0.email=?
2026-04-19T22:07:45.253+05:30  INFO 37630 --- [nio-8080-exec-5] com.bms.service.ShowServiceImpl          : Fetching show from DB: id=3
Hibernate: 
    select
        s1_0.id,
        s1_0.created_at,
        s1_0.end_time,
        e1_0.id,
        e1_0.created_at,
        e1_0.description,
        e1_0.duration_minutes,
        e1_0.event_type,
        e1_0.image_url,
        e1_0.organizer_id,
        e1_0.title,
        e1_0.updated_at,
        s1_0.price,
        s1_0.start_time,
        s1_0.updated_at,
        v1_0.id,
        v1_0.created_at,
        v1_0.layout_type,
        v1_0.location,
        v1_0.name,
        v1_0.total_capacity,
        v1_0.updated_at 
    from
        show s1_0 
    join
        event e1_0 
            on e1_0.id=s1_0.event_id 
    join
        venue v1_0 
            on v1_0.id=s1_0.venue_id 
    where
        s1_0.id=?
Hibernate: 
    select
        u1_0.id,
        u1_0.created_at,
        u1_0.email,
        u1_0.name,
        u1_0.password,
        u1_0.role,
        u1_0.updated_at 
    from
        users u1_0 
    where
        u1_0.id=?
Hibernate: 
    select
        s1_0.id,
        s1_0.created_at,
        s1_0.seat_number,
        s1_0.seat_row,
        s1_0.seat_type,
        s1_0.section_name,
        s1_0.updated_at,
        s1_0.venue_id 
    from
        seat s1_0 
    where
        s1_0.venue_id=?
Hibernate: 
    select
        bs1_0.id,
        bs1_0.booking_id,
        bs1_0.created_at,
        bs1_0.price,
        bs1_0.seat_id,
        bs1_0.show_id,
        bs1_0.updated_at 
    from
        booking_seat bs1_0 
    where
        bs1_0.show_id=?
Hibernate: 
    select
        b1_0.id,
        b1_0.booking_time,
        b1_0.created_at,
        s1_0.id,
        s1_0.created_at,
        s1_0.end_time,
        e1_0.id,
        e1_0.created_at,
        e1_0.description,
        e1_0.duration_minutes,
        e1_0.event_type,
        e1_0.image_url,
        o1_0.id,
        o1_0.created_at,
        o1_0.email,
        o1_0.name,
        o1_0.password,
        o1_0.role,
        o1_0.updated_at,
        e1_0.title,
        e1_0.updated_at,
        s1_0.price,
        s1_0.start_time,
        s1_0.updated_at,
        v1_0.id,
        v1_0.created_at,
        v1_0.layout_type,
        v1_0.location,
        v1_0.name,
        v1_0.total_capacity,
        v1_0.updated_at,
        b1_0.status,
        b1_0.total_amount,
        b1_0.updated_at,
        u1_0.id,
        u1_0.created_at,
        u1_0.email,
        u1_0.name,
        u1_0.password,
        u1_0.role,
        u1_0.updated_at 
    from
        booking b1_0 
    left join
        show s1_0 
            on s1_0.id=b1_0.show_id 
    left join
        event e1_0 
            on e1_0.id=s1_0.event_id 
    left join
        users o1_0 
            on o1_0.id=e1_0.organizer_id 
    left join
        venue v1_0 
            on v1_0.id=s1_0.venue_id 
    left join
        users u1_0 
            on u1_0.id=b1_0.user_id 
    where
        b1_0.id=?
Hibernate: 
    select
        u1_0.id,
        u1_0.created_at,
        u1_0.email,
        u1_0.name,
        u1_0.password,
        u1_0.role,
        u1_0.updated_at 
    from
        users u1_0 
    where
        u1_0.email=?
Hibernate: 
    select
        u1_0.id,
        u1_0.created_at,
        u1_0.email,
        u1_0.name,
        u1_0.password,
        u1_0.role,
        u1_0.updated_at 
    from
        users u1_0 
    where
        u1_0.email=?
2026-04-19T22:07:53.254+05:30  INFO 37630 --- [nio-8080-exec-6] com.bms.service.ShowServiceImpl          : Fetching show from DB: id=3
Hibernate: 
    select
        s1_0.id,
        s1_0.created_at,
        s1_0.end_time,
        e1_0.id,
        e1_0.created_at,
        e1_0.description,
        e1_0.duration_minutes,
        e1_0.event_type,
        e1_0.image_url,
        e1_0.organizer_id,
        e1_0.title,
        e1_0.updated_at,
        s1_0.price,
        s1_0.start_time,
        s1_0.updated_at,
        v1_0.id,
        v1_0.created_at,
        v1_0.layout_type,
        v1_0.location,
        v1_0.name,
        v1_0.total_capacity,
        v1_0.updated_at 
    from
        show s1_0 
    join
        event e1_0 
            on e1_0.id=s1_0.event_id 
    join
        venue v1_0 
            on v1_0.id=s1_0.venue_id 
    where
        s1_0.id=?
Hibernate: 
    select
        u1_0.id,
        u1_0.created_at,
        u1_0.email,
        u1_0.name,
        u1_0.password,
        u1_0.role,
        u1_0.updated_at 
    from
        users u1_0 
    where
        u1_0.id=?
Hibernate: 
    select
        s1_0.id,
        s1_0.created_at,
        s1_0.seat_number,
        s1_0.seat_row,
        s1_0.seat_type,
        s1_0.section_name,
        s1_0.updated_at,
        s1_0.venue_id 
    from
        seat s1_0 
    where
        s1_0.venue_id=?
Hibernate: 
    select
        bs1_0.id,
        bs1_0.booking_id,
        bs1_0.created_at,
        bs1_0.price,
        bs1_0.seat_id,
        bs1_0.show_id,
        bs1_0.updated_at 
    from
        booking_seat bs1_0 
    where
        bs1_0.show_id=?
Hibernate: 
    select
        b1_0.id,
        b1_0.booking_time,
        b1_0.created_at,
        s1_0.id,
        s1_0.created_at,
        s1_0.end_time,
        e1_0.id,
        e1_0.created_at,
        e1_0.description,
        e1_0.duration_minutes,
        e1_0.event_type,
        e1_0.image_url,
        o1_0.id,
        o1_0.created_at,
        o1_0.email,
        o1_0.name,
        o1_0.password,
        o1_0.role,
        o1_0.updated_at,
        e1_0.title,
        e1_0.updated_at,
        s1_0.price,
        s1_0.start_time,
        s1_0.updated_at,
        v1_0.id,
        v1_0.created_at,
        v1_0.layout_type,
        v1_0.location,
        v1_0.name,
        v1_0.total_capacity,
        v1_0.updated_at,
        b1_0.status,
        b1_0.total_amount,
        b1_0.updated_at,
        u1_0.id,
        u1_0.created_at,
        u1_0.email,
        u1_0.name,
        u1_0.password,
        u1_0.role,
        u1_0.updated_at 
    from
        booking b1_0 
    left join
        show s1_0 
            on s1_0.id=b1_0.show_id 
    left join
        event e1_0 
            on e1_0.id=s1_0.event_id 
    left join
        users o1_0 
            on o1_0.id=e1_0.organizer_id 
    left join
        venue v1_0 
            on v1_0.id=s1_0.venue_id 
    left join
        users u1_0 
            on u1_0.id=b1_0.user_id 
    where
        b1_0.id=?
Hibernate: 
    select
        u1_0.id,
        u1_0.created_at,
        u1_0.email,
        u1_0.name,
        u1_0.password,
        u1_0.role,
        u1_0.updated_at 
    from
        users u1_0 
    where
        u1_0.email=?
Hibernate: 
    select
        u1_0.id,
        u1_0.created_at,
        u1_0.email,
        u1_0.name,
        u1_0.password,
        u1_0.role,
        u1_0.updated_at 
    from
        users u1_0 
    where
        u1_0.email=?
2026-04-19T22:08:01.253+05:30  INFO 37630 --- [nio-8080-exec-7] com.bms.service.ShowServiceImpl          : Fetching show from DB: id=3
Hibernate: 
    select
        s1_0.id,
        s1_0.created_at,
        s1_0.end_time,
        e1_0.id,
        e1_0.created_at,
        e1_0.description,
        e1_0.duration_minutes,
        e1_0.event_type,
        e1_0.image_url,
        e1_0.organizer_id,
        e1_0.title,
        e1_0.updated_at,
        s1_0.price,
        s1_0.start_time,
        s1_0.updated_at,
        v1_0.id,
        v1_0.created_at,
        v1_0.layout_type,
        v1_0.location,
        v1_0.name,
        v1_0.total_capacity,
        v1_0.updated_at 
    from
        show s1_0 
    join
        event e1_0 
            on e1_0.id=s1_0.event_id 
    join
        venue v1_0 
            on v1_0.id=s1_0.venue_id 
    where
        s1_0.id=?
Hibernate: 
    select
        u1_0.id,
        u1_0.created_at,
        u1_0.email,
        u1_0.name,
        u1_0.password,
        u1_0.role,
        u1_0.updated_at 
    from
        users u1_0 
    where
        u1_0.id=?
Hibernate: 
    select
        s1_0.id,
        s1_0.created_at,
        s1_0.seat_number,
        s1_0.seat_row,
        s1_0.seat_type,
        s1_0.section_name,
        s1_0.updated_at,
        s1_0.venue_id 
    from
        seat s1_0 
    where
        s1_0.venue_id=?
Hibernate: 
    select
        bs1_0.id,
        bs1_0.booking_id,
        bs1_0.created_at,
        bs1_0.price,
        bs1_0.seat_id,
        bs1_0.show_id,
        bs1_0.updated_at 
    from
        booking_seat bs1_0 
    where
        bs1_0.show_id=?
Hibernate: 
    select
        b1_0.id,
        b1_0.booking_time,
        b1_0.created_at,
        s1_0.id,
        s1_0.created_at,
        s1_0.end_time,
        e1_0.id,
        e1_0.created_at,
        e1_0.description,
        e1_0.duration_minutes,
        e1_0.event_type,
        e1_0.image_url,
        o1_0.id,
        o1_0.created_at,
        o1_0.email,
        o1_0.name,
        o1_0.password,
        o1_0.role,
        o1_0.updated_at,
        e1_0.title,
        e1_0.updated_at,
        s1_0.price,
        s1_0.start_time,
        s1_0.updated_at,
        v1_0.id,
        v1_0.created_at,
        v1_0.layout_type,
        v1_0.location,
        v1_0.name,
        v1_0.total_capacity,
        v1_0.updated_at,
        b1_0.status,
        b1_0.total_amount,
        b1_0.updated_at,
        u1_0.id,
        u1_0.created_at,
        u1_0.email,
        u1_0.name,
        u1_0.password,
        u1_0.role,
        u1_0.updated_at 
    from
        booking b1_0 
    left join
        show s1_0 
            on s1_0.id=b1_0.show_id 
    left join
        event e1_0 
            on e1_0.id=s1_0.event_id 
    left join
        users o1_0 
            on o1_0.id=e1_0.organizer_id 
    left join
        venue v1_0 
            on v1_0.id=s1_0.venue_id 
    left join
        users u1_0 
            on u1_0.id=b1_0.user_id 
    where
        b1_0.id=?
Hibernate: 
    select
        u1_0.id,
        u1_0.created_at,
        u1_0.email,
        u1_0.name,
        u1_0.password,
        u1_0.role,
        u1_0.updated_at 
    from
        users u1_0 
    where
        u1_0.email=?
Hibernate: 
    select
        u1_0.id,
        u1_0.created_at,
        u1_0.email,
        u1_0.name,
        u1_0.password,
        u1_0.role,
        u1_0.updated_at 
    from
        users u1_0 
    where
        u1_0.email=?
2026-04-19T22:08:09.254+05:30  INFO 37630 --- [nio-8080-exec-8] com.bms.service.ShowServiceImpl          : Fetching show from DB: id=3
Hibernate: 
    select
        s1_0.id,
        s1_0.created_at,
        s1_0.end_time,
        e1_0.id,
        e1_0.created_at,
        e1_0.description,
        e1_0.duration_minutes,
        e1_0.event_type,
        e1_0.image_url,
        e1_0.organizer_id,
        e1_0.title,
        e1_0.updated_at,
        s1_0.price,
        s1_0.start_time,
        s1_0.updated_at,
        v1_0.id,
        v1_0.created_at,
        v1_0.layout_type,
        v1_0.location,
        v1_0.name,
        v1_0.total_capacity,
        v1_0.updated_at 
    from
        show s1_0 
    join
        event e1_0 
            on e1_0.id=s1_0.event_id 
    join
        venue v1_0 
            on v1_0.id=s1_0.venue_id 
    where
        s1_0.id=?
Hibernate: 
    select
        u1_0.id,
        u1_0.created_at,
        u1_0.email,
        u1_0.name,
        u1_0.password,
        u1_0.role,
        u1_0.updated_at 
    from
        users u1_0 
    where
        u1_0.id=?
Hibernate: 
    select
        s1_0.id,
        s1_0.created_at,
        s1_0.seat_number,
        s1_0.seat_row,
        s1_0.seat_type,
        s1_0.section_name,
        s1_0.updated_at,
        s1_0.venue_id 
    from
        seat s1_0 
    where
        s1_0.venue_id=?
Hibernate: 
    select
        bs1_0.id,
        bs1_0.booking_id,
        bs1_0.created_at,
        bs1_0.price,
        bs1_0.seat_id,
        bs1_0.show_id,
        bs1_0.updated_at 
    from
        booking_seat bs1_0 
    where
        bs1_0.show_id=?
Hibernate: 
    select
        b1_0.id,
        b1_0.booking_time,
        b1_0.created_at,
        s1_0.id,
        s1_0.created_at,
        s1_0.end_time,
        e1_0.id,
        e1_0.created_at,
        e1_0.description,
        e1_0.duration_minutes,
        e1_0.event_type,
        e1_0.image_url,
        o1_0.id,
        o1_0.created_at,
        o1_0.email,
        o1_0.name,
        o1_0.password,
        o1_0.role,
        o1_0.updated_at,
        e1_0.title,
        e1_0.updated_at,
        s1_0.price,
        s1_0.start_time,
        s1_0.updated_at,
        v1_0.id,
        v1_0.created_at,
        v1_0.layout_type,
        v1_0.location,
        v1_0.name,
        v1_0.total_capacity,
        v1_0.updated_at,
        b1_0.status,
        b1_0.total_amount,
        b1_0.updated_at,
        u1_0.id,
        u1_0.created_at,
        u1_0.email,
        u1_0.name,
        u1_0.password,
        u1_0.role,
        u1_0.updated_at 
    from
        booking b1_0 
    left join
        show s1_0 
            on s1_0.id=b1_0.show_id 
    left join
        event e1_0 
            on e1_0.id=s1_0.event_id 
    left join
        users o1_0 
            on o1_0.id=e1_0.organizer_id 
    left join
        venue v1_0 
            on v1_0.id=s1_0.venue_id 
    left join
        users u1_0 
            on u1_0.id=b1_0.user_id 
    where
        b1_0.id=?
Hibernate: 
    select
        u1_0.id,
        u1_0.created_at,
        u1_0.email,
        u1_0.name,
        u1_0.password,
        u1_0.role,
        u1_0.updated_at 
    from
        users u1_0 
    where
        u1_0.email=?
Hibernate: 
    select
        u1_0.id,
        u1_0.created_at,
        u1_0.email,
        u1_0.name,
        u1_0.password,
        u1_0.role,
        u1_0.updated_at 
    from
        users u1_0 
    where
        u1_0.email=?
2026-04-19T22:08:17.254+05:30  INFO 37630 --- [nio-8080-exec-9] com.bms.service.ShowServiceImpl          : Fetching show from DB: id=3
Hibernate: 
    select
        s1_0.id,
        s1_0.created_at,
        s1_0.end_time,
        e1_0.id,
        e1_0.created_at,
        e1_0.description,
        e1_0.duration_minutes,
        e1_0.event_type,
        e1_0.image_url,
        e1_0.organizer_id,
        e1_0.title,
        e1_0.updated_at,
        s1_0.price,
        s1_0.start_time,
        s1_0.updated_at,
        v1_0.id,
        v1_0.created_at,
        v1_0.layout_type,
        v1_0.location,
        v1_0.name,
        v1_0.total_capacity,
        v1_0.updated_at 
    from
        show s1_0 
    join
        event e1_0 
            on e1_0.id=s1_0.event_id 
    join
        venue v1_0 
            on v1_0.id=s1_0.venue_id 
    where
        s1_0.id=?
Hibernate: 
    select
        u1_0.id,
        u1_0.created_at,
        u1_0.email,
        u1_0.name,
        u1_0.password,
        u1_0.role,
        u1_0.updated_at 
    from
        users u1_0 
    where
        u1_0.id=?
Hibernate: 
    select
        s1_0.id,
        s1_0.created_at,
        s1_0.seat_number,
        s1_0.seat_row,
        s1_0.seat_type,
        s1_0.section_name,
        s1_0.updated_at,
        s1_0.venue_id 
    from
        seat s1_0 
    where
        s1_0.venue_id=?
Hibernate: 
    select
        bs1_0.id,
        bs1_0.booking_id,
        bs1_0.created_at,
        bs1_0.price,
        bs1_0.seat_id,
        bs1_0.show_id,
        bs1_0.updated_at 
    from
        booking_seat bs1_0 
    where
        bs1_0.show_id=?
Hibernate: 
    select
        b1_0.id,
        b1_0.booking_time,
        b1_0.created_at,
        s1_0.id,
        s1_0.created_at,
        s1_0.end_time,
        e1_0.id,
        e1_0.created_at,
        e1_0.description,
        e1_0.duration_minutes,
        e1_0.event_type,
        e1_0.image_url,
        o1_0.id,
        o1_0.created_at,
        o1_0.email,
        o1_0.name,
        o1_0.password,
        o1_0.role,
        o1_0.updated_at,
        e1_0.title,
        e1_0.updated_at,
        s1_0.price,
        s1_0.start_time,
        s1_0.updated_at,
        v1_0.id,
        v1_0.created_at,
        v1_0.layout_type,
        v1_0.location,
        v1_0.name,
        v1_0.total_capacity,
        v1_0.updated_at,
        b1_0.status,
        b1_0.total_amount,
        b1_0.updated_at,
        u1_0.id,
        u1_0.created_at,
        u1_0.email,
        u1_0.name,
        u1_0.password,
        u1_0.role,
        u1_0.updated_at 
    from
        booking b1_0 
    left join
        show s1_0 
            on s1_0.id=b1_0.show_id 
    left join
        event e1_0 
            on e1_0.id=s1_0.event_id 
    left join
        users o1_0 
            on o1_0.id=e1_0.organizer_id 
    left join
        venue v1_0 
            on v1_0.id=s1_0.venue_id 
    left join
        users u1_0 
            on u1_0.id=b1_0.user_id 
    where
        b1_0.id=?
Hibernate: 
    select
        u1_0.id,
        u1_0.created_at,
        u1_0.email,
        u1_0.name,
        u1_0.password,
        u1_0.role,
        u1_0.updated_at 
    from
        users u1_0 
    where
        u1_0.email=?
Hibernate: 
    select
        u1_0.id,
        u1_0.created_at,
        u1_0.email,
        u1_0.name,
        u1_0.password,
        u1_0.role,
        u1_0.updated_at 
    from
        users u1_0 
    where
        u1_0.email=?
2026-04-19T22:08:25.255+05:30  INFO 37630 --- [io-8080-exec-10] com.bms.service.ShowServiceImpl          : Fetching show from DB: id=3
Hibernate: 
    select
        s1_0.id,
        s1_0.created_at,
        s1_0.end_time,
        e1_0.id,
        e1_0.created_at,
        e1_0.description,
        e1_0.duration_minutes,
        e1_0.event_type,
        e1_0.image_url,
        e1_0.organizer_id,
        e1_0.title,
        e1_0.updated_at,
        s1_0.price,
        s1_0.start_time,
        s1_0.updated_at,
        v1_0.id,
        v1_0.created_at,
        v1_0.layout_type,
        v1_0.location,
        v1_0.name,
        v1_0.total_capacity,
        v1_0.updated_at 
    from
        show s1_0 
    join
        event e1_0 
            on e1_0.id=s1_0.event_id 
    join
        venue v1_0 
            on v1_0.id=s1_0.venue_id 
    where
        s1_0.id=?
Hibernate: 
    select
        u1_0.id,
        u1_0.created_at,
        u1_0.email,
        u1_0.name,
        u1_0.password,
        u1_0.role,
        u1_0.updated_at 
    from
        users u1_0 
    where
        u1_0.id=?
Hibernate: 
    select
        s1_0.id,
        s1_0.created_at,
        s1_0.seat_number,
        s1_0.seat_row,
        s1_0.seat_type,
        s1_0.section_name,
        s1_0.updated_at,
        s1_0.venue_id 
    from
        seat s1_0 
    where
        s1_0.venue_id=?
Hibernate: 
    select
        bs1_0.id,
        bs1_0.booking_id,
        bs1_0.created_at,
        bs1_0.price,
        bs1_0.seat_id,
        bs1_0.show_id,
        bs1_0.updated_at 
    from
        booking_seat bs1_0 
    where
        bs1_0.show_id=?
Hibernate: 
    select
        b1_0.id,
        b1_0.booking_time,
        b1_0.created_at,
        s1_0.id,
        s1_0.created_at,
        s1_0.end_time,
        e1_0.id,
        e1_0.created_at,
        e1_0.description,
        e1_0.duration_minutes,
        e1_0.event_type,
        e1_0.image_url,
        o1_0.id,
        o1_0.created_at,
        o1_0.email,
        o1_0.name,
        o1_0.password,
        o1_0.role,
        o1_0.updated_at,
        e1_0.title,
        e1_0.updated_at,
        s1_0.price,
        s1_0.start_time,
        s1_0.updated_at,
        v1_0.id,
        v1_0.created_at,
        v1_0.layout_type,
        v1_0.location,
        v1_0.name,
        v1_0.total_capacity,
        v1_0.updated_at,
        b1_0.status,
        b1_0.total_amount,
        b1_0.updated_at,
        u1_0.id,
        u1_0.created_at,
        u1_0.email,
        u1_0.name,
        u1_0.password,
        u1_0.role,
        u1_0.updated_at 
    from
        booking b1_0 
    left join
        show s1_0 
            on s1_0.id=b1_0.show_id 
    left join
        event e1_0 
            on e1_0.id=s1_0.event_id 
    left join
        users o1_0 
            on o1_0.id=e1_0.organizer_id 
    left join
        venue v1_0 
            on v1_0.id=s1_0.venue_id 
    left join
        users u1_0 
            on u1_0.id=b1_0.user_id 
    where
        b1_0.id=?
Hibernate: 
    select
        u1_0.id,
        u1_0.created_at,
        u1_0.email,
        u1_0.name,
        u1_0.password,
        u1_0.role,
        u1_0.updated_at 
    from
        users u1_0 
    where
        u1_0.email=?
Hibernate: 
    select
        u1_0.id,
        u1_0.created_at,
        u1_0.email,
        u1_0.name,
        u1_0.password,
        u1_0.role,
        u1_0.updated_at 
    from
        users u1_0 
    where
        u1_0.email=?
2026-04-19T22:08:33.253+05:30  INFO 37630 --- [nio-8080-exec-1] com.bms.service.ShowServiceImpl          : Fetching show from DB: id=3
Hibernate: 
    select
        s1_0.id,
        s1_0.created_at,
        s1_0.end_time,
        e1_0.id,
        e1_0.created_at,
        e1_0.description,
        e1_0.duration_minutes,
        e1_0.event_type,
        e1_0.image_url,
        e1_0.organizer_id,
        e1_0.title,
        e1_0.updated_at,
        s1_0.price,
        s1_0.start_time,
        s1_0.updated_at,
        v1_0.id,
        v1_0.created_at,
        v1_0.layout_type,
        v1_0.location,
        v1_0.name,
        v1_0.total_capacity,
        v1_0.updated_at 
    from
        show s1_0 
    join
        event e1_0 
            on e1_0.id=s1_0.event_id 
    join
        venue v1_0 
            on v1_0.id=s1_0.venue_id 
    where
        s1_0.id=?
Hibernate: 
    select
        u1_0.id,
        u1_0.created_at,
        u1_0.email,
        u1_0.name,
        u1_0.password,
        u1_0.role,
        u1_0.updated_at 
    from
        users u1_0 
    where
        u1_0.id=?
Hibernate: 
    select
        s1_0.id,
        s1_0.created_at,
        s1_0.seat_number,
        s1_0.seat_row,
        s1_0.seat_type,
        s1_0.section_name,
        s1_0.updated_at,
        s1_0.venue_id 
    from
        seat s1_0 
    where
        s1_0.venue_id=?
Hibernate: 
    select
        bs1_0.id,
        bs1_0.booking_id,
        bs1_0.created_at,
        bs1_0.price,
        bs1_0.seat_id,
        bs1_0.show_id,
        bs1_0.updated_at 
    from
        booking_seat bs1_0 
    where
        bs1_0.show_id=?
Hibernate: 
    select
        b1_0.id,
        b1_0.booking_time,
        b1_0.created_at,
        s1_0.id,
        s1_0.created_at,
        s1_0.end_time,
        e1_0.id,
        e1_0.created_at,
        e1_0.description,
        e1_0.duration_minutes,
        e1_0.event_type,
        e1_0.image_url,
        o1_0.id,
        o1_0.created_at,
        o1_0.email,
        o1_0.name,
        o1_0.password,
        o1_0.role,
        o1_0.updated_at,
        e1_0.title,
        e1_0.updated_at,
        s1_0.price,
        s1_0.start_time,
        s1_0.updated_at,
        v1_0.id,
        v1_0.created_at,
        v1_0.layout_type,
        v1_0.location,
        v1_0.name,
        v1_0.total_capacity,
        v1_0.updated_at,
        b1_0.status,
        b1_0.total_amount,
        b1_0.updated_at,
        u1_0.id,
        u1_0.created_at,
        u1_0.email,
        u1_0.name,
        u1_0.password,
        u1_0.role,
        u1_0.updated_at 
    from
        booking b1_0 
    left join
        show s1_0 
            on s1_0.id=b1_0.show_id 
    left join
        event e1_0 
            on e1_0.id=s1_0.event_id 
    left join
        users o1_0 
            on o1_0.id=e1_0.organizer_id 
    left join
        venue v1_0 
            on v1_0.id=s1_0.venue_id 
    left join
        users u1_0 
            on u1_0.id=b1_0.user_id 
    where
        b1_0.id=?
Hibernate: 
    select
        u1_0.id,
        u1_0.created_at,
        u1_0.email,
        u1_0.name,
        u1_0.password,
        u1_0.role,
        u1_0.updated_at 
    from
        users u1_0 
    where
        u1_0.email=?
Hibernate: 
    select
        u1_0.id,
        u1_0.created_at,
        u1_0.email,
        u1_0.name,
        u1_0.password,
        u1_0.role,
        u1_0.updated_at 
    from
        users u1_0 
    where
        u1_0.email=?
2026-04-19T22:08:41.254+05:30  INFO 37630 --- [nio-8080-exec-2] com.bms.service.ShowServiceImpl          : Fetching show from DB: id=3
Hibernate: 
    select
        s1_0.id,
        s1_0.created_at,
        s1_0.end_time,
        e1_0.id,
        e1_0.created_at,
        e1_0.description,
        e1_0.duration_minutes,
        e1_0.event_type,
        e1_0.image_url,
        e1_0.organizer_id,
        e1_0.title,
        e1_0.updated_at,
        s1_0.price,
        s1_0.start_time,
        s1_0.updated_at,
        v1_0.id,
        v1_0.created_at,
        v1_0.layout_type,
        v1_0.location,
        v1_0.name,
        v1_0.total_capacity,
        v1_0.updated_at 
    from
        show s1_0 
    join
        event e1_0 
            on e1_0.id=s1_0.event_id 
    join
        venue v1_0 
            on v1_0.id=s1_0.venue_id 
    where
        s1_0.id=?
Hibernate: 
    select
        u1_0.id,
        u1_0.created_at,
        u1_0.email,
        u1_0.name,
        u1_0.password,
        u1_0.role,
        u1_0.updated_at 
    from
        users u1_0 
    where
        u1_0.id=?
Hibernate: 
    select
        s1_0.id,
        s1_0.created_at,
        s1_0.seat_number,
        s1_0.seat_row,
        s1_0.seat_type,
        s1_0.section_name,
        s1_0.updated_at,
        s1_0.venue_id 
    from
        seat s1_0 
    where
        s1_0.venue_id=?
Hibernate: 
    select
        bs1_0.id,
        bs1_0.booking_id,
        bs1_0.created_at,
        bs1_0.price,
        bs1_0.seat_id,
        bs1_0.show_id,
        bs1_0.updated_at 
    from
        booking_seat bs1_0 
    where
        bs1_0.show_id=?
Hibernate: 
    select
        b1_0.id,
        b1_0.booking_time,
        b1_0.created_at,
        s1_0.id,
        s1_0.created_at,
        s1_0.end_time,
        e1_0.id,
        e1_0.created_at,
        e1_0.description,
        e1_0.duration_minutes,
        e1_0.event_type,
        e1_0.image_url,
        o1_0.id,
        o1_0.created_at,
        o1_0.email,
        o1_0.name,
        o1_0.password,
        o1_0.role,
        o1_0.updated_at,
        e1_0.title,
        e1_0.updated_at,
        s1_0.price,
        s1_0.start_time,
        s1_0.updated_at,
        v1_0.id,
        v1_0.created_at,
        v1_0.layout_type,
        v1_0.location,
        v1_0.name,
        v1_0.total_capacity,
        v1_0.updated_at,
        b1_0.status,
        b1_0.total_amount,
        b1_0.updated_at,
        u1_0.id,
        u1_0.created_at,
        u1_0.email,
        u1_0.name,
        u1_0.password,
        u1_0.role,
        u1_0.updated_at 
    from
        booking b1_0 
    left join
        show s1_0 
            on s1_0.id=b1_0.show_id 
    left join
        event e1_0 
            on e1_0.id=s1_0.event_id 
    left join
        users o1_0 
            on o1_0.id=e1_0.organizer_id 
    left join
        venue v1_0 
            on v1_0.id=s1_0.venue_id 
    left join
        users u1_0 
            on u1_0.id=b1_0.user_id 
    where
        b1_0.id=?
Hibernate: 
    select
        u1_0.id,
        u1_0.created_at,
        u1_0.email,
        u1_0.name,
        u1_0.password,
        u1_0.role,
        u1_0.updated_at 
    from
        users u1_0 
    where
        u1_0.email=?
Hibernate: 
    select
        u1_0.id,
        u1_0.created_at,
        u1_0.email,
        u1_0.name,
        u1_0.password,
        u1_0.role,
        u1_0.updated_at 
    from
        users u1_0 
    where
        u1_0.email=?
2026-04-19T22:08:49.251+05:30  INFO 37630 --- [nio-8080-exec-3] com.bms.service.ShowServiceImpl          : Fetching show from DB: id=3
Hibernate: 
    select
        s1_0.id,
        s1_0.created_at,
        s1_0.end_time,
        e1_0.id,
        e1_0.created_at,
        e1_0.description,
        e1_0.duration_minutes,
        e1_0.event_type,
        e1_0.image_url,
        e1_0.organizer_id,
        e1_0.title,
        e1_0.updated_at,
        s1_0.price,
        s1_0.start_time,
        s1_0.updated_at,
        v1_0.id,
        v1_0.created_at,
        v1_0.layout_type,
        v1_0.location,
        v1_0.name,
        v1_0.total_capacity,
        v1_0.updated_at 
    from
        show s1_0 
    join
        event e1_0 
            on e1_0.id=s1_0.event_id 
    join
        venue v1_0 
            on v1_0.id=s1_0.venue_id 
    where
        s1_0.id=?
Hibernate: 
    select
        u1_0.id,
        u1_0.created_at,
        u1_0.email,
        u1_0.name,
        u1_0.password,
        u1_0.role,
        u1_0.updated_at 
    from
        users u1_0 
    where
        u1_0.id=?
Hibernate: 
    select
        s1_0.id,
        s1_0.created_at,
        s1_0.seat_number,
        s1_0.seat_row,
        s1_0.seat_type,
        s1_0.section_name,
        s1_0.updated_at,
        s1_0.venue_id 
    from
        seat s1_0 
    where
        s1_0.venue_id=?
Hibernate: 
    select
        bs1_0.id,
        bs1_0.booking_id,
        bs1_0.created_at,
        bs1_0.price,
        bs1_0.seat_id,
        bs1_0.show_id,
        bs1_0.updated_at 
    from
        booking_seat bs1_0 
    where
        bs1_0.show_id=?
Hibernate: 
    select
        b1_0.id,
        b1_0.booking_time,
        b1_0.created_at,
        s1_0.id,
        s1_0.created_at,
        s1_0.end_time,
        e1_0.id,
        e1_0.created_at,
        e1_0.description,
        e1_0.duration_minutes,
        e1_0.event_type,
        e1_0.image_url,
        o1_0.id,
        o1_0.created_at,
        o1_0.email,
        o1_0.name,
        o1_0.password,
        o1_0.role,
        o1_0.updated_at,
        e1_0.title,
        e1_0.updated_at,
        s1_0.price,
        s1_0.start_time,
        s1_0.updated_at,
        v1_0.id,
        v1_0.created_at,
        v1_0.layout_type,
        v1_0.location,
        v1_0.name,
        v1_0.total_capacity,
        v1_0.updated_at,
        b1_0.status,
        b1_0.total_amount,
        b1_0.updated_at,
        u1_0.id,
        u1_0.created_at,
        u1_0.email,
        u1_0.name,
        u1_0.password,
        u1_0.role,
        u1_0.updated_at 
    from
        booking b1_0 
    left join
        show s1_0 
            on s1_0.id=b1_0.show_id 
    left join
        event e1_0 
            on e1_0.id=s1_0.event_id 
    left join
        users o1_0 
            on o1_0.id=e1_0.organizer_id 
    left join
        venue v1_0 
            on v1_0.id=s1_0.venue_id 
    left join
        users u1_0 
            on u1_0.id=b1_0.user_id 
    where
        b1_0.id=?
Hibernate: 
    select
        u1_0.id,
        u1_0.created_at,
        u1_0.email,
        u1_0.name,
        u1_0.password,
        u1_0.role,
        u1_0.updated_at 
    from
        users u1_0 
    where
        u1_0.email=?
Hibernate: 
    select
        u1_0.id,
        u1_0.created_at,
        u1_0.email,
        u1_0.name,
        u1_0.password,
        u1_0.role,
        u1_0.updated_at 
    from
        users u1_0 
    where
        u1_0.email=?
2026-04-19T22:08:57.252+05:30  INFO 37630 --- [nio-8080-exec-4] com.bms.service.ShowServiceImpl          : Fetching show from DB: id=3
Hibernate: 
    select
        s1_0.id,
        s1_0.created_at,
        s1_0.end_time,
        e1_0.id,
        e1_0.created_at,
        e1_0.description,
        e1_0.duration_minutes,
        e1_0.event_type,
        e1_0.image_url,
        e1_0.organizer_id,
        e1_0.title,
        e1_0.updated_at,
        s1_0.price,
        s1_0.start_time,
        s1_0.updated_at,
        v1_0.id,
        v1_0.created_at,
        v1_0.layout_type,
        v1_0.location,
        v1_0.name,
        v1_0.total_capacity,
        v1_0.updated_at 
    from
        show s1_0 
    join
        event e1_0 
            on e1_0.id=s1_0.event_id 
    join
        venue v1_0 
            on v1_0.id=s1_0.venue_id 
    where
        s1_0.id=?
Hibernate: 
    select
        u1_0.id,
        u1_0.created_at,
        u1_0.email,
        u1_0.name,
        u1_0.password,
        u1_0.role,
        u1_0.updated_at 
    from
        users u1_0 
    where
        u1_0.id=?
Hibernate: 
    select
        s1_0.id,
        s1_0.created_at,
        s1_0.seat_number,
        s1_0.seat_row,
        s1_0.seat_type,
        s1_0.section_name,
        s1_0.updated_at,
        s1_0.venue_id 
    from
        seat s1_0 
    where
        s1_0.venue_id=?
Hibernate: 
    select
        bs1_0.id,
        bs1_0.booking_id,
        bs1_0.created_at,
        bs1_0.price,
        bs1_0.seat_id,
        bs1_0.show_id,
        bs1_0.updated_at 
    from
        booking_seat bs1_0 
    where
        bs1_0.show_id=?
Hibernate: 
    select
        b1_0.id,
        b1_0.booking_time,
        b1_0.created_at,
        s1_0.id,
        s1_0.created_at,
        s1_0.end_time,
        e1_0.id,
        e1_0.created_at,
        e1_0.description,
        e1_0.duration_minutes,
        e1_0.event_type,
        e1_0.image_url,
        o1_0.id,
        o1_0.created_at,
        o1_0.email,
        o1_0.name,
        o1_0.password,
        o1_0.role,
        o1_0.updated_at,
        e1_0.title,
        e1_0.updated_at,
        s1_0.price,
        s1_0.start_time,
        s1_0.updated_at,
        v1_0.id,
        v1_0.created_at,
        v1_0.layout_type,
        v1_0.location,
        v1_0.name,
        v1_0.total_capacity,
        v1_0.updated_at,
        b1_0.status,
        b1_0.total_amount,
        b1_0.updated_at,
        u1_0.id,
        u1_0.created_at,
        u1_0.email,
        u1_0.name,
        u1_0.password,
        u1_0.role,
        u1_0.updated_at 
    from
        booking b1_0 
    left join
        show s1_0 
            on s1_0.id=b1_0.show_id 
    left join
        event e1_0 
            on e1_0.id=s1_0.event_id 
    left join
        users o1_0 
            on o1_0.id=e1_0.organizer_id 
    left join
        venue v1_0 
            on v1_0.id=s1_0.venue_id 
    left join
        users u1_0 
            on u1_0.id=b1_0.user_id 
    where
        b1_0.id=?
Hibernate: 
    select
        u1_0.id,
        u1_0.created_at,
        u1_0.email,
        u1_0.name,
        u1_0.password,
        u1_0.role,
        u1_0.updated_at 
    from
        users u1_0 
    where
        u1_0.email=?
Hibernate: 
    select
        u1_0.id,
        u1_0.created_at,
        u1_0.email,
        u1_0.name,
        u1_0.password,
        u1_0.role,
        u1_0.updated_at 
    from
        users u1_0 
    where
        u1_0.email=?
2026-04-19T22:09:05.252+05:30  INFO 37630 --- [nio-8080-exec-5] com.bms.service.ShowServiceImpl          : Fetching show from DB: id=3
Hibernate: 
    select
        s1_0.id,
        s1_0.created_at,
        s1_0.end_time,
        e1_0.id,
        e1_0.created_at,
        e1_0.description,
        e1_0.duration_minutes,
        e1_0.event_type,
        e1_0.image_url,
        e1_0.organizer_id,
        e1_0.title,
        e1_0.updated_at,
        s1_0.price,
        s1_0.start_time,
        s1_0.updated_at,
        v1_0.id,
        v1_0.created_at,
        v1_0.layout_type,
        v1_0.location,
        v1_0.name,
        v1_0.total_capacity,
        v1_0.updated_at 
    from
        show s1_0 
    join
        event e1_0 
            on e1_0.id=s1_0.event_id 
    join
        venue v1_0 
            on v1_0.id=s1_0.venue_id 
    where
        s1_0.id=?
Hibernate: 
    select
        u1_0.id,
        u1_0.created_at,
        u1_0.email,
        u1_0.name,
        u1_0.password,
        u1_0.role,
        u1_0.updated_at 
    from
        users u1_0 
    where
        u1_0.id=?
Hibernate: 
    select
        s1_0.id,
        s1_0.created_at,
        s1_0.seat_number,
        s1_0.seat_row,
        s1_0.seat_type,
        s1_0.section_name,
        s1_0.updated_at,
        s1_0.venue_id 
    from
        seat s1_0 
    where
        s1_0.venue_id=?
Hibernate: 
    select
        bs1_0.id,
        bs1_0.booking_id,
        bs1_0.created_at,
        bs1_0.price,
        bs1_0.seat_id,
        bs1_0.show_id,
        bs1_0.updated_at 
    from
        booking_seat bs1_0 
    where
        bs1_0.show_id=?
Hibernate: 
    select
        b1_0.id,
        b1_0.booking_time,
        b1_0.created_at,
        s1_0.id,
        s1_0.created_at,
        s1_0.end_time,
        e1_0.id,
        e1_0.created_at,
        e1_0.description,
        e1_0.duration_minutes,
        e1_0.event_type,
        e1_0.image_url,
        o1_0.id,
        o1_0.created_at,
        o1_0.email,
        o1_0.name,
        o1_0.password,
        o1_0.role,
        o1_0.updated_at,
        e1_0.title,
        e1_0.updated_at,
        s1_0.price,
        s1_0.start_time,
        s1_0.updated_at,
        v1_0.id,
        v1_0.created_at,
        v1_0.layout_type,
        v1_0.location,
        v1_0.name,
        v1_0.total_capacity,
        v1_0.updated_at,
        b1_0.status,
        b1_0.total_amount,
        b1_0.updated_at,
        u1_0.id,
        u1_0.created_at,
        u1_0.email,
        u1_0.name,
        u1_0.password,
        u1_0.role,
        u1_0.updated_at 
    from
        booking b1_0 
    left join
        show s1_0 
            on s1_0.id=b1_0.show_id 
    left join
        event e1_0 
            on e1_0.id=s1_0.event_id 
    left join
        users o1_0 
            on o1_0.id=e1_0.organizer_id 
    left join
        venue v1_0 
            on v1_0.id=s1_0.venue_id 
    left join
        users u1_0 
            on u1_0.id=b1_0.user_id 
    where
        b1_0.id=?
Hibernate: 
    select
        u1_0.id,
        u1_0.created_at,
        u1_0.email,
        u1_0.name,
        u1_0.password,
        u1_0.role,
        u1_0.updated_at 
    from
        users u1_0 
    where
        u1_0.email=?
Hibernate: 
    select
        u1_0.id,
        u1_0.created_at,
        u1_0.email,
        u1_0.name,
        u1_0.password,
        u1_0.role,
        u1_0.updated_at 
    from
        users u1_0 
    where
        u1_0.email=?
2026-04-19T22:09:13.252+05:30  INFO 37630 --- [nio-8080-exec-6] com.bms.service.ShowServiceImpl          : Fetching show from DB: id=3
Hibernate: 
    select
        s1_0.id,
        s1_0.created_at,
        s1_0.end_time,
        e1_0.id,
        e1_0.created_at,
        e1_0.description,
        e1_0.duration_minutes,
        e1_0.event_type,
        e1_0.image_url,
        e1_0.organizer_id,
        e1_0.title,
        e1_0.updated_at,
        s1_0.price,
        s1_0.start_time,
        s1_0.updated_at,
        v1_0.id,
        v1_0.created_at,
        v1_0.layout_type,
        v1_0.location,
        v1_0.name,
        v1_0.total_capacity,
        v1_0.updated_at 
    from
        show s1_0 
    join
        event e1_0 
            on e1_0.id=s1_0.event_id 
    join
        venue v1_0 
            on v1_0.id=s1_0.venue_id 
    where
        s1_0.id=?
Hibernate: 
    select
        u1_0.id,
        u1_0.created_at,
        u1_0.email,
        u1_0.name,
        u1_0.password,
        u1_0.role,
        u1_0.updated_at 
    from
        users u1_0 
    where
        u1_0.id=?
Hibernate: 
    select
        s1_0.id,
        s1_0.created_at,
        s1_0.seat_number,
        s1_0.seat_row,
        s1_0.seat_type,
        s1_0.section_name,
        s1_0.updated_at,
        s1_0.venue_id 
    from
        seat s1_0 
    where
        s1_0.venue_id=?
Hibernate: 
    select
        bs1_0.id,
        bs1_0.booking_id,
        bs1_0.created_at,
        bs1_0.price,
        bs1_0.seat_id,
        bs1_0.show_id,
        bs1_0.updated_at 
    from
        booking_seat bs1_0 
    where
        bs1_0.show_id=?
Hibernate: 
    select
        b1_0.id,
        b1_0.booking_time,
        b1_0.created_at,
        s1_0.id,
        s1_0.created_at,
        s1_0.end_time,
        e1_0.id,
        e1_0.created_at,
        e1_0.description,
        e1_0.duration_minutes,
        e1_0.event_type,
        e1_0.image_url,
        o1_0.id,
        o1_0.created_at,
        o1_0.email,
        o1_0.name,
        o1_0.password,
        o1_0.role,
        o1_0.updated_at,
        e1_0.title,
        e1_0.updated_at,
        s1_0.price,
        s1_0.start_time,
        s1_0.updated_at,
        v1_0.id,
        v1_0.created_at,
        v1_0.layout_type,
        v1_0.location,
        v1_0.name,
        v1_0.total_capacity,
        v1_0.updated_at,
        b1_0.status,
        b1_0.total_amount,
        b1_0.updated_at,
        u1_0.id,
        u1_0.created_at,
        u1_0.email,
        u1_0.name,
        u1_0.password,
        u1_0.role,
        u1_0.updated_at 
    from
        booking b1_0 
    left join
        show s1_0 
            on s1_0.id=b1_0.show_id 
    left join
        event e1_0 
            on e1_0.id=s1_0.event_id 
    left join
        users o1_0 
            on o1_0.id=e1_0.organizer_id 
    left join
        venue v1_0 
            on v1_0.id=s1_0.venue_id 
    left join
        users u1_0 
            on u1_0.id=b1_0.user_id 
    where
        b1_0.id=?
Hibernate: 
    select
        u1_0.id,
        u1_0.created_at,
        u1_0.email,
        u1_0.name,
        u1_0.password,
        u1_0.role,
        u1_0.updated_at 
    from
        users u1_0 
    where
        u1_0.email=?
Hibernate: 
    select
        u1_0.id,
        u1_0.created_at,
        u1_0.email,
        u1_0.name,
        u1_0.password,
        u1_0.role,
        u1_0.updated_at 
    from
        users u1_0 
    where
        u1_0.email=?
2026-04-19T22:09:21.252+05:30  INFO 37630 --- [nio-8080-exec-7] com.bms.service.ShowServiceImpl          : Fetching show from DB: id=3
Hibernate: 
    select
        s1_0.id,
        s1_0.created_at,
        s1_0.end_time,
        e1_0.id,
        e1_0.created_at,
        e1_0.description,
        e1_0.duration_minutes,
        e1_0.event_type,
        e1_0.image_url,
        e1_0.organizer_id,
        e1_0.title,
        e1_0.updated_at,
        s1_0.price,
        s1_0.start_time,
        s1_0.updated_at,
        v1_0.id,
        v1_0.created_at,
        v1_0.layout_type,
        v1_0.location,
        v1_0.name,
        v1_0.total_capacity,
        v1_0.updated_at 
    from
        show s1_0 
    join
        event e1_0 
            on e1_0.id=s1_0.event_id 
    join
        venue v1_0 
            on v1_0.id=s1_0.venue_id 
    where
        s1_0.id=?
Hibernate: 
    select
        u1_0.id,
        u1_0.created_at,
        u1_0.email,
        u1_0.name,
        u1_0.password,
        u1_0.role,
        u1_0.updated_at 
    from
        users u1_0 
    where
        u1_0.id=?
Hibernate: 
    select
        s1_0.id,
        s1_0.created_at,
        s1_0.seat_number,
        s1_0.seat_row,
        s1_0.seat_type,
        s1_0.section_name,
        s1_0.updated_at,
        s1_0.venue_id 
    from
        seat s1_0 
    where
        s1_0.venue_id=?
Hibernate: 
    select
        bs1_0.id,
        bs1_0.booking_id,
        bs1_0.created_at,
        bs1_0.price,
        bs1_0.seat_id,
        bs1_0.show_id,
        bs1_0.updated_at 
    from
        booking_seat bs1_0 
    where
        bs1_0.show_id=?
Hibernate: 
    select
        b1_0.id,
        b1_0.booking_time,
        b1_0.created_at,
        s1_0.id,
        s1_0.created_at,
        s1_0.end_time,
        e1_0.id,
        e1_0.created_at,
        e1_0.description,
        e1_0.duration_minutes,
        e1_0.event_type,
        e1_0.image_url,
        o1_0.id,
        o1_0.created_at,
        o1_0.email,
        o1_0.name,
        o1_0.password,
        o1_0.role,
        o1_0.updated_at,
        e1_0.title,
        e1_0.updated_at,
        s1_0.price,
        s1_0.start_time,
        s1_0.updated_at,
        v1_0.id,
        v1_0.created_at,
        v1_0.layout_type,
        v1_0.location,
        v1_0.name,
        v1_0.total_capacity,
        v1_0.updated_at,
        b1_0.status,
        b1_0.total_amount,
        b1_0.updated_at,
        u1_0.id,
        u1_0.created_at,
        u1_0.email,
        u1_0.name,
        u1_0.password,
        u1_0.role,
        u1_0.updated_at 
    from
        booking b1_0 
    left join
        show s1_0 
            on s1_0.id=b1_0.show_id 
    left join
        event e1_0 
            on e1_0.id=s1_0.event_id 
    left join
        users o1_0 
            on o1_0.id=e1_0.organizer_id 
    left join
        venue v1_0 
            on v1_0.id=s1_0.venue_id 
    left join
        users u1_0 
            on u1_0.id=b1_0.user_id 
    where
        b1_0.id=?
Hibernate: 
    select
        u1_0.id,
        u1_0.created_at,
        u1_0.email,
        u1_0.name,
        u1_0.password,
        u1_0.role,
        u1_0.updated_at 
    from
        users u1_0 
    where
        u1_0.email=?
Hibernate: 
    select
        u1_0.id,
        u1_0.created_at,
        u1_0.email,
        u1_0.name,
        u1_0.password,
        u1_0.role,
        u1_0.updated_at 
    from
        users u1_0 
    where
        u1_0.email=?
2026-04-19T22:09:29.253+05:30  INFO 37630 --- [nio-8080-exec-8] com.bms.service.ShowServiceImpl          : Fetching show from DB: id=3
Hibernate: 
    select
        s1_0.id,
        s1_0.created_at,
        s1_0.end_time,
        e1_0.id,
        e1_0.created_at,
        e1_0.description,
        e1_0.duration_minutes,
        e1_0.event_type,
        e1_0.image_url,
        e1_0.organizer_id,
        e1_0.title,
        e1_0.updated_at,
        s1_0.price,
        s1_0.start_time,
        s1_0.updated_at,
        v1_0.id,
        v1_0.created_at,
        v1_0.layout_type,
        v1_0.location,
        v1_0.name,
        v1_0.total_capacity,
        v1_0.updated_at 
    from
        show s1_0 
    join
        event e1_0 
            on e1_0.id=s1_0.event_id 
    join
        venue v1_0 
            on v1_0.id=s1_0.venue_id 
    where
        s1_0.id=?
Hibernate: 
    select
        u1_0.id,
        u1_0.created_at,
        u1_0.email,
        u1_0.name,
        u1_0.password,
        u1_0.role,
        u1_0.updated_at 
    from
        users u1_0 
    where
        u1_0.id=?
Hibernate: 
    select
        s1_0.id,
        s1_0.created_at,
        s1_0.seat_number,
        s1_0.seat_row,
        s1_0.seat_type,
        s1_0.section_name,
        s1_0.updated_at,
        s1_0.venue_id 
    from
        seat s1_0 
    where
        s1_0.venue_id=?
Hibernate: 
    select
        bs1_0.id,
        bs1_0.booking_id,
        bs1_0.created_at,
        bs1_0.price,
        bs1_0.seat_id,
        bs1_0.show_id,
        bs1_0.updated_at 
    from
        booking_seat bs1_0 
    where
        bs1_0.show_id=?
Hibernate: 
    select
        b1_0.id,
        b1_0.booking_time,
        b1_0.created_at,
        s1_0.id,
        s1_0.created_at,
        s1_0.end_time,
        e1_0.id,
        e1_0.created_at,
        e1_0.description,
        e1_0.duration_minutes,
        e1_0.event_type,
        e1_0.image_url,
        o1_0.id,
        o1_0.created_at,
        o1_0.email,
        o1_0.name,
        o1_0.password,
        o1_0.role,
        o1_0.updated_at,
        e1_0.title,
        e1_0.updated_at,
        s1_0.price,
        s1_0.start_time,
        s1_0.updated_at,
        v1_0.id,
        v1_0.created_at,
        v1_0.layout_type,
        v1_0.location,
        v1_0.name,
        v1_0.total_capacity,
        v1_0.updated_at,
        b1_0.status,
        b1_0.total_amount,
        b1_0.updated_at,
        u1_0.id,
        u1_0.created_at,
        u1_0.email,
        u1_0.name,
        u1_0.password,
        u1_0.role,
        u1_0.updated_at 
    from
        booking b1_0 
    left join
        show s1_0 
            on s1_0.id=b1_0.show_id 
    left join
        event e1_0 
            on e1_0.id=s1_0.event_id 
    left join
        users o1_0 
            on o1_0.id=e1_0.organizer_id 
    left join
        venue v1_0 
            on v1_0.id=s1_0.venue_id 
    left join
        users u1_0 
            on u1_0.id=b1_0.user_id 
    where
        b1_0.id=?
Hibernate: 
    select
        u1_0.id,
        u1_0.created_at,
        u1_0.email,
        u1_0.name,
        u1_0.password,
        u1_0.role,
        u1_0.updated_at 
    from
        users u1_0 
    where
        u1_0.email=?
Hibernate: 
    select
        u1_0.id,
        u1_0.created_at,
        u1_0.email,
        u1_0.name,
        u1_0.password,
        u1_0.role,
        u1_0.updated_at 
    from
        users u1_0 
    where
        u1_0.email=?
2026-04-19T22:09:37.252+05:30  INFO 37630 --- [nio-8080-exec-9] com.bms.service.ShowServiceImpl          : Fetching show from DB: id=3
Hibernate: 
    select
        s1_0.id,
        s1_0.created_at,
        s1_0.end_time,
        e1_0.id,
        e1_0.created_at,
        e1_0.description,
        e1_0.duration_minutes,
        e1_0.event_type,
        e1_0.image_url,
        e1_0.organizer_id,
        e1_0.title,
        e1_0.updated_at,
        s1_0.price,
        s1_0.start_time,
        s1_0.updated_at,
        v1_0.id,
        v1_0.created_at,
        v1_0.layout_type,
        v1_0.location,
        v1_0.name,
        v1_0.total_capacity,
        v1_0.updated_at 
    from
        show s1_0 
    join
        event e1_0 
            on e1_0.id=s1_0.event_id 
    join
        venue v1_0 
            on v1_0.id=s1_0.venue_id 
    where
        s1_0.id=?
Hibernate: 
    select
        u1_0.id,
        u1_0.created_at,
        u1_0.email,
        u1_0.name,
        u1_0.password,
        u1_0.role,
        u1_0.updated_at 
    from
        users u1_0 
    where
        u1_0.id=?
Hibernate: 
    select
        s1_0.id,
        s1_0.created_at,
        s1_0.seat_number,
        s1_0.seat_row,
        s1_0.seat_type,
        s1_0.section_name,
        s1_0.updated_at,
        s1_0.venue_id 
    from
        seat s1_0 
    where
        s1_0.venue_id=?
Hibernate: 
    select
        bs1_0.id,
        bs1_0.booking_id,
        bs1_0.created_at,
        bs1_0.price,
        bs1_0.seat_id,
        bs1_0.show_id,
        bs1_0.updated_at 
    from
        booking_seat bs1_0 
    where
        bs1_0.show_id=?
Hibernate: 
    select
        b1_0.id,
        b1_0.booking_time,
        b1_0.created_at,
        s1_0.id,
        s1_0.created_at,
        s1_0.end_time,
        e1_0.id,
        e1_0.created_at,
        e1_0.description,
        e1_0.duration_minutes,
        e1_0.event_type,
        e1_0.image_url,
        o1_0.id,
        o1_0.created_at,
        o1_0.email,
        o1_0.name,
        o1_0.password,
        o1_0.role,
        o1_0.updated_at,
        e1_0.title,
        e1_0.updated_at,
        s1_0.price,
        s1_0.start_time,
        s1_0.updated_at,
        v1_0.id,
        v1_0.created_at,
        v1_0.layout_type,
        v1_0.location,
        v1_0.name,
        v1_0.total_capacity,
        v1_0.updated_at,
        b1_0.status,
        b1_0.total_amount,
        b1_0.updated_at,
        u1_0.id,
        u1_0.created_at,
        u1_0.email,
        u1_0.name,
        u1_0.password,
        u1_0.role,
        u1_0.updated_at 
    from
        booking b1_0 
    left join
        show s1_0 
            on s1_0.id=b1_0.show_id 
    left join
        event e1_0 
            on e1_0.id=s1_0.event_id 
    left join
        users o1_0 
            on o1_0.id=e1_0.organizer_id 
    left join
        venue v1_0 
            on v1_0.id=s1_0.venue_id 
    left join
        users u1_0 
            on u1_0.id=b1_0.user_id 
    where
        b1_0.id=?
Hibernate: 
    select
        u1_0.id,
        u1_0.created_at,
        u1_0.email,
        u1_0.name,
        u1_0.password,
        u1_0.role,
        u1_0.updated_at 
    from
        users u1_0 
    where
        u1_0.email=?
Hibernate: 
    select
        u1_0.id,
        u1_0.created_at,
        u1_0.email,
        u1_0.name,
        u1_0.password,
        u1_0.role,
        u1_0.updated_at 
    from
        users u1_0 
    where
        u1_0.email=?
2026-04-19T22:09:45.253+05:30  INFO 37630 --- [io-8080-exec-10] com.bms.service.ShowServiceImpl          : Fetching show from DB: id=3
Hibernate: 
    select
        s1_0.id,
        s1_0.created_at,
        s1_0.end_time,
        e1_0.id,
        e1_0.created_at,
        e1_0.description,
        e1_0.duration_minutes,
        e1_0.event_type,
        e1_0.image_url,
        e1_0.organizer_id,
        e1_0.title,
        e1_0.updated_at,
        s1_0.price,
        s1_0.start_time,
        s1_0.updated_at,
        v1_0.id,
        v1_0.created_at,
        v1_0.layout_type,
        v1_0.location,
        v1_0.name,
        v1_0.total_capacity,
        v1_0.updated_at 
    from
        show s1_0 
    join
        event e1_0 
            on e1_0.id=s1_0.event_id 
    join
        venue v1_0 
            on v1_0.id=s1_0.venue_id 
    where
        s1_0.id=?
Hibernate: 
    select
        u1_0.id,
        u1_0.created_at,
        u1_0.email,
        u1_0.name,
        u1_0.password,
        u1_0.role,
        u1_0.updated_at 
    from
        users u1_0 
    where
        u1_0.id=?
Hibernate: 
    select
        s1_0.id,
        s1_0.created_at,
        s1_0.seat_number,
        s1_0.seat_row,
        s1_0.seat_type,
        s1_0.section_name,
        s1_0.updated_at,
        s1_0.venue_id 
    from
        seat s1_0 
    where
        s1_0.venue_id=?
Hibernate: 
    select
        bs1_0.id,
        bs1_0.booking_id,
        bs1_0.created_at,
        bs1_0.price,
        bs1_0.seat_id,
        bs1_0.show_id,
        bs1_0.updated_at 
    from
        booking_seat bs1_0 
    where
        bs1_0.show_id=?
Hibernate: 
    select
        b1_0.id,
        b1_0.booking_time,
        b1_0.created_at,
        s1_0.id,
        s1_0.created_at,
        s1_0.end_time,
        e1_0.id,
        e1_0.created_at,
        e1_0.description,
        e1_0.duration_minutes,
        e1_0.event_type,
        e1_0.image_url,
        o1_0.id,
        o1_0.created_at,
        o1_0.email,
        o1_0.name,
        o1_0.password,
        o1_0.role,
        o1_0.updated_at,
        e1_0.title,
        e1_0.updated_at,
        s1_0.price,
        s1_0.start_time,
        s1_0.updated_at,
        v1_0.id,
        v1_0.created_at,
        v1_0.layout_type,
        v1_0.location,
        v1_0.name,
        v1_0.total_capacity,
        v1_0.updated_at,
        b1_0.status,
        b1_0.total_amount,
        b1_0.updated_at,
        u1_0.id,
        u1_0.created_at,
        u1_0.email,
        u1_0.name,
        u1_0.password,
        u1_0.role,
        u1_0.updated_at 
    from
        booking b1_0 
    left join
        show s1_0 
            on s1_0.id=b1_0.show_id 
    left join
        event e1_0 
            on e1_0.id=s1_0.event_id 
    left join
        users o1_0 
            on o1_0.id=e1_0.organizer_id 
    left join
        venue v1_0 
            on v1_0.id=s1_0.venue_id 
    left join
        users u1_0 
            on u1_0.id=b1_0.user_id 
    where
        b1_0.id=?
Hibernate: 
    select
        u1_0.id,
        u1_0.created_at,
        u1_0.email,
        u1_0.name,
        u1_0.password,
        u1_0.role,
        u1_0.updated_at 
    from
        users u1_0 
    where
        u1_0.email=?
Hibernate: 
    select
        u1_0.id,
        u1_0.created_at,
        u1_0.email,
        u1_0.name,
        u1_0.password,
        u1_0.role,
        u1_0.updated_at 
    from
        users u1_0 
    where
        u1_0.email=?
2026-04-19T22:09:53.252+05:30  INFO 37630 --- [nio-8080-exec-1] com.bms.service.ShowServiceImpl          : Fetching show from DB: id=3
Hibernate: 
    select
        s1_0.id,
        s1_0.created_at,
        s1_0.end_time,
        e1_0.id,
        e1_0.created_at,
        e1_0.description,
        e1_0.duration_minutes,
        e1_0.event_type,
        e1_0.image_url,
        e1_0.organizer_id,
        e1_0.title,
        e1_0.updated_at,
        s1_0.price,
        s1_0.start_time,
        s1_0.updated_at,
        v1_0.id,
        v1_0.created_at,
        v1_0.layout_type,
        v1_0.location,
        v1_0.name,
        v1_0.total_capacity,
        v1_0.updated_at 
    from
        show s1_0 
    join
        event e1_0 
            on e1_0.id=s1_0.event_id 
    join
        venue v1_0 
            on v1_0.id=s1_0.venue_id 
    where
        s1_0.id=?
Hibernate: 
    select
        u1_0.id,
        u1_0.created_at,
        u1_0.email,
        u1_0.name,
        u1_0.password,
        u1_0.role,
        u1_0.updated_at 
    from
        users u1_0 
    where
        u1_0.id=?
Hibernate: 
    select
        s1_0.id,
        s1_0.created_at,
        s1_0.seat_number,
        s1_0.seat_row,
        s1_0.seat_type,
        s1_0.section_name,
        s1_0.updated_at,
        s1_0.venue_id 
    from
        seat s1_0 
    where
        s1_0.venue_id=?
Hibernate: 
    select
        bs1_0.id,
        bs1_0.booking_id,
        bs1_0.created_at,
        bs1_0.price,
        bs1_0.seat_id,
        bs1_0.show_id,
        bs1_0.updated_at 
    from
        booking_seat bs1_0 
    where
        bs1_0.show_id=?
Hibernate: 
    select
        b1_0.id,
        b1_0.booking_time,
        b1_0.created_at,
        s1_0.id,
        s1_0.created_at,
        s1_0.end_time,
        e1_0.id,
        e1_0.created_at,
        e1_0.description,
        e1_0.duration_minutes,
        e1_0.event_type,
        e1_0.image_url,
        o1_0.id,
        o1_0.created_at,
        o1_0.email,
        o1_0.name,
        o1_0.password,
        o1_0.role,
        o1_0.updated_at,
        e1_0.title,
        e1_0.updated_at,
        s1_0.price,
        s1_0.start_time,
        s1_0.updated_at,
        v1_0.id,
        v1_0.created_at,
        v1_0.layout_type,
        v1_0.location,
        v1_0.name,
        v1_0.total_capacity,
        v1_0.updated_at,
        b1_0.status,
        b1_0.total_amount,
        b1_0.updated_at,
        u1_0.id,
        u1_0.created_at,
        u1_0.email,
        u1_0.name,
        u1_0.password,
        u1_0.role,
        u1_0.updated_at 
    from
        booking b1_0 
    left join
        show s1_0 
            on s1_0.id=b1_0.show_id 
    left join
        event e1_0 
            on e1_0.id=s1_0.event_id 
    left join
        users o1_0 
            on o1_0.id=e1_0.organizer_id 
    left join
        venue v1_0 
            on v1_0.id=s1_0.venue_id 
    left join
        users u1_0 
            on u1_0.id=b1_0.user_id 
    where
        b1_0.id=?
Hibernate: 
    select
        u1_0.id,
        u1_0.created_at,
        u1_0.email,
        u1_0.name,
        u1_0.password,
        u1_0.role,
        u1_0.updated_at 
    from
        users u1_0 
    where
        u1_0.email=?
Hibernate: 
    select
        u1_0.id,
        u1_0.created_at,
        u1_0.email,
        u1_0.name,
        u1_0.password,
        u1_0.role,
        u1_0.updated_at 
    from
        users u1_0 
    where
        u1_0.email=?
2026-04-19T22:10:01.255+05:30  INFO 37630 --- [nio-8080-exec-2] com.bms.service.ShowServiceImpl          : Fetching show from DB: id=3
Hibernate: 
    select
        s1_0.id,
        s1_0.created_at,
        s1_0.end_time,
        e1_0.id,
        e1_0.created_at,
        e1_0.description,
        e1_0.duration_minutes,
        e1_0.event_type,
        e1_0.image_url,
        e1_0.organizer_id,
        e1_0.title,
        e1_0.updated_at,
        s1_0.price,
        s1_0.start_time,
        s1_0.updated_at,
        v1_0.id,
        v1_0.created_at,
        v1_0.layout_type,
        v1_0.location,
        v1_0.name,
        v1_0.total_capacity,
        v1_0.updated_at 
    from
        show s1_0 
    join
        event e1_0 
            on e1_0.id=s1_0.event_id 
    join
        venue v1_0 
            on v1_0.id=s1_0.venue_id 
    where
        s1_0.id=?
Hibernate: 
    select
        u1_0.id,
        u1_0.created_at,
        u1_0.email,
        u1_0.name,
        u1_0.password,
        u1_0.role,
        u1_0.updated_at 
    from
        users u1_0 
    where
        u1_0.id=?
Hibernate: 
    select
        s1_0.id,
        s1_0.created_at,
        s1_0.seat_number,
        s1_0.seat_row,
        s1_0.seat_type,
        s1_0.section_name,
        s1_0.updated_at,
        s1_0.venue_id 
    from
        seat s1_0 
    where
        s1_0.venue_id=?
Hibernate: 
    select
        bs1_0.id,
        bs1_0.booking_id,
        bs1_0.created_at,
        bs1_0.price,
        bs1_0.seat_id,
        bs1_0.show_id,
        bs1_0.updated_at 
    from
        booking_seat bs1_0 
    where
        bs1_0.show_id=?
Hibernate: 
    select
        b1_0.id,
        b1_0.booking_time,
        b1_0.created_at,
        s1_0.id,
        s1_0.created_at,
        s1_0.end_time,
        e1_0.id,
        e1_0.created_at,
        e1_0.description,
        e1_0.duration_minutes,
        e1_0.event_type,
        e1_0.image_url,
        o1_0.id,
        o1_0.created_at,
        o1_0.email,
        o1_0.name,
        o1_0.password,
        o1_0.role,
        o1_0.updated_at,
        e1_0.title,
        e1_0.updated_at,
        s1_0.price,
        s1_0.start_time,
        s1_0.updated_at,
        v1_0.id,
        v1_0.created_at,
        v1_0.layout_type,
        v1_0.location,
        v1_0.name,
        v1_0.total_capacity,
        v1_0.updated_at,
        b1_0.status,
        b1_0.total_amount,
        b1_0.updated_at,
        u1_0.id,
        u1_0.created_at,
        u1_0.email,
        u1_0.name,
        u1_0.password,
        u1_0.role,
        u1_0.updated_at 
    from
        booking b1_0 
    left join
        show s1_0 
            on s1_0.id=b1_0.show_id 
    left join
        event e1_0 
            on e1_0.id=s1_0.event_id 
    left join
        users o1_0 
            on o1_0.id=e1_0.organizer_id 
    left join
        venue v1_0 
            on v1_0.id=s1_0.venue_id 
    left join
        users u1_0 
            on u1_0.id=b1_0.user_id 
    where
        b1_0.id=?
Hibernate: 
    select
        u1_0.id,
        u1_0.created_at,
        u1_0.email,
        u1_0.name,
        u1_0.password,
        u1_0.role,
        u1_0.updated_at 
    from
        users u1_0 
    where
        u1_0.email=?
Hibernate: 
    select
        u1_0.id,
        u1_0.created_at,
        u1_0.email,
        u1_0.name,
        u1_0.password,
        u1_0.role,
        u1_0.updated_at 
    from
        users u1_0 
    where
        u1_0.email=?
2026-04-19T22:10:09.252+05:30  INFO 37630 --- [nio-8080-exec-3] com.bms.service.ShowServiceImpl          : Fetching show from DB: id=3
Hibernate: 
    select
        s1_0.id,
        s1_0.created_at,
        s1_0.end_time,
        e1_0.id,
        e1_0.created_at,
        e1_0.description,
        e1_0.duration_minutes,
        e1_0.event_type,
        e1_0.image_url,
        e1_0.organizer_id,
        e1_0.title,
        e1_0.updated_at,
        s1_0.price,
        s1_0.start_time,
        s1_0.updated_at,
        v1_0.id,
        v1_0.created_at,
        v1_0.layout_type,
        v1_0.location,
        v1_0.name,
        v1_0.total_capacity,
        v1_0.updated_at 
    from
        show s1_0 
    join
        event e1_0 
            on e1_0.id=s1_0.event_id 
    join
        venue v1_0 
            on v1_0.id=s1_0.venue_id 
    where
        s1_0.id=?
Hibernate: 
    select
        u1_0.id,
        u1_0.created_at,
        u1_0.email,
        u1_0.name,
        u1_0.password,
        u1_0.role,
        u1_0.updated_at 
    from
        users u1_0 
    where
        u1_0.id=?
Hibernate: 
    select
        s1_0.id,
        s1_0.created_at,
        s1_0.seat_number,
        s1_0.seat_row,
        s1_0.seat_type,
        s1_0.section_name,
        s1_0.updated_at,
        s1_0.venue_id 
    from
        seat s1_0 
    where
        s1_0.venue_id=?
Hibernate: 
    select
        bs1_0.id,
        bs1_0.booking_id,
        bs1_0.created_at,
        bs1_0.price,
        bs1_0.seat_id,
        bs1_0.show_id,
        bs1_0.updated_at 
    from
        booking_seat bs1_0 
    where
        bs1_0.show_id=?
Hibernate: 
    select
        b1_0.id,
        b1_0.booking_time,
        b1_0.created_at,
        s1_0.id,
        s1_0.created_at,
        s1_0.end_time,
        e1_0.id,
        e1_0.created_at,
        e1_0.description,
        e1_0.duration_minutes,
        e1_0.event_type,
        e1_0.image_url,
        o1_0.id,
        o1_0.created_at,
        o1_0.email,
        o1_0.name,
        o1_0.password,
        o1_0.role,
        o1_0.updated_at,
        e1_0.title,
        e1_0.updated_at,
        s1_0.price,
        s1_0.start_time,
        s1_0.updated_at,
        v1_0.id,
        v1_0.created_at,
        v1_0.layout_type,
        v1_0.location,
        v1_0.name,
        v1_0.total_capacity,
        v1_0.updated_at,
        b1_0.status,
        b1_0.total_amount,
        b1_0.updated_at,
        u1_0.id,
        u1_0.created_at,
        u1_0.email,
        u1_0.name,
        u1_0.password,
        u1_0.role,
        u1_0.updated_at 
    from
        booking b1_0 
    left join
        show s1_0 
            on s1_0.id=b1_0.show_id 
    left join
        event e1_0 
            on e1_0.id=s1_0.event_id 
    left join
        users o1_0 
            on o1_0.id=e1_0.organizer_id 
    left join
        venue v1_0 
            on v1_0.id=s1_0.venue_id 
    left join
        users u1_0 
            on u1_0.id=b1_0.user_id 
    where
        b1_0.id=?
Hibernate: 
    select
        u1_0.id,
        u1_0.created_at,
        u1_0.email,
        u1_0.name,
        u1_0.password,
        u1_0.role,
        u1_0.updated_at 
    from
        users u1_0 
    where
        u1_0.email=?
Hibernate: 
    select
        u1_0.id,
        u1_0.created_at,
        u1_0.email,
        u1_0.name,
        u1_0.password,
        u1_0.role,
        u1_0.updated_at 
    from
        users u1_0 
    where
        u1_0.email=?
2026-04-19T22:10:17.252+05:30  INFO 37630 --- [nio-8080-exec-4] com.bms.service.ShowServiceImpl          : Fetching show from DB: id=3
Hibernate: 
    select
        s1_0.id,
        s1_0.created_at,
        s1_0.end_time,
        e1_0.id,
        e1_0.created_at,
        e1_0.description,
        e1_0.duration_minutes,
        e1_0.event_type,
        e1_0.image_url,
        e1_0.organizer_id,
        e1_0.title,
        e1_0.updated_at,
        s1_0.price,
        s1_0.start_time,
        s1_0.updated_at,
        v1_0.id,
        v1_0.created_at,
        v1_0.layout_type,
        v1_0.location,
        v1_0.name,
        v1_0.total_capacity,
        v1_0.updated_at 
    from
        show s1_0 
    join
        event e1_0 
            on e1_0.id=s1_0.event_id 
    join
        venue v1_0 
            on v1_0.id=s1_0.venue_id 
    where
        s1_0.id=?
Hibernate: 
    select
        u1_0.id,
        u1_0.created_at,
        u1_0.email,
        u1_0.name,
        u1_0.password,
        u1_0.role,
        u1_0.updated_at 
    from
        users u1_0 
    where
        u1_0.id=?
Hibernate: 
    select
        s1_0.id,
        s1_0.created_at,
        s1_0.seat_number,
        s1_0.seat_row,
        s1_0.seat_type,
        s1_0.section_name,
        s1_0.updated_at,
        s1_0.venue_id 
    from
        seat s1_0 
    where
        s1_0.venue_id=?
Hibernate: 
    select
        bs1_0.id,
        bs1_0.booking_id,
        bs1_0.created_at,
        bs1_0.price,
        bs1_0.seat_id,
        bs1_0.show_id,
        bs1_0.updated_at 
    from
        booking_seat bs1_0 
    where
        bs1_0.show_id=?
Hibernate: 
    select
        b1_0.id,
        b1_0.booking_time,
        b1_0.created_at,
        s1_0.id,
        s1_0.created_at,
        s1_0.end_time,
        e1_0.id,
        e1_0.created_at,
        e1_0.description,
        e1_0.duration_minutes,
        e1_0.event_type,
        e1_0.image_url,
        o1_0.id,
        o1_0.created_at,
        o1_0.email,
        o1_0.name,
        o1_0.password,
        o1_0.role,
        o1_0.updated_at,
        e1_0.title,
        e1_0.updated_at,
        s1_0.price,
        s1_0.start_time,
        s1_0.updated_at,
        v1_0.id,
        v1_0.created_at,
        v1_0.layout_type,
        v1_0.location,
        v1_0.name,
        v1_0.total_capacity,
        v1_0.updated_at,
        b1_0.status,
        b1_0.total_amount,
        b1_0.updated_at,
        u1_0.id,
        u1_0.created_at,
        u1_0.email,
        u1_0.name,
        u1_0.password,
        u1_0.role,
        u1_0.updated_at 
    from
        booking b1_0 
    left join
        show s1_0 
            on s1_0.id=b1_0.show_id 
    left join
        event e1_0 
            on e1_0.id=s1_0.event_id 
    left join
        users o1_0 
            on o1_0.id=e1_0.organizer_id 
    left join
        venue v1_0 
            on v1_0.id=s1_0.venue_id 
    left join
        users u1_0 
            on u1_0.id=b1_0.user_id 
    where
        b1_0.id=?
Hibernate: 
    select
        u1_0.id,
        u1_0.created_at,
        u1_0.email,
        u1_0.name,
        u1_0.password,
        u1_0.role,
        u1_0.updated_at 
    from
        users u1_0 
    where
        u1_0.email=?
Hibernate: 
    select
        u1_0.id,
        u1_0.created_at,
        u1_0.email,
        u1_0.name,
        u1_0.password,
        u1_0.role,
        u1_0.updated_at 
    from
        users u1_0 
    where
        u1_0.email=?
2026-04-19T22:10:25.248+05:30  INFO 37630 --- [nio-8080-exec-5] com.bms.service.ShowServiceImpl          : Fetching show from DB: id=3
Hibernate: 
    select
        s1_0.id,
        s1_0.created_at,
        s1_0.end_time,
        e1_0.id,
        e1_0.created_at,
        e1_0.description,
        e1_0.duration_minutes,
        e1_0.event_type,
        e1_0.image_url,
        e1_0.organizer_id,
        e1_0.title,
        e1_0.updated_at,
        s1_0.price,
        s1_0.start_time,
        s1_0.updated_at,
        v1_0.id,
        v1_0.created_at,
        v1_0.layout_type,
        v1_0.location,
        v1_0.name,
        v1_0.total_capacity,
        v1_0.updated_at 
    from
        show s1_0 
    join
        event e1_0 
            on e1_0.id=s1_0.event_id 
    join
        venue v1_0 
            on v1_0.id=s1_0.venue_id 
    where
        s1_0.id=?
Hibernate: 
    select
        u1_0.id,
        u1_0.created_at,
        u1_0.email,
        u1_0.name,
        u1_0.password,
        u1_0.role,
        u1_0.updated_at 
    from
        users u1_0 
    where
        u1_0.id=?
Hibernate: 
    select
        s1_0.id,
        s1_0.created_at,
        s1_0.seat_number,
        s1_0.seat_row,
        s1_0.seat_type,
        s1_0.section_name,
        s1_0.updated_at,
        s1_0.venue_id 
    from
        seat s1_0 
    where
        s1_0.venue_id=?
Hibernate: 
    select
        bs1_0.id,
        bs1_0.booking_id,
        bs1_0.created_at,
        bs1_0.price,
        bs1_0.seat_id,
        bs1_0.show_id,
        bs1_0.updated_at 
    from
        booking_seat bs1_0 
    where
        bs1_0.show_id=?
Hibernate: 
    select
        b1_0.id,
        b1_0.booking_time,
        b1_0.created_at,
        s1_0.id,
        s1_0.created_at,
        s1_0.end_time,
        e1_0.id,
        e1_0.created_at,
        e1_0.description,
        e1_0.duration_minutes,
        e1_0.event_type,
        e1_0.image_url,
        o1_0.id,
        o1_0.created_at,
        o1_0.email,
        o1_0.name,
        o1_0.password,
        o1_0.role,
        o1_0.updated_at,
        e1_0.title,
        e1_0.updated_at,
        s1_0.price,
        s1_0.start_time,
        s1_0.updated_at,
        v1_0.id,
        v1_0.created_at,
        v1_0.layout_type,
        v1_0.location,
        v1_0.name,
        v1_0.total_capacity,
        v1_0.updated_at,
        b1_0.status,
        b1_0.total_amount,
        b1_0.updated_at,
        u1_0.id,
        u1_0.created_at,
        u1_0.email,
        u1_0.name,
        u1_0.password,
        u1_0.role,
        u1_0.updated_at 
    from
        booking b1_0 
    left join
        show s1_0 
            on s1_0.id=b1_0.show_id 
    left join
        event e1_0 
            on e1_0.id=s1_0.event_id 
    left join
        users o1_0 
            on o1_0.id=e1_0.organizer_id 
    left join
        venue v1_0 
            on v1_0.id=s1_0.venue_id 
    left join
        users u1_0 
            on u1_0.id=b1_0.user_id 
    where
        b1_0.id=?
Hibernate: 
    select
        u1_0.id,
        u1_0.created_at,
        u1_0.email,
        u1_0.name,
        u1_0.password,
        u1_0.role,
        u1_0.updated_at 
    from
        users u1_0 
    where
        u1_0.email=?
Hibernate: 
    select
        u1_0.id,
        u1_0.created_at,
        u1_0.email,
        u1_0.name,
        u1_0.password,
        u1_0.role,
        u1_0.updated_at 
    from
        users u1_0 
    where
        u1_0.email=?
2026-04-19T22:10:33.251+05:30  INFO 37630 --- [nio-8080-exec-6] com.bms.service.ShowServiceImpl          : Fetching show from DB: id=3
Hibernate: 
    select
        s1_0.id,
        s1_0.created_at,
        s1_0.end_time,
        e1_0.id,
        e1_0.created_at,
        e1_0.description,
        e1_0.duration_minutes,
        e1_0.event_type,
        e1_0.image_url,
        e1_0.organizer_id,
        e1_0.title,
        e1_0.updated_at,
        s1_0.price,
        s1_0.start_time,
        s1_0.updated_at,
        v1_0.id,
        v1_0.created_at,
        v1_0.layout_type,
        v1_0.location,
        v1_0.name,
        v1_0.total_capacity,
        v1_0.updated_at 
    from
        show s1_0 
    join
        event e1_0 
            on e1_0.id=s1_0.event_id 
    join
        venue v1_0 
            on v1_0.id=s1_0.venue_id 
    where
        s1_0.id=?
Hibernate: 
    select
        u1_0.id,
        u1_0.created_at,
        u1_0.email,
        u1_0.name,
        u1_0.password,
        u1_0.role,
        u1_0.updated_at 
    from
        users u1_0 
    where
        u1_0.id=?
Hibernate: 
    select
        s1_0.id,
        s1_0.created_at,
        s1_0.seat_number,
        s1_0.seat_row,
        s1_0.seat_type,
        s1_0.section_name,
        s1_0.updated_at,
        s1_0.venue_id 
    from
        seat s1_0 
    where
        s1_0.venue_id=?
Hibernate: 
    select
        bs1_0.id,
        bs1_0.booking_id,
        bs1_0.created_at,
        bs1_0.price,
        bs1_0.seat_id,
        bs1_0.show_id,
        bs1_0.updated_at 
    from
        booking_seat bs1_0 
    where
        bs1_0.show_id=?
Hibernate: 
    select
        b1_0.id,
        b1_0.booking_time,
        b1_0.created_at,
        s1_0.id,
        s1_0.created_at,
        s1_0.end_time,
        e1_0.id,
        e1_0.created_at,
        e1_0.description,
        e1_0.duration_minutes,
        e1_0.event_type,
        e1_0.image_url,
        o1_0.id,
        o1_0.created_at,
        o1_0.email,
        o1_0.name,
        o1_0.password,
        o1_0.role,
        o1_0.updated_at,
        e1_0.title,
        e1_0.updated_at,
        s1_0.price,
        s1_0.start_time,
        s1_0.updated_at,
        v1_0.id,
        v1_0.created_at,
        v1_0.layout_type,
        v1_0.location,
        v1_0.name,
        v1_0.total_capacity,
        v1_0.updated_at,
        b1_0.status,
        b1_0.total_amount,
        b1_0.updated_at,
        u1_0.id,
        u1_0.created_at,
        u1_0.email,
        u1_0.name,
        u1_0.password,
        u1_0.role,
        u1_0.updated_at 
    from
        booking b1_0 
    left join
        show s1_0 
            on s1_0.id=b1_0.show_id 
    left join
        event e1_0 
            on e1_0.id=s1_0.event_id 
    left join
        users o1_0 
            on o1_0.id=e1_0.organizer_id 
    left join
        venue v1_0 
            on v1_0.id=s1_0.venue_id 
    left join
        users u1_0 
            on u1_0.id=b1_0.user_id 
    where
        b1_0.id=?
Hibernate: 
    select
        u1_0.id,
        u1_0.created_at,
        u1_0.email,
        u1_0.name,
        u1_0.password,
        u1_0.role,
        u1_0.updated_at 
    from
        users u1_0 
    where
        u1_0.email=?
Hibernate: 
    select
        u1_0.id,
        u1_0.created_at,
        u1_0.email,
        u1_0.name,
        u1_0.password,
        u1_0.role,
        u1_0.updated_at 
    from
        users u1_0 
    where
        u1_0.email=?
2026-04-19T22:10:41.252+05:30  INFO 37630 --- [nio-8080-exec-7] com.bms.service.ShowServiceImpl          : Fetching show from DB: id=3
Hibernate: 
    select
        s1_0.id,
        s1_0.created_at,
        s1_0.end_time,
        e1_0.id,
        e1_0.created_at,
        e1_0.description,
        e1_0.duration_minutes,
        e1_0.event_type,
        e1_0.image_url,
        e1_0.organizer_id,
        e1_0.title,
        e1_0.updated_at,
        s1_0.price,
        s1_0.start_time,
        s1_0.updated_at,
        v1_0.id,
        v1_0.created_at,
        v1_0.layout_type,
        v1_0.location,
        v1_0.name,
        v1_0.total_capacity,
        v1_0.updated_at 
    from
        show s1_0 
    join
        event e1_0 
            on e1_0.id=s1_0.event_id 
    join
        venue v1_0 
            on v1_0.id=s1_0.venue_id 
    where
        s1_0.id=?
Hibernate: 
    select
        u1_0.id,
        u1_0.created_at,
        u1_0.email,
        u1_0.name,
        u1_0.password,
        u1_0.role,
        u1_0.updated_at 
    from
        users u1_0 
    where
        u1_0.id=?
Hibernate: 
    select
        s1_0.id,
        s1_0.created_at,
        s1_0.seat_number,
        s1_0.seat_row,
        s1_0.seat_type,
        s1_0.section_name,
        s1_0.updated_at,
        s1_0.venue_id 
    from
        seat s1_0 
    where
        s1_0.venue_id=?
Hibernate: 
    select
        bs1_0.id,
        bs1_0.booking_id,
        bs1_0.created_at,
        bs1_0.price,
        bs1_0.seat_id,
        bs1_0.show_id,
        bs1_0.updated_at 
    from
        booking_seat bs1_0 
    where
        bs1_0.show_id=?
Hibernate: 
    select
        b1_0.id,
        b1_0.booking_time,
        b1_0.created_at,
        s1_0.id,
        s1_0.created_at,
        s1_0.end_time,
        e1_0.id,
        e1_0.created_at,
        e1_0.description,
        e1_0.duration_minutes,
        e1_0.event_type,
        e1_0.image_url,
        o1_0.id,
        o1_0.created_at,
        o1_0.email,
        o1_0.name,
        o1_0.password,
        o1_0.role,
        o1_0.updated_at,
        e1_0.title,
        e1_0.updated_at,
        s1_0.price,
        s1_0.start_time,
        s1_0.updated_at,
        v1_0.id,
        v1_0.created_at,
        v1_0.layout_type,
        v1_0.location,
        v1_0.name,
        v1_0.total_capacity,
        v1_0.updated_at,
        b1_0.status,
        b1_0.total_amount,
        b1_0.updated_at,
        u1_0.id,
        u1_0.created_at,
        u1_0.email,
        u1_0.name,
        u1_0.password,
        u1_0.role,
        u1_0.updated_at 
    from
        booking b1_0 
    left join
        show s1_0 
            on s1_0.id=b1_0.show_id 
    left join
        event e1_0 
            on e1_0.id=s1_0.event_id 
    left join
        users o1_0 
            on o1_0.id=e1_0.organizer_id 
    left join
        venue v1_0 
            on v1_0.id=s1_0.venue_id 
    left join
        users u1_0 
            on u1_0.id=b1_0.user_id 
    where
        b1_0.id=?
Hibernate: 
    select
        u1_0.id,
        u1_0.created_at,
        u1_0.email,
        u1_0.name,
        u1_0.password,
        u1_0.role,
        u1_0.updated_at 
    from
        users u1_0 
    where
        u1_0.email=?
Hibernate: 
    select
        u1_0.id,
        u1_0.created_at,
        u1_0.email,
        u1_0.name,
        u1_0.password,
        u1_0.role,
        u1_0.updated_at 
    from
        users u1_0 
    where
        u1_0.email=?
2026-04-19T22:10:49.252+05:30  INFO 37630 --- [nio-8080-exec-8] com.bms.service.ShowServiceImpl          : Fetching show from DB: id=3
Hibernate: 
    select
        s1_0.id,
        s1_0.created_at,
        s1_0.end_time,
        e1_0.id,
        e1_0.created_at,
        e1_0.description,
        e1_0.duration_minutes,
        e1_0.event_type,
        e1_0.image_url,
        e1_0.organizer_id,
        e1_0.title,
        e1_0.updated_at,
        s1_0.price,
        s1_0.start_time,
        s1_0.updated_at,
        v1_0.id,
        v1_0.created_at,
        v1_0.layout_type,
        v1_0.location,
        v1_0.name,
        v1_0.total_capacity,
        v1_0.updated_at 
    from
        show s1_0 
    join
        event e1_0 
            on e1_0.id=s1_0.event_id 
    join
        venue v1_0 
            on v1_0.id=s1_0.venue_id 
    where
        s1_0.id=?
Hibernate: 
    select
        u1_0.id,
        u1_0.created_at,
        u1_0.email,
        u1_0.name,
        u1_0.password,
        u1_0.role,
        u1_0.updated_at 
    from
        users u1_0 
    where
        u1_0.id=?
Hibernate: 
    select
        s1_0.id,
        s1_0.created_at,
        s1_0.seat_number,
        s1_0.seat_row,
        s1_0.seat_type,
        s1_0.section_name,
        s1_0.updated_at,
        s1_0.venue_id 
    from
        seat s1_0 
    where
        s1_0.venue_id=?
Hibernate: 
    select
        bs1_0.id,
        bs1_0.booking_id,
        bs1_0.created_at,
        bs1_0.price,
        bs1_0.seat_id,
        bs1_0.show_id,
        bs1_0.updated_at 
    from
        booking_seat bs1_0 
    where
        bs1_0.show_id=?
Hibernate: 
    select
        b1_0.id,
        b1_0.booking_time,
        b1_0.created_at,
        s1_0.id,
        s1_0.created_at,
        s1_0.end_time,
        e1_0.id,
        e1_0.created_at,
        e1_0.description,
        e1_0.duration_minutes,
        e1_0.event_type,
        e1_0.image_url,
        o1_0.id,
        o1_0.created_at,
        o1_0.email,
        o1_0.name,
        o1_0.password,
        o1_0.role,
        o1_0.updated_at,
        e1_0.title,
        e1_0.updated_at,
        s1_0.price,
        s1_0.start_time,
        s1_0.updated_at,
        v1_0.id,
        v1_0.created_at,
        v1_0.layout_type,
        v1_0.location,
        v1_0.name,
        v1_0.total_capacity,
        v1_0.updated_at,
        b1_0.status,
        b1_0.total_amount,
        b1_0.updated_at,
        u1_0.id,
        u1_0.created_at,
        u1_0.email,
        u1_0.name,
        u1_0.password,
        u1_0.role,
        u1_0.updated_at 
    from
        booking b1_0 
    left join
        show s1_0 
            on s1_0.id=b1_0.show_id 
    left join
        event e1_0 
            on e1_0.id=s1_0.event_id 
    left join
        users o1_0 
            on o1_0.id=e1_0.organizer_id 
    left join
        venue v1_0 
            on v1_0.id=s1_0.venue_id 
    left join
        users u1_0 
            on u1_0.id=b1_0.user_id 
    where
        b1_0.id=?
Hibernate: 
    select
        u1_0.id,
        u1_0.created_at,
        u1_0.email,
        u1_0.name,
        u1_0.password,
        u1_0.role,
        u1_0.updated_at 
    from
        users u1_0 
    where
        u1_0.email=?
Hibernate: 
    select
        u1_0.id,
        u1_0.created_at,
        u1_0.email,
        u1_0.name,
        u1_0.password,
        u1_0.role,
        u1_0.updated_at 
    from
        users u1_0 
    where
        u1_0.email=?
2026-04-19T22:10:57.250+05:30  INFO 37630 --- [nio-8080-exec-9] com.bms.service.ShowServiceImpl          : Fetching show from DB: id=3
Hibernate: 
    select
        s1_0.id,
        s1_0.created_at,
        s1_0.end_time,
        e1_0.id,
        e1_0.created_at,
        e1_0.description,
        e1_0.duration_minutes,
        e1_0.event_type,
        e1_0.image_url,
        e1_0.organizer_id,
        e1_0.title,
        e1_0.updated_at,
        s1_0.price,
        s1_0.start_time,
        s1_0.updated_at,
        v1_0.id,
        v1_0.created_at,
        v1_0.layout_type,
        v1_0.location,
        v1_0.name,
        v1_0.total_capacity,
        v1_0.updated_at 
    from
        show s1_0 
    join
        event e1_0 
            on e1_0.id=s1_0.event_id 
    join
        venue v1_0 
            on v1_0.id=s1_0.venue_id 
    where
        s1_0.id=?
Hibernate: 
    select
        u1_0.id,
        u1_0.created_at,
        u1_0.email,
        u1_0.name,
        u1_0.password,
        u1_0.role,
        u1_0.updated_at 
    from
        users u1_0 
    where
        u1_0.id=?
Hibernate: 
    select
        s1_0.id,
        s1_0.created_at,
        s1_0.seat_number,
        s1_0.seat_row,
        s1_0.seat_type,
        s1_0.section_name,
        s1_0.updated_at,
        s1_0.venue_id 
    from
        seat s1_0 
    where
        s1_0.venue_id=?
Hibernate: 
    select
        bs1_0.id,
        bs1_0.booking_id,
        bs1_0.created_at,
        bs1_0.price,
        bs1_0.seat_id,
        bs1_0.show_id,
        bs1_0.updated_at 
    from
        booking_seat bs1_0 
    where
        bs1_0.show_id=?
Hibernate: 
    select
        b1_0.id,
        b1_0.booking_time,
        b1_0.created_at,
        s1_0.id,
        s1_0.created_at,
        s1_0.end_time,
        e1_0.id,
        e1_0.created_at,
        e1_0.description,
        e1_0.duration_minutes,
        e1_0.event_type,
        e1_0.image_url,
        o1_0.id,
        o1_0.created_at,
        o1_0.email,
        o1_0.name,
        o1_0.password,
        o1_0.role,
        o1_0.updated_at,
        e1_0.title,
        e1_0.updated_at,
        s1_0.price,
        s1_0.start_time,
        s1_0.updated_at,
        v1_0.id,
        v1_0.created_at,
        v1_0.layout_type,
        v1_0.location,
        v1_0.name,
        v1_0.total_capacity,
        v1_0.updated_at,
        b1_0.status,
        b1_0.total_amount,
        b1_0.updated_at,
        u1_0.id,
        u1_0.created_at,
        u1_0.email,
        u1_0.name,
        u1_0.password,
        u1_0.role,
        u1_0.updated_at 
    from
        booking b1_0 
    left join
        show s1_0 
            on s1_0.id=b1_0.show_id 
    left join
        event e1_0 
            on e1_0.id=s1_0.event_id 
    left join
        users o1_0 
            on o1_0.id=e1_0.organizer_id 
    left join
        venue v1_0 
            on v1_0.id=s1_0.venue_id 
    left join
        users u1_0 
            on u1_0.id=b1_0.user_id 
    where
        b1_0.id=?
Hibernate: 
    select
        u1_0.id,
        u1_0.created_at,
        u1_0.email,
        u1_0.name,
        u1_0.password,
        u1_0.role,
        u1_0.updated_at 
    from
        users u1_0 
    where
        u1_0.email=?
Hibernate: 
    select
        u1_0.id,
        u1_0.created_at,
        u1_0.email,
        u1_0.name,
        u1_0.password,
        u1_0.role,
        u1_0.updated_at 
    from
        users u1_0 
    where
        u1_0.email=?
2026-04-19T22:11:05.251+05:30  INFO 37630 --- [io-8080-exec-10] com.bms.service.ShowServiceImpl          : Fetching show from DB: id=3
Hibernate: 
    select
        s1_0.id,
        s1_0.created_at,
        s1_0.end_time,
        e1_0.id,
        e1_0.created_at,
        e1_0.description,
        e1_0.duration_minutes,
        e1_0.event_type,
        e1_0.image_url,
        e1_0.organizer_id,
        e1_0.title,
        e1_0.updated_at,
        s1_0.price,
        s1_0.start_time,
        s1_0.updated_at,
        v1_0.id,
        v1_0.created_at,
        v1_0.layout_type,
        v1_0.location,
        v1_0.name,
        v1_0.total_capacity,
        v1_0.updated_at 
    from
        show s1_0 
    join
        event e1_0 
            on e1_0.id=s1_0.event_id 
    join
        venue v1_0 
            on v1_0.id=s1_0.venue_id 
    where
        s1_0.id=?
Hibernate: 
    select
        u1_0.id,
        u1_0.created_at,
        u1_0.email,
        u1_0.name,
        u1_0.password,
        u1_0.role,
        u1_0.updated_at 
    from
        users u1_0 
    where
        u1_0.id=?
Hibernate: 
    select
        s1_0.id,
        s1_0.created_at,
        s1_0.seat_number,
        s1_0.seat_row,
        s1_0.seat_type,
        s1_0.section_name,
        s1_0.updated_at,
        s1_0.venue_id 
    from
        seat s1_0 
    where
        s1_0.venue_id=?
Hibernate: 
    select
        bs1_0.id,
        bs1_0.booking_id,
        bs1_0.created_at,
        bs1_0.price,
        bs1_0.seat_id,
        bs1_0.show_id,
        bs1_0.updated_at 
    from
        booking_seat bs1_0 
    where
        bs1_0.show_id=?
Hibernate: 
    select
        b1_0.id,
        b1_0.booking_time,
        b1_0.created_at,
        s1_0.id,
        s1_0.created_at,
        s1_0.end_time,
        e1_0.id,
        e1_0.created_at,
        e1_0.description,
        e1_0.duration_minutes,
        e1_0.event_type,
        e1_0.image_url,
        o1_0.id,
        o1_0.created_at,
        o1_0.email,
        o1_0.name,
        o1_0.password,
        o1_0.role,
        o1_0.updated_at,
        e1_0.title,
        e1_0.updated_at,
        s1_0.price,
        s1_0.start_time,
        s1_0.updated_at,
        v1_0.id,
        v1_0.created_at,
        v1_0.layout_type,
        v1_0.location,
        v1_0.name,
        v1_0.total_capacity,
        v1_0.updated_at,
        b1_0.status,
        b1_0.total_amount,
        b1_0.updated_at,
        u1_0.id,
        u1_0.created_at,
        u1_0.email,
        u1_0.name,
        u1_0.password,
        u1_0.role,
        u1_0.updated_at 
    from
        booking b1_0 
    left join
        show s1_0 
            on s1_0.id=b1_0.show_id 
    left join
        event e1_0 
            on e1_0.id=s1_0.event_id 
    left join
        users o1_0 
            on o1_0.id=e1_0.organizer_id 
    left join
        venue v1_0 
            on v1_0.id=s1_0.venue_id 
    left join
        users u1_0 
            on u1_0.id=b1_0.user_id 
    where
        b1_0.id=?
Hibernate: 
    select
        u1_0.id,
        u1_0.created_at,
        u1_0.email,
        u1_0.name,
        u1_0.password,
        u1_0.role,
        u1_0.updated_at 
    from
        users u1_0 
    where
        u1_0.email=?
Hibernate: 
    select
        u1_0.id,
        u1_0.created_at,
        u1_0.email,
        u1_0.name,
        u1_0.password,
        u1_0.role,
        u1_0.updated_at 
    from
        users u1_0 
    where
        u1_0.email=?
2026-04-19T22:11:13.250+05:30  INFO 37630 --- [nio-8080-exec-1] com.bms.service.ShowServiceImpl          : Fetching show from DB: id=3
Hibernate: 
    select
        s1_0.id,
        s1_0.created_at,
        s1_0.end_time,
        e1_0.id,
        e1_0.created_at,
        e1_0.description,
        e1_0.duration_minutes,
        e1_0.event_type,
        e1_0.image_url,
        e1_0.organizer_id,
        e1_0.title,
        e1_0.updated_at,
        s1_0.price,
        s1_0.start_time,
        s1_0.updated_at,
        v1_0.id,
        v1_0.created_at,
        v1_0.layout_type,
        v1_0.location,
        v1_0.name,
        v1_0.total_capacity,
        v1_0.updated_at 
    from
        show s1_0 
    join
        event e1_0 
            on e1_0.id=s1_0.event_id 
    join
        venue v1_0 
            on v1_0.id=s1_0.venue_id 
    where
        s1_0.id=?
Hibernate: 
    select
        u1_0.id,
        u1_0.created_at,
        u1_0.email,
        u1_0.name,
        u1_0.password,
        u1_0.role,
        u1_0.updated_at 
    from
        users u1_0 
    where
        u1_0.id=?
Hibernate: 
    select
        s1_0.id,
        s1_0.created_at,
        s1_0.seat_number,
        s1_0.seat_row,
        s1_0.seat_type,
        s1_0.section_name,
        s1_0.updated_at,
        s1_0.venue_id 
    from
        seat s1_0 
    where
        s1_0.venue_id=?
Hibernate: 
    select
        bs1_0.id,
        bs1_0.booking_id,
        bs1_0.created_at,
        bs1_0.price,
        bs1_0.seat_id,
        bs1_0.show_id,
        bs1_0.updated_at 
    from
        booking_seat bs1_0 
    where
        bs1_0.show_id=?
Hibernate: 
    select
        b1_0.id,
        b1_0.booking_time,
        b1_0.created_at,
        s1_0.id,
        s1_0.created_at,
        s1_0.end_time,
        e1_0.id,
        e1_0.created_at,
        e1_0.description,
        e1_0.duration_minutes,
        e1_0.event_type,
        e1_0.image_url,
        o1_0.id,
        o1_0.created_at,
        o1_0.email,
        o1_0.name,
        o1_0.password,
        o1_0.role,
        o1_0.updated_at,
        e1_0.title,
        e1_0.updated_at,
        s1_0.price,
        s1_0.start_time,
        s1_0.updated_at,
        v1_0.id,
        v1_0.created_at,
        v1_0.layout_type,
        v1_0.location,
        v1_0.name,
        v1_0.total_capacity,
        v1_0.updated_at,
        b1_0.status,
        b1_0.total_amount,
        b1_0.updated_at,
        u1_0.id,
        u1_0.created_at,
        u1_0.email,
        u1_0.name,
        u1_0.password,
        u1_0.role,
        u1_0.updated_at 
    from
        booking b1_0 
    left join
        show s1_0 
            on s1_0.id=b1_0.show_id 
    left join
        event e1_0 
            on e1_0.id=s1_0.event_id 
    left join
        users o1_0 
            on o1_0.id=e1_0.organizer_id 
    left join
        venue v1_0 
            on v1_0.id=s1_0.venue_id 
    left join
        users u1_0 
            on u1_0.id=b1_0.user_id 
    where
        b1_0.id=?
Hibernate: 
    select
        u1_0.id,
        u1_0.created_at,
        u1_0.email,
        u1_0.name,
        u1_0.password,
        u1_0.role,
        u1_0.updated_at 
    from
        users u1_0 
    where
        u1_0.email=?
Hibernate: 
    select
        u1_0.id,
        u1_0.created_at,
        u1_0.email,
        u1_0.name,
        u1_0.password,
        u1_0.role,
        u1_0.updated_at 
    from
        users u1_0 
    where
        u1_0.email=?
2026-04-19T22:11:21.252+05:30  INFO 37630 --- [nio-8080-exec-2] com.bms.service.ShowServiceImpl          : Fetching show from DB: id=3
Hibernate: 
    select
        s1_0.id,
        s1_0.created_at,
        s1_0.end_time,
        e1_0.id,
        e1_0.created_at,
        e1_0.description,
        e1_0.duration_minutes,
        e1_0.event_type,
        e1_0.image_url,
        e1_0.organizer_id,
        e1_0.title,
        e1_0.updated_at,
        s1_0.price,
        s1_0.start_time,
        s1_0.updated_at,
        v1_0.id,
        v1_0.created_at,
        v1_0.layout_type,
        v1_0.location,
        v1_0.name,
        v1_0.total_capacity,
        v1_0.updated_at 
    from
        show s1_0 
    join
        event e1_0 
            on e1_0.id=s1_0.event_id 
    join
        venue v1_0 
            on v1_0.id=s1_0.venue_id 
    where
        s1_0.id=?
Hibernate: 
    select
        u1_0.id,
        u1_0.created_at,
        u1_0.email,
        u1_0.name,
        u1_0.password,
        u1_0.role,
        u1_0.updated_at 
    from
        users u1_0 
    where
        u1_0.id=?
Hibernate: 
    select
        s1_0.id,
        s1_0.created_at,
        s1_0.seat_number,
        s1_0.seat_row,
        s1_0.seat_type,
        s1_0.section_name,
        s1_0.updated_at,
        s1_0.venue_id 
    from
        seat s1_0 
    where
        s1_0.venue_id=?
Hibernate: 
    select
        bs1_0.id,
        bs1_0.booking_id,
        bs1_0.created_at,
        bs1_0.price,
        bs1_0.seat_id,
        bs1_0.show_id,
        bs1_0.updated_at 
    from
        booking_seat bs1_0 
    where
        bs1_0.show_id=?
Hibernate: 
    select
        b1_0.id,
        b1_0.booking_time,
        b1_0.created_at,
        s1_0.id,
        s1_0.created_at,
        s1_0.end_time,
        e1_0.id,
        e1_0.created_at,
        e1_0.description,
        e1_0.duration_minutes,
        e1_0.event_type,
        e1_0.image_url,
        o1_0.id,
        o1_0.created_at,
        o1_0.email,
        o1_0.name,
        o1_0.password,
        o1_0.role,
        o1_0.updated_at,
        e1_0.title,
        e1_0.updated_at,
        s1_0.price,
        s1_0.start_time,
        s1_0.updated_at,
        v1_0.id,
        v1_0.created_at,
        v1_0.layout_type,
        v1_0.location,
        v1_0.name,
        v1_0.total_capacity,
        v1_0.updated_at,
        b1_0.status,
        b1_0.total_amount,
        b1_0.updated_at,
        u1_0.id,
        u1_0.created_at,
        u1_0.email,
        u1_0.name,
        u1_0.password,
        u1_0.role,
        u1_0.updated_at 
    from
        booking b1_0 
    left join
        show s1_0 
            on s1_0.id=b1_0.show_id 
    left join
        event e1_0 
            on e1_0.id=s1_0.event_id 
    left join
        users o1_0 
            on o1_0.id=e1_0.organizer_id 
    left join
        venue v1_0 
            on v1_0.id=s1_0.venue_id 
    left join
        users u1_0 
            on u1_0.id=b1_0.user_id 
    where
        b1_0.id=?
Hibernate: 
    select
        u1_0.id,
        u1_0.created_at,
        u1_0.email,
        u1_0.name,
        u1_0.password,
        u1_0.role,
        u1_0.updated_at 
    from
        users u1_0 
    where
        u1_0.email=?
Hibernate: 
    select
        u1_0.id,
        u1_0.created_at,
        u1_0.email,
        u1_0.name,
        u1_0.password,
        u1_0.role,
        u1_0.updated_at 
    from
        users u1_0 
    where
        u1_0.email=?
2026-04-19T22:11:29.250+05:30  INFO 37630 --- [nio-8080-exec-3] com.bms.service.ShowServiceImpl          : Fetching show from DB: id=3
Hibernate: 
    select
        s1_0.id,
        s1_0.created_at,
        s1_0.end_time,
        e1_0.id,
        e1_0.created_at,
        e1_0.description,
        e1_0.duration_minutes,
        e1_0.event_type,
        e1_0.image_url,
        e1_0.organizer_id,
        e1_0.title,
        e1_0.updated_at,
        s1_0.price,
        s1_0.start_time,
        s1_0.updated_at,
        v1_0.id,
        v1_0.created_at,
        v1_0.layout_type,
        v1_0.location,
        v1_0.name,
        v1_0.total_capacity,
        v1_0.updated_at 
    from
        show s1_0 
    join
        event e1_0 
            on e1_0.id=s1_0.event_id 
    join
        venue v1_0 
            on v1_0.id=s1_0.venue_id 
    where
        s1_0.id=?
Hibernate: 
    select
        u1_0.id,
        u1_0.created_at,
        u1_0.email,
        u1_0.name,
        u1_0.password,
        u1_0.role,
        u1_0.updated_at 
    from
        users u1_0 
    where
        u1_0.id=?
Hibernate: 
    select
        s1_0.id,
        s1_0.created_at,
        s1_0.seat_number,
        s1_0.seat_row,
        s1_0.seat_type,
        s1_0.section_name,
        s1_0.updated_at,
        s1_0.venue_id 
    from
        seat s1_0 
    where
        s1_0.venue_id=?
Hibernate: 
    select
        bs1_0.id,
        bs1_0.booking_id,
        bs1_0.created_at,
        bs1_0.price,
        bs1_0.seat_id,
        bs1_0.show_id,
        bs1_0.updated_at 
    from
        booking_seat bs1_0 
    where
        bs1_0.show_id=?
Hibernate: 
    select
        b1_0.id,
        b1_0.booking_time,
        b1_0.created_at,
        s1_0.id,
        s1_0.created_at,
        s1_0.end_time,
        e1_0.id,
        e1_0.created_at,
        e1_0.description,
        e1_0.duration_minutes,
        e1_0.event_type,
        e1_0.image_url,
        o1_0.id,
        o1_0.created_at,
        o1_0.email,
        o1_0.name,
        o1_0.password,
        o1_0.role,
        o1_0.updated_at,
        e1_0.title,
        e1_0.updated_at,
        s1_0.price,
        s1_0.start_time,
        s1_0.updated_at,
        v1_0.id,
        v1_0.created_at,
        v1_0.layout_type,
        v1_0.location,
        v1_0.name,
        v1_0.total_capacity,
        v1_0.updated_at,
        b1_0.status,
        b1_0.total_amount,
        b1_0.updated_at,
        u1_0.id,
        u1_0.created_at,
        u1_0.email,
        u1_0.name,
        u1_0.password,
        u1_0.role,
        u1_0.updated_at 
    from
        booking b1_0 
    left join
        show s1_0 
            on s1_0.id=b1_0.show_id 
    left join
        event e1_0 
            on e1_0.id=s1_0.event_id 
    left join
        users o1_0 
            on o1_0.id=e1_0.organizer_id 
    left join
        venue v1_0 
            on v1_0.id=s1_0.venue_id 
    left join
        users u1_0 
            on u1_0.id=b1_0.user_id 
    where
        b1_0.id=?
Hibernate: 
    select
        u1_0.id,
        u1_0.created_at,
        u1_0.email,
        u1_0.name,
        u1_0.password,
        u1_0.role,
        u1_0.updated_at 
    from
        users u1_0 
    where
        u1_0.email=?
Hibernate: 
    select
        u1_0.id,
        u1_0.created_at,
        u1_0.email,
        u1_0.name,
        u1_0.password,
        u1_0.role,
        u1_0.updated_at 
    from
        users u1_0 
    where
        u1_0.email=?
2026-04-19T22:11:37.251+05:30  INFO 37630 --- [nio-8080-exec-4] com.bms.service.ShowServiceImpl          : Fetching show from DB: id=3
Hibernate: 
    select
        s1_0.id,
        s1_0.created_at,
        s1_0.end_time,
        e1_0.id,
        e1_0.created_at,
        e1_0.description,
        e1_0.duration_minutes,
        e1_0.event_type,
        e1_0.image_url,
        e1_0.organizer_id,
        e1_0.title,
        e1_0.updated_at,
        s1_0.price,
        s1_0.start_time,
        s1_0.updated_at,
        v1_0.id,
        v1_0.created_at,
        v1_0.layout_type,
        v1_0.location,
        v1_0.name,
        v1_0.total_capacity,
        v1_0.updated_at 
    from
        show s1_0 
    join
        event e1_0 
            on e1_0.id=s1_0.event_id 
    join
        venue v1_0 
            on v1_0.id=s1_0.venue_id 
    where
        s1_0.id=?
Hibernate: 
    select
        u1_0.id,
        u1_0.created_at,
        u1_0.email,
        u1_0.name,
        u1_0.password,
        u1_0.role,
        u1_0.updated_at 
    from
        users u1_0 
    where
        u1_0.id=?
Hibernate: 
    select
        s1_0.id,
        s1_0.created_at,
        s1_0.seat_number,
        s1_0.seat_row,
        s1_0.seat_type,
        s1_0.section_name,
        s1_0.updated_at,
        s1_0.venue_id 
    from
        seat s1_0 
    where
        s1_0.venue_id=?
Hibernate: 
    select
        bs1_0.id,
        bs1_0.booking_id,
        bs1_0.created_at,
        bs1_0.price,
        bs1_0.seat_id,
        bs1_0.show_id,
        bs1_0.updated_at 
    from
        booking_seat bs1_0 
    where
        bs1_0.show_id=?
Hibernate: 
    select
        b1_0.id,
        b1_0.booking_time,
        b1_0.created_at,
        s1_0.id,
        s1_0.created_at,
        s1_0.end_time,
        e1_0.id,
        e1_0.created_at,
        e1_0.description,
        e1_0.duration_minutes,
        e1_0.event_type,
        e1_0.image_url,
        o1_0.id,
        o1_0.created_at,
        o1_0.email,
        o1_0.name,
        o1_0.password,
        o1_0.role,
        o1_0.updated_at,
        e1_0.title,
        e1_0.updated_at,
        s1_0.price,
        s1_0.start_time,
        s1_0.updated_at,
        v1_0.id,
        v1_0.created_at,
        v1_0.layout_type,
        v1_0.location,
        v1_0.name,
        v1_0.total_capacity,
        v1_0.updated_at,
        b1_0.status,
        b1_0.total_amount,
        b1_0.updated_at,
        u1_0.id,
        u1_0.created_at,
        u1_0.email,
        u1_0.name,
        u1_0.password,
        u1_0.role,
        u1_0.updated_at 
    from
        booking b1_0 
    left join
        show s1_0 
            on s1_0.id=b1_0.show_id 
    left join
        event e1_0 
            on e1_0.id=s1_0.event_id 
    left join
        users o1_0 
            on o1_0.id=e1_0.organizer_id 
    left join
        venue v1_0 
            on v1_0.id=s1_0.venue_id 
    left join
        users u1_0 
            on u1_0.id=b1_0.user_id 
    where
        b1_0.id=?
Hibernate: 
    select
        u1_0.id,
        u1_0.created_at,
        u1_0.email,
        u1_0.name,
        u1_0.password,
        u1_0.role,
        u1_0.updated_at 
    from
        users u1_0 
    where
        u1_0.email=?
Hibernate: 
    select
        u1_0.id,
        u1_0.created_at,
        u1_0.email,
        u1_0.name,
        u1_0.password,
        u1_0.role,
        u1_0.updated_at 
    from
        users u1_0 
    where
        u1_0.email=?
2026-04-19T22:11:45.251+05:30  INFO 37630 --- [nio-8080-exec-5] com.bms.service.ShowServiceImpl          : Fetching show from DB: id=3
Hibernate: 
    select
        s1_0.id,
        s1_0.created_at,
        s1_0.end_time,
        e1_0.id,
        e1_0.created_at,
        e1_0.description,
        e1_0.duration_minutes,
        e1_0.event_type,
        e1_0.image_url,
        e1_0.organizer_id,
        e1_0.title,
        e1_0.updated_at,
        s1_0.price,
        s1_0.start_time,
        s1_0.updated_at,
        v1_0.id,
        v1_0.created_at,
        v1_0.layout_type,
        v1_0.location,
        v1_0.name,
        v1_0.total_capacity,
        v1_0.updated_at 
    from
        show s1_0 
    join
        event e1_0 
            on e1_0.id=s1_0.event_id 
    join
        venue v1_0 
            on v1_0.id=s1_0.venue_id 
    where
        s1_0.id=?
Hibernate: 
    select
        u1_0.id,
        u1_0.created_at,
        u1_0.email,
        u1_0.name,
        u1_0.password,
        u1_0.role,
        u1_0.updated_at 
    from
        users u1_0 
    where
        u1_0.id=?
Hibernate: 
    select
        s1_0.id,
        s1_0.created_at,
        s1_0.seat_number,
        s1_0.seat_row,
        s1_0.seat_type,
        s1_0.section_name,
        s1_0.updated_at,
        s1_0.venue_id 
    from
        seat s1_0 
    where
        s1_0.venue_id=?
Hibernate: 
    select
        bs1_0.id,
        bs1_0.booking_id,
        bs1_0.created_at,
        bs1_0.price,
        bs1_0.seat_id,
        bs1_0.show_id,
        bs1_0.updated_at 
    from
        booking_seat bs1_0 
    where
        bs1_0.show_id=?
Hibernate: 
    select
        b1_0.id,
        b1_0.booking_time,
        b1_0.created_at,
        s1_0.id,
        s1_0.created_at,
        s1_0.end_time,
        e1_0.id,
        e1_0.created_at,
        e1_0.description,
        e1_0.duration_minutes,
        e1_0.event_type,
        e1_0.image_url,
        o1_0.id,
        o1_0.created_at,
        o1_0.email,
        o1_0.name,
        o1_0.password,
        o1_0.role,
        o1_0.updated_at,
        e1_0.title,
        e1_0.updated_at,
        s1_0.price,
        s1_0.start_time,
        s1_0.updated_at,
        v1_0.id,
        v1_0.created_at,
        v1_0.layout_type,
        v1_0.location,
        v1_0.name,
        v1_0.total_capacity,
        v1_0.updated_at,
        b1_0.status,
        b1_0.total_amount,
        b1_0.updated_at,
        u1_0.id,
        u1_0.created_at,
        u1_0.email,
        u1_0.name,
        u1_0.password,
        u1_0.role,
        u1_0.updated_at 
    from
        booking b1_0 
    left join
        show s1_0 
            on s1_0.id=b1_0.show_id 
    left join
        event e1_0 
            on e1_0.id=s1_0.event_id 
    left join
        users o1_0 
            on o1_0.id=e1_0.organizer_id 
    left join
        venue v1_0 
            on v1_0.id=s1_0.venue_id 
    left join
        users u1_0 
            on u1_0.id=b1_0.user_id 
    where
        b1_0.id=?
Hibernate: 
    select
        u1_0.id,
        u1_0.created_at,
        u1_0.email,
        u1_0.name,
        u1_0.password,
        u1_0.role,
        u1_0.updated_at 
    from
        users u1_0 
    where
        u1_0.email=?
Hibernate: 
    select
        u1_0.id,
        u1_0.created_at,
        u1_0.email,
        u1_0.name,
        u1_0.password,
        u1_0.role,
        u1_0.updated_at 
    from
        users u1_0 
    where
        u1_0.email=?
2026-04-19T22:11:53.251+05:30  INFO 37630 --- [nio-8080-exec-6] com.bms.service.ShowServiceImpl          : Fetching show from DB: id=3
Hibernate: 
    select
        s1_0.id,
        s1_0.created_at,
        s1_0.end_time,
        e1_0.id,
        e1_0.created_at,
        e1_0.description,
        e1_0.duration_minutes,
        e1_0.event_type,
        e1_0.image_url,
        e1_0.organizer_id,
        e1_0.title,
        e1_0.updated_at,
        s1_0.price,
        s1_0.start_time,
        s1_0.updated_at,
        v1_0.id,
        v1_0.created_at,
        v1_0.layout_type,
        v1_0.location,
        v1_0.name,
        v1_0.total_capacity,
        v1_0.updated_at 
    from
        show s1_0 
    join
        event e1_0 
            on e1_0.id=s1_0.event_id 
    join
        venue v1_0 
            on v1_0.id=s1_0.venue_id 
    where
        s1_0.id=?
Hibernate: 
    select
        u1_0.id,
        u1_0.created_at,
        u1_0.email,
        u1_0.name,
        u1_0.password,
        u1_0.role,
        u1_0.updated_at 
    from
        users u1_0 
    where
        u1_0.id=?
Hibernate: 
    select
        s1_0.id,
        s1_0.created_at,
        s1_0.seat_number,
        s1_0.seat_row,
        s1_0.seat_type,
        s1_0.section_name,
        s1_0.updated_at,
        s1_0.venue_id 
    from
        seat s1_0 
    where
        s1_0.venue_id=?
Hibernate: 
    select
        bs1_0.id,
        bs1_0.booking_id,
        bs1_0.created_at,
        bs1_0.price,
        bs1_0.seat_id,
        bs1_0.show_id,
        bs1_0.updated_at 
    from
        booking_seat bs1_0 
    where
        bs1_0.show_id=?
Hibernate: 
    select
        b1_0.id,
        b1_0.booking_time,
        b1_0.created_at,
        s1_0.id,
        s1_0.created_at,
        s1_0.end_time,
        e1_0.id,
        e1_0.created_at,
        e1_0.description,
        e1_0.duration_minutes,
        e1_0.event_type,
        e1_0.image_url,
        o1_0.id,
        o1_0.created_at,
        o1_0.email,
        o1_0.name,
        o1_0.password,
        o1_0.role,
        o1_0.updated_at,
        e1_0.title,
        e1_0.updated_at,
        s1_0.price,
        s1_0.start_time,
        s1_0.updated_at,
        v1_0.id,
        v1_0.created_at,
        v1_0.layout_type,
        v1_0.location,
        v1_0.name,
        v1_0.total_capacity,
        v1_0.updated_at,
        b1_0.status,
        b1_0.total_amount,
        b1_0.updated_at,
        u1_0.id,
        u1_0.created_at,
        u1_0.email,
        u1_0.name,
        u1_0.password,
        u1_0.role,
        u1_0.updated_at 
    from
        booking b1_0 
    left join
        show s1_0 
            on s1_0.id=b1_0.show_id 
    left join
        event e1_0 
            on e1_0.id=s1_0.event_id 
    left join
        users o1_0 
            on o1_0.id=e1_0.organizer_id 
    left join
        venue v1_0 
            on v1_0.id=s1_0.venue_id 
    left join
        users u1_0 
            on u1_0.id=b1_0.user_id 
    where
        b1_0.id=?
Hibernate: 
    select
        u1_0.id,
        u1_0.created_at,
        u1_0.email,
        u1_0.name,
        u1_0.password,
        u1_0.role,
        u1_0.updated_at 
    from
        users u1_0 
    where
        u1_0.email=?
Hibernate: 
    select
        u1_0.id,
        u1_0.created_at,
        u1_0.email,
        u1_0.name,
        u1_0.password,
        u1_0.role,
        u1_0.updated_at 
    from
        users u1_0 
    where
        u1_0.email=?
2026-04-19T22:12:01.251+05:30  INFO 37630 --- [nio-8080-exec-7] com.bms.service.ShowServiceImpl          : Fetching show from DB: id=3
Hibernate: 
    select
        s1_0.id,
        s1_0.created_at,
        s1_0.end_time,
        e1_0.id,
        e1_0.created_at,
        e1_0.description,
        e1_0.duration_minutes,
        e1_0.event_type,
        e1_0.image_url,
        e1_0.organizer_id,
        e1_0.title,
        e1_0.updated_at,
        s1_0.price,
        s1_0.start_time,
        s1_0.updated_at,
        v1_0.id,
        v1_0.created_at,
        v1_0.layout_type,
        v1_0.location,
        v1_0.name,
        v1_0.total_capacity,
        v1_0.updated_at 
    from
        show s1_0 
    join
        event e1_0 
            on e1_0.id=s1_0.event_id 
    join
        venue v1_0 
            on v1_0.id=s1_0.venue_id 
    where
        s1_0.id=?
Hibernate: 
    select
        u1_0.id,
        u1_0.created_at,
        u1_0.email,
        u1_0.name,
        u1_0.password,
        u1_0.role,
        u1_0.updated_at 
    from
        users u1_0 
    where
        u1_0.id=?
Hibernate: 
    select
        s1_0.id,
        s1_0.created_at,
        s1_0.seat_number,
        s1_0.seat_row,
        s1_0.seat_type,
        s1_0.section_name,
        s1_0.updated_at,
        s1_0.venue_id 
    from
        seat s1_0 
    where
        s1_0.venue_id=?
Hibernate: 
    select
        bs1_0.id,
        bs1_0.booking_id,
        bs1_0.created_at,
        bs1_0.price,
        bs1_0.seat_id,
        bs1_0.show_id,
        bs1_0.updated_at 
    from
        booking_seat bs1_0 
    where
        bs1_0.show_id=?
Hibernate: 
    select
        b1_0.id,
        b1_0.booking_time,
        b1_0.created_at,
        s1_0.id,
        s1_0.created_at,
        s1_0.end_time,
        e1_0.id,
        e1_0.created_at,
        e1_0.description,
        e1_0.duration_minutes,
        e1_0.event_type,
        e1_0.image_url,
        o1_0.id,
        o1_0.created_at,
        o1_0.email,
        o1_0.name,
        o1_0.password,
        o1_0.role,
        o1_0.updated_at,
        e1_0.title,
        e1_0.updated_at,
        s1_0.price,
        s1_0.start_time,
        s1_0.updated_at,
        v1_0.id,
        v1_0.created_at,
        v1_0.layout_type,
        v1_0.location,
        v1_0.name,
        v1_0.total_capacity,
        v1_0.updated_at,
        b1_0.status,
        b1_0.total_amount,
        b1_0.updated_at,
        u1_0.id,
        u1_0.created_at,
        u1_0.email,
        u1_0.name,
        u1_0.password,
        u1_0.role,
        u1_0.updated_at 
    from
        booking b1_0 
    left join
        show s1_0 
            on s1_0.id=b1_0.show_id 
    left join
        event e1_0 
            on e1_0.id=s1_0.event_id 
    left join
        users o1_0 
            on o1_0.id=e1_0.organizer_id 
    left join
        venue v1_0 
            on v1_0.id=s1_0.venue_id 
    left join
        users u1_0 
            on u1_0.id=b1_0.user_id 
    where
        b1_0.id=?
Hibernate: 
    select
        u1_0.id,
        u1_0.created_at,
        u1_0.email,
        u1_0.name,
        u1_0.password,
        u1_0.role,
        u1_0.updated_at 
    from
        users u1_0 
    where
        u1_0.email=?
Hibernate: 
    select
        u1_0.id,
        u1_0.created_at,
        u1_0.email,
        u1_0.name,
        u1_0.password,
        u1_0.role,
        u1_0.updated_at 
    from
        users u1_0 
    where
        u1_0.email=?
2026-04-19T22:12:09.252+05:30  INFO 37630 --- [nio-8080-exec-8] com.bms.service.ShowServiceImpl          : Fetching show from DB: id=3
Hibernate: 
    select
        s1_0.id,
        s1_0.created_at,
        s1_0.end_time,
        e1_0.id,
        e1_0.created_at,
        e1_0.description,
        e1_0.duration_minutes,
        e1_0.event_type,
        e1_0.image_url,
        e1_0.organizer_id,
        e1_0.title,
        e1_0.updated_at,
        s1_0.price,
        s1_0.start_time,
        s1_0.updated_at,
        v1_0.id,
        v1_0.created_at,
        v1_0.layout_type,
        v1_0.location,
        v1_0.name,
        v1_0.total_capacity,
        v1_0.updated_at 
    from
        show s1_0 
    join
        event e1_0 
            on e1_0.id=s1_0.event_id 
    join
        venue v1_0 
            on v1_0.id=s1_0.venue_id 
    where
        s1_0.id=?
Hibernate: 
    select
        u1_0.id,
        u1_0.created_at,
        u1_0.email,
        u1_0.name,
        u1_0.password,
        u1_0.role,
        u1_0.updated_at 
    from
        users u1_0 
    where
        u1_0.id=?
Hibernate: 
    select
        s1_0.id,
        s1_0.created_at,
        s1_0.seat_number,
        s1_0.seat_row,
        s1_0.seat_type,
        s1_0.section_name,
        s1_0.updated_at,
        s1_0.venue_id 
    from
        seat s1_0 
    where
        s1_0.venue_id=?
Hibernate: 
    select
        bs1_0.id,
        bs1_0.booking_id,
        bs1_0.created_at,
        bs1_0.price,
        bs1_0.seat_id,
        bs1_0.show_id,
        bs1_0.updated_at 
    from
        booking_seat bs1_0 
    where
        bs1_0.show_id=?
Hibernate: 
    select
        b1_0.id,
        b1_0.booking_time,
        b1_0.created_at,
        s1_0.id,
        s1_0.created_at,
        s1_0.end_time,
        e1_0.id,
        e1_0.created_at,
        e1_0.description,
        e1_0.duration_minutes,
        e1_0.event_type,
        e1_0.image_url,
        o1_0.id,
        o1_0.created_at,
        o1_0.email,
        o1_0.name,
        o1_0.password,
        o1_0.role,
        o1_0.updated_at,
        e1_0.title,
        e1_0.updated_at,
        s1_0.price,
        s1_0.start_time,
        s1_0.updated_at,
        v1_0.id,
        v1_0.created_at,
        v1_0.layout_type,
        v1_0.location,
        v1_0.name,
        v1_0.total_capacity,
        v1_0.updated_at,
        b1_0.status,
        b1_0.total_amount,
        b1_0.updated_at,
        u1_0.id,
        u1_0.created_at,
        u1_0.email,
        u1_0.name,
        u1_0.password,
        u1_0.role,
        u1_0.updated_at 
    from
        booking b1_0 
    left join
        show s1_0 
            on s1_0.id=b1_0.show_id 
    left join
        event e1_0 
            on e1_0.id=s1_0.event_id 
    left join
        users o1_0 
            on o1_0.id=e1_0.organizer_id 
    left join
        venue v1_0 
            on v1_0.id=s1_0.venue_id 
    left join
        users u1_0 
            on u1_0.id=b1_0.user_id 
    where
        b1_0.id=?
Hibernate: 
    select
        u1_0.id,
        u1_0.created_at,
        u1_0.email,
        u1_0.name,
        u1_0.password,
        u1_0.role,
        u1_0.updated_at 
    from
        users u1_0 
    where
        u1_0.email=?
Hibernate: 
    select
        u1_0.id,
        u1_0.created_at,
        u1_0.email,
        u1_0.name,
        u1_0.password,
        u1_0.role,
        u1_0.updated_at 
    from
        users u1_0 
    where
        u1_0.email=?
2026-04-19T22:12:17.251+05:30  INFO 37630 --- [nio-8080-exec-9] com.bms.service.ShowServiceImpl          : Fetching show from DB: id=3
Hibernate: 
    select
        s1_0.id,
        s1_0.created_at,
        s1_0.end_time,
        e1_0.id,
        e1_0.created_at,
        e1_0.description,
        e1_0.duration_minutes,
        e1_0.event_type,
        e1_0.image_url,
        e1_0.organizer_id,
        e1_0.title,
        e1_0.updated_at,
        s1_0.price,
        s1_0.start_time,
        s1_0.updated_at,
        v1_0.id,
        v1_0.created_at,
        v1_0.layout_type,
        v1_0.location,
        v1_0.name,
        v1_0.total_capacity,
        v1_0.updated_at 
    from
        show s1_0 
    join
        event e1_0 
            on e1_0.id=s1_0.event_id 
    join
        venue v1_0 
            on v1_0.id=s1_0.venue_id 
    where
        s1_0.id=?
Hibernate: 
    select
        u1_0.id,
        u1_0.created_at,
        u1_0.email,
        u1_0.name,
        u1_0.password,
        u1_0.role,
        u1_0.updated_at 
    from
        users u1_0 
    where
        u1_0.id=?
Hibernate: 
    select
        s1_0.id,
        s1_0.created_at,
        s1_0.seat_number,
        s1_0.seat_row,
        s1_0.seat_type,
        s1_0.section_name,
        s1_0.updated_at,
        s1_0.venue_id 
    from
        seat s1_0 
    where
        s1_0.venue_id=?
Hibernate: 
    select
        bs1_0.id,
        bs1_0.booking_id,
        bs1_0.created_at,
        bs1_0.price,
        bs1_0.seat_id,
        bs1_0.show_id,
        bs1_0.updated_at 
    from
        booking_seat bs1_0 
    where
        bs1_0.show_id=?
Hibernate: 
    select
        b1_0.id,
        b1_0.booking_time,
        b1_0.created_at,
        s1_0.id,
        s1_0.created_at,
        s1_0.end_time,
        e1_0.id,
        e1_0.created_at,
        e1_0.description,
        e1_0.duration_minutes,
        e1_0.event_type,
        e1_0.image_url,
        o1_0.id,
        o1_0.created_at,
        o1_0.email,
        o1_0.name,
        o1_0.password,
        o1_0.role,
        o1_0.updated_at,
        e1_0.title,
        e1_0.updated_at,
        s1_0.price,
        s1_0.start_time,
        s1_0.updated_at,
        v1_0.id,
        v1_0.created_at,
        v1_0.layout_type,
        v1_0.location,
        v1_0.name,
        v1_0.total_capacity,
        v1_0.updated_at,
        b1_0.status,
        b1_0.total_amount,
        b1_0.updated_at,
        u1_0.id,
        u1_0.created_at,
        u1_0.email,
        u1_0.name,
        u1_0.password,
        u1_0.role,
        u1_0.updated_at 
    from
        booking b1_0 
    left join
        show s1_0 
            on s1_0.id=b1_0.show_id 
    left join
        event e1_0 
            on e1_0.id=s1_0.event_id 
    left join
        users o1_0 
            on o1_0.id=e1_0.organizer_id 
    left join
        venue v1_0 
            on v1_0.id=s1_0.venue_id 
    left join
        users u1_0 
            on u1_0.id=b1_0.user_id 
    where
        b1_0.id=?
Hibernate: 
    select
        u1_0.id,
        u1_0.created_at,
        u1_0.email,
        u1_0.name,
        u1_0.password,
        u1_0.role,
        u1_0.updated_at 
    from
        users u1_0 
    where
        u1_0.email=?
Hibernate: 
    select
        u1_0.id,
        u1_0.created_at,
        u1_0.email,
        u1_0.name,
        u1_0.password,
        u1_0.role,
        u1_0.updated_at 
    from
        users u1_0 
    where
        u1_0.email=?
2026-04-19T22:12:25.253+05:30  INFO 37630 --- [io-8080-exec-10] com.bms.service.ShowServiceImpl          : Fetching show from DB: id=3
Hibernate: 
    select
        s1_0.id,
        s1_0.created_at,
        s1_0.end_time,
        e1_0.id,
        e1_0.created_at,
        e1_0.description,
        e1_0.duration_minutes,
        e1_0.event_type,
        e1_0.image_url,
        e1_0.organizer_id,
        e1_0.title,
        e1_0.updated_at,
        s1_0.price,
        s1_0.start_time,
        s1_0.updated_at,
        v1_0.id,
        v1_0.created_at,
        v1_0.layout_type,
        v1_0.location,
        v1_0.name,
        v1_0.total_capacity,
        v1_0.updated_at 
    from
        show s1_0 
    join
        event e1_0 
            on e1_0.id=s1_0.event_id 
    join
        venue v1_0 
            on v1_0.id=s1_0.venue_id 
    where
        s1_0.id=?
Hibernate: 
    select
        u1_0.id,
        u1_0.created_at,
        u1_0.email,
        u1_0.name,
        u1_0.password,
        u1_0.role,
        u1_0.updated_at 
    from
        users u1_0 
    where
        u1_0.id=?
Hibernate: 
    select
        s1_0.id,
        s1_0.created_at,
        s1_0.seat_number,
        s1_0.seat_row,
        s1_0.seat_type,
        s1_0.section_name,
        s1_0.updated_at,
        s1_0.venue_id 
    from
        seat s1_0 
    where
        s1_0.venue_id=?
Hibernate: 
    select
        bs1_0.id,
        bs1_0.booking_id,
        bs1_0.created_at,
        bs1_0.price,
        bs1_0.seat_id,
        bs1_0.show_id,
        bs1_0.updated_at 
    from
        booking_seat bs1_0 
    where
        bs1_0.show_id=?
Hibernate: 
    select
        b1_0.id,
        b1_0.booking_time,
        b1_0.created_at,
        s1_0.id,
        s1_0.created_at,
        s1_0.end_time,
        e1_0.id,
        e1_0.created_at,
        e1_0.description,
        e1_0.duration_minutes,
        e1_0.event_type,
        e1_0.image_url,
        o1_0.id,
        o1_0.created_at,
        o1_0.email,
        o1_0.name,
        o1_0.password,
        o1_0.role,
        o1_0.updated_at,
        e1_0.title,
        e1_0.updated_at,
        s1_0.price,
        s1_0.start_time,
        s1_0.updated_at,
        v1_0.id,
        v1_0.created_at,
        v1_0.layout_type,
        v1_0.location,
        v1_0.name,
        v1_0.total_capacity,
        v1_0.updated_at,
        b1_0.status,
        b1_0.total_amount,
        b1_0.updated_at,
        u1_0.id,
        u1_0.created_at,
        u1_0.email,
        u1_0.name,
        u1_0.password,
        u1_0.role,
        u1_0.updated_at 
    from
        booking b1_0 
    left join
        show s1_0 
            on s1_0.id=b1_0.show_id 
    left join
        event e1_0 
            on e1_0.id=s1_0.event_id 
    left join
        users o1_0 
            on o1_0.id=e1_0.organizer_id 
    left join
        venue v1_0 
            on v1_0.id=s1_0.venue_id 
    left join
        users u1_0 
            on u1_0.id=b1_0.user_id 
    where
        b1_0.id=?
Hibernate: 
    select
        u1_0.id,
        u1_0.created_at,
        u1_0.email,
        u1_0.name,
        u1_0.password,
        u1_0.role,
        u1_0.updated_at 
    from
        users u1_0 
    where
        u1_0.email=?
Hibernate: 
    select
        u1_0.id,
        u1_0.created_at,
        u1_0.email,
        u1_0.name,
        u1_0.password,
        u1_0.role,
        u1_0.updated_at 
    from
        users u1_0 
    where
        u1_0.email=?
2026-04-19T22:12:33.251+05:30  INFO 37630 --- [nio-8080-exec-1] com.bms.service.ShowServiceImpl          : Fetching show from DB: id=3
Hibernate: 
    select
        s1_0.id,
        s1_0.created_at,
        s1_0.end_time,
        e1_0.id,
        e1_0.created_at,
        e1_0.description,
        e1_0.duration_minutes,
        e1_0.event_type,
        e1_0.image_url,
        e1_0.organizer_id,
        e1_0.title,
        e1_0.updated_at,
        s1_0.price,
        s1_0.start_time,
        s1_0.updated_at,
        v1_0.id,
        v1_0.created_at,
        v1_0.layout_type,
        v1_0.location,
        v1_0.name,
        v1_0.total_capacity,
        v1_0.updated_at 
    from
        show s1_0 
    join
        event e1_0 
            on e1_0.id=s1_0.event_id 
    join
        venue v1_0 
            on v1_0.id=s1_0.venue_id 
    where
        s1_0.id=?
Hibernate: 
    select
        u1_0.id,
        u1_0.created_at,
        u1_0.email,
        u1_0.name,
        u1_0.password,
        u1_0.role,
        u1_0.updated_at 
    from
        users u1_0 
    where
        u1_0.id=?
Hibernate: 
    select
        s1_0.id,
        s1_0.created_at,
        s1_0.seat_number,
        s1_0.seat_row,
        s1_0.seat_type,
        s1_0.section_name,
        s1_0.updated_at,
        s1_0.venue_id 
    from
        seat s1_0 
    where
        s1_0.venue_id=?
Hibernate: 
    select
        bs1_0.id,
        bs1_0.booking_id,
        bs1_0.created_at,
        bs1_0.price,
        bs1_0.seat_id,
        bs1_0.show_id,
        bs1_0.updated_at 
    from
        booking_seat bs1_0 
    where
        bs1_0.show_id=?
Hibernate: 
    select
        b1_0.id,
        b1_0.booking_time,
        b1_0.created_at,
        s1_0.id,
        s1_0.created_at,
        s1_0.end_time,
        e1_0.id,
        e1_0.created_at,
        e1_0.description,
        e1_0.duration_minutes,
        e1_0.event_type,
        e1_0.image_url,
        o1_0.id,
        o1_0.created_at,
        o1_0.email,
        o1_0.name,
        o1_0.password,
        o1_0.role,
        o1_0.updated_at,
        e1_0.title,
        e1_0.updated_at,
        s1_0.price,
        s1_0.start_time,
        s1_0.updated_at,
        v1_0.id,
        v1_0.created_at,
        v1_0.layout_type,
        v1_0.location,
        v1_0.name,
        v1_0.total_capacity,
        v1_0.updated_at,
        b1_0.status,
        b1_0.total_amount,
        b1_0.updated_at,
        u1_0.id,
        u1_0.created_at,
        u1_0.email,
        u1_0.name,
        u1_0.password,
        u1_0.role,
        u1_0.updated_at 
    from
        booking b1_0 
    left join
        show s1_0 
            on s1_0.id=b1_0.show_id 
    left join
        event e1_0 
            on e1_0.id=s1_0.event_id 
    left join
        users o1_0 
            on o1_0.id=e1_0.organizer_id 
    left join
        venue v1_0 
            on v1_0.id=s1_0.venue_id 
    left join
        users u1_0 
            on u1_0.id=b1_0.user_id 
    where
        b1_0.id=?
Hibernate: 
    select
        u1_0.id,
        u1_0.created_at,
        u1_0.email,
        u1_0.name,
        u1_0.password,
        u1_0.role,
        u1_0.updated_at 
    from
        users u1_0 
    where
        u1_0.email=?
Hibernate: 
    select
        u1_0.id,
        u1_0.created_at,
        u1_0.email,
        u1_0.name,
        u1_0.password,
        u1_0.role,
        u1_0.updated_at 
    from
        users u1_0 
    where
        u1_0.email=?
2026-04-19T22:12:41.254+05:30  INFO 37630 --- [nio-8080-exec-2] com.bms.service.ShowServiceImpl          : Fetching show from DB: id=3
Hibernate: 
    select
        s1_0.id,
        s1_0.created_at,
        s1_0.end_time,
        e1_0.id,
        e1_0.created_at,
        e1_0.description,
        e1_0.duration_minutes,
        e1_0.event_type,
        e1_0.image_url,
        e1_0.organizer_id,
        e1_0.title,
        e1_0.updated_at,
        s1_0.price,
        s1_0.start_time,
        s1_0.updated_at,
        v1_0.id,
        v1_0.created_at,
        v1_0.layout_type,
        v1_0.location,
        v1_0.name,
        v1_0.total_capacity,
        v1_0.updated_at 
    from
        show s1_0 
    join
        event e1_0 
            on e1_0.id=s1_0.event_id 
    join
        venue v1_0 
            on v1_0.id=s1_0.venue_id 
    where
        s1_0.id=?
Hibernate: 
    select
        u1_0.id,
        u1_0.created_at,
        u1_0.email,
        u1_0.name,
        u1_0.password,
        u1_0.role,
        u1_0.updated_at 
    from
        users u1_0 
    where
        u1_0.id=?
Hibernate: 
    select
        s1_0.id,
        s1_0.created_at,
        s1_0.seat_number,
        s1_0.seat_row,
        s1_0.seat_type,
        s1_0.section_name,
        s1_0.updated_at,
        s1_0.venue_id 
    from
        seat s1_0 
    where
        s1_0.venue_id=?
Hibernate: 
    select
        bs1_0.id,
        bs1_0.booking_id,
        bs1_0.created_at,
        bs1_0.price,
        bs1_0.seat_id,
        bs1_0.show_id,
        bs1_0.updated_at 
    from
        booking_seat bs1_0 
    where
        bs1_0.show_id=?
Hibernate: 
    select
        b1_0.id,
        b1_0.booking_time,
        b1_0.created_at,
        s1_0.id,
        s1_0.created_at,
        s1_0.end_time,
        e1_0.id,
        e1_0.created_at,
        e1_0.description,
        e1_0.duration_minutes,
        e1_0.event_type,
        e1_0.image_url,
        o1_0.id,
        o1_0.created_at,
        o1_0.email,
        o1_0.name,
        o1_0.password,
        o1_0.role,
        o1_0.updated_at,
        e1_0.title,
        e1_0.updated_at,
        s1_0.price,
        s1_0.start_time,
        s1_0.updated_at,
        v1_0.id,
        v1_0.created_at,
        v1_0.layout_type,
        v1_0.location,
        v1_0.name,
        v1_0.total_capacity,
        v1_0.updated_at,
        b1_0.status,
        b1_0.total_amount,
        b1_0.updated_at,
        u1_0.id,
        u1_0.created_at,
        u1_0.email,
        u1_0.name,
        u1_0.password,
        u1_0.role,
        u1_0.updated_at 
    from
        booking b1_0 
    left join
        show s1_0 
            on s1_0.id=b1_0.show_id 
    left join
        event e1_0 
            on e1_0.id=s1_0.event_id 
    left join
        users o1_0 
            on o1_0.id=e1_0.organizer_id 
    left join
        venue v1_0 
            on v1_0.id=s1_0.venue_id 
    left join
        users u1_0 
            on u1_0.id=b1_0.user_id 
    where
        b1_0.id=?
Hibernate: 
    select
        u1_0.id,
        u1_0.created_at,
        u1_0.email,
        u1_0.name,
        u1_0.password,
        u1_0.role,
        u1_0.updated_at 
    from
        users u1_0 
    where
        u1_0.email=?
Hibernate: 
    select
        u1_0.id,
        u1_0.created_at,
        u1_0.email,
        u1_0.name,
        u1_0.password,
        u1_0.role,
        u1_0.updated_at 
    from
        users u1_0 
    where
        u1_0.email=?
2026-04-19T22:12:49.251+05:30  INFO 37630 --- [nio-8080-exec-3] com.bms.service.ShowServiceImpl          : Fetching show from DB: id=3
Hibernate: 
    select
        s1_0.id,
        s1_0.created_at,
        s1_0.end_time,
        e1_0.id,
        e1_0.created_at,
        e1_0.description,
        e1_0.duration_minutes,
        e1_0.event_type,
        e1_0.image_url,
        e1_0.organizer_id,
        e1_0.title,
        e1_0.updated_at,
        s1_0.price,
        s1_0.start_time,
        s1_0.updated_at,
        v1_0.id,
        v1_0.created_at,
        v1_0.layout_type,
        v1_0.location,
        v1_0.name,
        v1_0.total_capacity,
        v1_0.updated_at 
    from
        show s1_0 
    join
        event e1_0 
            on e1_0.id=s1_0.event_id 
    join
        venue v1_0 
            on v1_0.id=s1_0.venue_id 
    where
        s1_0.id=?
Hibernate: 
    select
        u1_0.id,
        u1_0.created_at,
        u1_0.email,
        u1_0.name,
        u1_0.password,
        u1_0.role,
        u1_0.updated_at 
    from
        users u1_0 
    where
        u1_0.id=?
Hibernate: 
    select
        s1_0.id,
        s1_0.created_at,
        s1_0.seat_number,
        s1_0.seat_row,
        s1_0.seat_type,
        s1_0.section_name,
        s1_0.updated_at,
        s1_0.venue_id 
    from
        seat s1_0 
    where
        s1_0.venue_id=?
Hibernate: 
    select
        bs1_0.id,
        bs1_0.booking_id,
        bs1_0.created_at,
        bs1_0.price,
        bs1_0.seat_id,
        bs1_0.show_id,
        bs1_0.updated_at 
    from
        booking_seat bs1_0 
    where
        bs1_0.show_id=?
Hibernate: 
    select
        b1_0.id,
        b1_0.booking_time,
        b1_0.created_at,
        s1_0.id,
        s1_0.created_at,
        s1_0.end_time,
        e1_0.id,
        e1_0.created_at,
        e1_0.description,
        e1_0.duration_minutes,
        e1_0.event_type,
        e1_0.image_url,
        o1_0.id,
        o1_0.created_at,
        o1_0.email,
        o1_0.name,
        o1_0.password,
        o1_0.role,
        o1_0.updated_at,
        e1_0.title,
        e1_0.updated_at,
        s1_0.price,
        s1_0.start_time,
        s1_0.updated_at,
        v1_0.id,
        v1_0.created_at,
        v1_0.layout_type,
        v1_0.location,
        v1_0.name,
        v1_0.total_capacity,
        v1_0.updated_at,
        b1_0.status,
        b1_0.total_amount,
        b1_0.updated_at,
        u1_0.id,
        u1_0.created_at,
        u1_0.email,
        u1_0.name,
        u1_0.password,
        u1_0.role,
        u1_0.updated_at 
    from
        booking b1_0 
    left join
        show s1_0 
            on s1_0.id=b1_0.show_id 
    left join
        event e1_0 
            on e1_0.id=s1_0.event_id 
    left join
        users o1_0 
            on o1_0.id=e1_0.organizer_id 
    left join
        venue v1_0 
            on v1_0.id=s1_0.venue_id 
    left join
        users u1_0 
            on u1_0.id=b1_0.user_id 
    where
        b1_0.id=?
Hibernate: 
    select
        u1_0.id,
        u1_0.created_at,
        u1_0.email,
        u1_0.name,
        u1_0.password,
        u1_0.role,
        u1_0.updated_at 
    from
        users u1_0 
    where
        u1_0.email=?
Hibernate: 
    select
        u1_0.id,
        u1_0.created_at,
        u1_0.email,
        u1_0.name,
        u1_0.password,
        u1_0.role,
        u1_0.updated_at 
    from
        users u1_0 
    where
        u1_0.email=?
2026-04-19T22:12:57.251+05:30  INFO 37630 --- [nio-8080-exec-4] com.bms.service.ShowServiceImpl          : Fetching show from DB: id=3
Hibernate: 
    select
        s1_0.id,
        s1_0.created_at,
        s1_0.end_time,
        e1_0.id,
        e1_0.created_at,
        e1_0.description,
        e1_0.duration_minutes,
        e1_0.event_type,
        e1_0.image_url,
        e1_0.organizer_id,
        e1_0.title,
        e1_0.updated_at,
        s1_0.price,
        s1_0.start_time,
        s1_0.updated_at,
        v1_0.id,
        v1_0.created_at,
        v1_0.layout_type,
        v1_0.location,
        v1_0.name,
        v1_0.total_capacity,
        v1_0.updated_at 
    from
        show s1_0 
    join
        event e1_0 
            on e1_0.id=s1_0.event_id 
    join
        venue v1_0 
            on v1_0.id=s1_0.venue_id 
    where
        s1_0.id=?
Hibernate: 
    select
        u1_0.id,
        u1_0.created_at,
        u1_0.email,
        u1_0.name,
        u1_0.password,
        u1_0.role,
        u1_0.updated_at 
    from
        users u1_0 
    where
        u1_0.id=?
Hibernate: 
    select
        s1_0.id,
        s1_0.created_at,
        s1_0.seat_number,
        s1_0.seat_row,
        s1_0.seat_type,
        s1_0.section_name,
        s1_0.updated_at,
        s1_0.venue_id 
    from
        seat s1_0 
    where
        s1_0.venue_id=?
Hibernate: 
    select
        bs1_0.id,
        bs1_0.booking_id,
        bs1_0.created_at,
        bs1_0.price,
        bs1_0.seat_id,
        bs1_0.show_id,
        bs1_0.updated_at 
    from
        booking_seat bs1_0 
    where
        bs1_0.show_id=?
Hibernate: 
    select
        b1_0.id,
        b1_0.booking_time,
        b1_0.created_at,
        s1_0.id,
        s1_0.created_at,
        s1_0.end_time,
        e1_0.id,
        e1_0.created_at,
        e1_0.description,
        e1_0.duration_minutes,
        e1_0.event_type,
        e1_0.image_url,
        o1_0.id,
        o1_0.created_at,
        o1_0.email,
        o1_0.name,
        o1_0.password,
        o1_0.role,
        o1_0.updated_at,
        e1_0.title,
        e1_0.updated_at,
        s1_0.price,
        s1_0.start_time,
        s1_0.updated_at,
        v1_0.id,
        v1_0.created_at,
        v1_0.layout_type,
        v1_0.location,
        v1_0.name,
        v1_0.total_capacity,
        v1_0.updated_at,
        b1_0.status,
        b1_0.total_amount,
        b1_0.updated_at,
        u1_0.id,
        u1_0.created_at,
        u1_0.email,
        u1_0.name,
        u1_0.password,
        u1_0.role,
        u1_0.updated_at 
    from
        booking b1_0 
    left join
        show s1_0 
            on s1_0.id=b1_0.show_id 
    left join
        event e1_0 
            on e1_0.id=s1_0.event_id 
    left join
        users o1_0 
            on o1_0.id=e1_0.organizer_id 
    left join
        venue v1_0 
            on v1_0.id=s1_0.venue_id 
    left join
        users u1_0 
            on u1_0.id=b1_0.user_id 
    where
        b1_0.id=?
Hibernate: 
    select
        u1_0.id,
        u1_0.created_at,
        u1_0.email,
        u1_0.name,
        u1_0.password,
        u1_0.role,
        u1_0.updated_at 
    from
        users u1_0 
    where
        u1_0.email=?
Hibernate: 
    select
        u1_0.id,
        u1_0.created_at,
        u1_0.email,
        u1_0.name,
        u1_0.password,
        u1_0.role,
        u1_0.updated_at 
    from
        users u1_0 
    where
        u1_0.email=?
2026-04-19T22:13:05.250+05:30  INFO 37630 --- [nio-8080-exec-5] com.bms.service.ShowServiceImpl          : Fetching show from DB: id=3
Hibernate: 
    select
        s1_0.id,
        s1_0.created_at,
        s1_0.end_time,
        e1_0.id,
        e1_0.created_at,
        e1_0.description,
        e1_0.duration_minutes,
        e1_0.event_type,
        e1_0.image_url,
        e1_0.organizer_id,
        e1_0.title,
        e1_0.updated_at,
        s1_0.price,
        s1_0.start_time,
        s1_0.updated_at,
        v1_0.id,
        v1_0.created_at,
        v1_0.layout_type,
        v1_0.location,
        v1_0.name,
        v1_0.total_capacity,
        v1_0.updated_at 
    from
        show s1_0 
    join
        event e1_0 
            on e1_0.id=s1_0.event_id 
    join
        venue v1_0 
            on v1_0.id=s1_0.venue_id 
    where
        s1_0.id=?
Hibernate: 
    select
        u1_0.id,
        u1_0.created_at,
        u1_0.email,
        u1_0.name,
        u1_0.password,
        u1_0.role,
        u1_0.updated_at 
    from
        users u1_0 
    where
        u1_0.id=?
Hibernate: 
    select
        s1_0.id,
        s1_0.created_at,
        s1_0.seat_number,
        s1_0.seat_row,
        s1_0.seat_type,
        s1_0.section_name,
        s1_0.updated_at,
        s1_0.venue_id 
    from
        seat s1_0 
    where
        s1_0.venue_id=?
Hibernate: 
    select
        bs1_0.id,
        bs1_0.booking_id,
        bs1_0.created_at,
        bs1_0.price,
        bs1_0.seat_id,
        bs1_0.show_id,
        bs1_0.updated_at 
    from
        booking_seat bs1_0 
    where
        bs1_0.show_id=?
Hibernate: 
    select
        b1_0.id,
        b1_0.booking_time,
        b1_0.created_at,
        s1_0.id,
        s1_0.created_at,
        s1_0.end_time,
        e1_0.id,
        e1_0.created_at,
        e1_0.description,
        e1_0.duration_minutes,
        e1_0.event_type,
        e1_0.image_url,
        o1_0.id,
        o1_0.created_at,
        o1_0.email,
        o1_0.name,
        o1_0.password,
        o1_0.role,
        o1_0.updated_at,
        e1_0.title,
        e1_0.updated_at,
        s1_0.price,
        s1_0.start_time,
        s1_0.updated_at,
        v1_0.id,
        v1_0.created_at,
        v1_0.layout_type,
        v1_0.location,
        v1_0.name,
        v1_0.total_capacity,
        v1_0.updated_at,
        b1_0.status,
        b1_0.total_amount,
        b1_0.updated_at,
        u1_0.id,
        u1_0.created_at,
        u1_0.email,
        u1_0.name,
        u1_0.password,
        u1_0.role,
        u1_0.updated_at 
    from
        booking b1_0 
    left join
        show s1_0 
            on s1_0.id=b1_0.show_id 
    left join
        event e1_0 
            on e1_0.id=s1_0.event_id 
    left join
        users o1_0 
            on o1_0.id=e1_0.organizer_id 
    left join
        venue v1_0 
            on v1_0.id=s1_0.venue_id 
    left join
        users u1_0 
            on u1_0.id=b1_0.user_id 
    where
        b1_0.id=?
Hibernate: 
    select
        u1_0.id,
        u1_0.created_at,
        u1_0.email,
        u1_0.name,
        u1_0.password,
        u1_0.role,
        u1_0.updated_at 
    from
        users u1_0 
    where
        u1_0.email=?
Hibernate: 
    select
        u1_0.id,
        u1_0.created_at,
        u1_0.email,
        u1_0.name,
        u1_0.password,
        u1_0.role,
        u1_0.updated_at 
    from
        users u1_0 
    where
        u1_0.email=?
2026-04-19T22:13:13.250+05:30  INFO 37630 --- [nio-8080-exec-6] com.bms.service.ShowServiceImpl          : Fetching show from DB: id=3
Hibernate: 
    select
        s1_0.id,
        s1_0.created_at,
        s1_0.end_time,
        e1_0.id,
        e1_0.created_at,
        e1_0.description,
        e1_0.duration_minutes,
        e1_0.event_type,
        e1_0.image_url,
        e1_0.organizer_id,
        e1_0.title,
        e1_0.updated_at,
        s1_0.price,
        s1_0.start_time,
        s1_0.updated_at,
        v1_0.id,
        v1_0.created_at,
        v1_0.layout_type,
        v1_0.location,
        v1_0.name,
        v1_0.total_capacity,
        v1_0.updated_at 
    from
        show s1_0 
    join
        event e1_0 
            on e1_0.id=s1_0.event_id 
    join
        venue v1_0 
            on v1_0.id=s1_0.venue_id 
    where
        s1_0.id=?
Hibernate: 
    select
        u1_0.id,
        u1_0.created_at,
        u1_0.email,
        u1_0.name,
        u1_0.password,
        u1_0.role,
        u1_0.updated_at 
    from
        users u1_0 
    where
        u1_0.id=?
Hibernate: 
    select
        s1_0.id,
        s1_0.created_at,
        s1_0.seat_number,
        s1_0.seat_row,
        s1_0.seat_type,
        s1_0.section_name,
        s1_0.updated_at,
        s1_0.venue_id 
    from
        seat s1_0 
    where
        s1_0.venue_id=?
Hibernate: 
    select
        bs1_0.id,
        bs1_0.booking_id,
        bs1_0.created_at,
        bs1_0.price,
        bs1_0.seat_id,
        bs1_0.show_id,
        bs1_0.updated_at 
    from
        booking_seat bs1_0 
    where
        bs1_0.show_id=?
Hibernate: 
    select
        b1_0.id,
        b1_0.booking_time,
        b1_0.created_at,
        s1_0.id,
        s1_0.created_at,
        s1_0.end_time,
        e1_0.id,
        e1_0.created_at,
        e1_0.description,
        e1_0.duration_minutes,
        e1_0.event_type,
        e1_0.image_url,
        o1_0.id,
        o1_0.created_at,
        o1_0.email,
        o1_0.name,
        o1_0.password,
        o1_0.role,
        o1_0.updated_at,
        e1_0.title,
        e1_0.updated_at,
        s1_0.price,
        s1_0.start_time,
        s1_0.updated_at,
        v1_0.id,
        v1_0.created_at,
        v1_0.layout_type,
        v1_0.location,
        v1_0.name,
        v1_0.total_capacity,
        v1_0.updated_at,
        b1_0.status,
        b1_0.total_amount,
        b1_0.updated_at,
        u1_0.id,
        u1_0.created_at,
        u1_0.email,
        u1_0.name,
        u1_0.password,
        u1_0.role,
        u1_0.updated_at 
    from
        booking b1_0 
    left join
        show s1_0 
            on s1_0.id=b1_0.show_id 
    left join
        event e1_0 
            on e1_0.id=s1_0.event_id 
    left join
        users o1_0 
            on o1_0.id=e1_0.organizer_id 
    left join
        venue v1_0 
            on v1_0.id=s1_0.venue_id 
    left join
        users u1_0 
            on u1_0.id=b1_0.user_id 
    where
        b1_0.id=?
Hibernate: 
    select
        u1_0.id,
        u1_0.created_at,
        u1_0.email,
        u1_0.name,
        u1_0.password,
        u1_0.role,
        u1_0.updated_at 
    from
        users u1_0 
    where
        u1_0.email=?
Hibernate: 
    select
        u1_0.id,
        u1_0.created_at,
        u1_0.email,
        u1_0.name,
        u1_0.password,
        u1_0.role,
        u1_0.updated_at 
    from
        users u1_0 
    where
        u1_0.email=?
2026-04-19T22:13:21.251+05:30  INFO 37630 --- [nio-8080-exec-7] com.bms.service.ShowServiceImpl          : Fetching show from DB: id=3
Hibernate: 
    select
        s1_0.id,
        s1_0.created_at,
        s1_0.end_time,
        e1_0.id,
        e1_0.created_at,
        e1_0.description,
        e1_0.duration_minutes,
        e1_0.event_type,
        e1_0.image_url,
        e1_0.organizer_id,
        e1_0.title,
        e1_0.updated_at,
        s1_0.price,
        s1_0.start_time,
        s1_0.updated_at,
        v1_0.id,
        v1_0.created_at,
        v1_0.layout_type,
        v1_0.location,
        v1_0.name,
        v1_0.total_capacity,
        v1_0.updated_at 
    from
        show s1_0 
    join
        event e1_0 
            on e1_0.id=s1_0.event_id 
    join
        venue v1_0 
            on v1_0.id=s1_0.venue_id 
    where
        s1_0.id=?
Hibernate: 
    select
        u1_0.id,
        u1_0.created_at,
        u1_0.email,
        u1_0.name,
        u1_0.password,
        u1_0.role,
        u1_0.updated_at 
    from
        users u1_0 
    where
        u1_0.id=?
Hibernate: 
    select
        s1_0.id,
        s1_0.created_at,
        s1_0.seat_number,
        s1_0.seat_row,
        s1_0.seat_type,
        s1_0.section_name,
        s1_0.updated_at,
        s1_0.venue_id 
    from
        seat s1_0 
    where
        s1_0.venue_id=?
Hibernate: 
    select
        bs1_0.id,
        bs1_0.booking_id,
        bs1_0.created_at,
        bs1_0.price,
        bs1_0.seat_id,
        bs1_0.show_id,
        bs1_0.updated_at 
    from
        booking_seat bs1_0 
    where
        bs1_0.show_id=?
Hibernate: 
    select
        b1_0.id,
        b1_0.booking_time,
        b1_0.created_at,
        s1_0.id,
        s1_0.created_at,
        s1_0.end_time,
        e1_0.id,
        e1_0.created_at,
        e1_0.description,
        e1_0.duration_minutes,
        e1_0.event_type,
        e1_0.image_url,
        o1_0.id,
        o1_0.created_at,
        o1_0.email,
        o1_0.name,
        o1_0.password,
        o1_0.role,
        o1_0.updated_at,
        e1_0.title,
        e1_0.updated_at,
        s1_0.price,
        s1_0.start_time,
        s1_0.updated_at,
        v1_0.id,
        v1_0.created_at,
        v1_0.layout_type,
        v1_0.location,
        v1_0.name,
        v1_0.total_capacity,
        v1_0.updated_at,
        b1_0.status,
        b1_0.total_amount,
        b1_0.updated_at,
        u1_0.id,
        u1_0.created_at,
        u1_0.email,
        u1_0.name,
        u1_0.password,
        u1_0.role,
        u1_0.updated_at 
    from
        booking b1_0 
    left join
        show s1_0 
            on s1_0.id=b1_0.show_id 
    left join
        event e1_0 
            on e1_0.id=s1_0.event_id 
    left join
        users o1_0 
            on o1_0.id=e1_0.organizer_id 
    left join
        venue v1_0 
            on v1_0.id=s1_0.venue_id 
    left join
        users u1_0 
            on u1_0.id=b1_0.user_id 
    where
        b1_0.id=?
Hibernate: 
    select
        u1_0.id,
        u1_0.created_at,
        u1_0.email,
        u1_0.name,
        u1_0.password,
        u1_0.role,
        u1_0.updated_at 
    from
        users u1_0 
    where
        u1_0.email=?
Hibernate: 
    select
        u1_0.id,
        u1_0.created_at,
        u1_0.email,
        u1_0.name,
        u1_0.password,
        u1_0.role,
        u1_0.updated_at 
    from
        users u1_0 
    where
        u1_0.email=?
2026-04-19T22:13:29.250+05:30  INFO 37630 --- [nio-8080-exec-8] com.bms.service.ShowServiceImpl          : Fetching show from DB: id=3
Hibernate: 
    select
        s1_0.id,
        s1_0.created_at,
        s1_0.end_time,
        e1_0.id,
        e1_0.created_at,
        e1_0.description,
        e1_0.duration_minutes,
        e1_0.event_type,
        e1_0.image_url,
        e1_0.organizer_id,
        e1_0.title,
        e1_0.updated_at,
        s1_0.price,
        s1_0.start_time,
        s1_0.updated_at,
        v1_0.id,
        v1_0.created_at,
        v1_0.layout_type,
        v1_0.location,
        v1_0.name,
        v1_0.total_capacity,
        v1_0.updated_at 
    from
        show s1_0 
    join
        event e1_0 
            on e1_0.id=s1_0.event_id 
    join
        venue v1_0 
            on v1_0.id=s1_0.venue_id 
    where
        s1_0.id=?
Hibernate: 
    select
        u1_0.id,
        u1_0.created_at,
        u1_0.email,
        u1_0.name,
        u1_0.password,
        u1_0.role,
        u1_0.updated_at 
    from
        users u1_0 
    where
        u1_0.id=?
Hibernate: 
    select
        s1_0.id,
        s1_0.created_at,
        s1_0.seat_number,
        s1_0.seat_row,
        s1_0.seat_type,
        s1_0.section_name,
        s1_0.updated_at,
        s1_0.venue_id 
    from
        seat s1_0 
    where
        s1_0.venue_id=?
Hibernate: 
    select
        bs1_0.id,
        bs1_0.booking_id,
        bs1_0.created_at,
        bs1_0.price,
        bs1_0.seat_id,
        bs1_0.show_id,
        bs1_0.updated_at 
    from
        booking_seat bs1_0 
    where
        bs1_0.show_id=?
Hibernate: 
    select
        b1_0.id,
        b1_0.booking_time,
        b1_0.created_at,
        s1_0.id,
        s1_0.created_at,
        s1_0.end_time,
        e1_0.id,
        e1_0.created_at,
        e1_0.description,
        e1_0.duration_minutes,
        e1_0.event_type,
        e1_0.image_url,
        o1_0.id,
        o1_0.created_at,
        o1_0.email,
        o1_0.name,
        o1_0.password,
        o1_0.role,
        o1_0.updated_at,
        e1_0.title,
        e1_0.updated_at,
        s1_0.price,
        s1_0.start_time,
        s1_0.updated_at,
        v1_0.id,
        v1_0.created_at,
        v1_0.layout_type,
        v1_0.location,
        v1_0.name,
        v1_0.total_capacity,
        v1_0.updated_at,
        b1_0.status,
        b1_0.total_amount,
        b1_0.updated_at,
        u1_0.id,
        u1_0.created_at,
        u1_0.email,
        u1_0.name,
        u1_0.password,
        u1_0.role,
        u1_0.updated_at 
    from
        booking b1_0 
    left join
        show s1_0 
            on s1_0.id=b1_0.show_id 
    left join
        event e1_0 
            on e1_0.id=s1_0.event_id 
    left join
        users o1_0 
            on o1_0.id=e1_0.organizer_id 
    left join
        venue v1_0 
            on v1_0.id=s1_0.venue_id 
    left join
        users u1_0 
            on u1_0.id=b1_0.user_id 
    where
        b1_0.id=?
Hibernate: 
    select
        u1_0.id,
        u1_0.created_at,
        u1_0.email,
        u1_0.name,
        u1_0.password,
        u1_0.role,
        u1_0.updated_at 
    from
        users u1_0 
    where
        u1_0.email=?
Hibernate: 
    select
        u1_0.id,
        u1_0.created_at,
        u1_0.email,
        u1_0.name,
        u1_0.password,
        u1_0.role,
        u1_0.updated_at 
    from
        users u1_0 
    where
        u1_0.email=?
2026-04-19T22:13:37.250+05:30  INFO 37630 --- [nio-8080-exec-9] com.bms.service.ShowServiceImpl          : Fetching show from DB: id=3
Hibernate: 
    select
        s1_0.id,
        s1_0.created_at,
        s1_0.end_time,
        e1_0.id,
        e1_0.created_at,
        e1_0.description,
        e1_0.duration_minutes,
        e1_0.event_type,
        e1_0.image_url,
        e1_0.organizer_id,
        e1_0.title,
        e1_0.updated_at,
        s1_0.price,
        s1_0.start_time,
        s1_0.updated_at,
        v1_0.id,
        v1_0.created_at,
        v1_0.layout_type,
        v1_0.location,
        v1_0.name,
        v1_0.total_capacity,
        v1_0.updated_at 
    from
        show s1_0 
    join
        event e1_0 
            on e1_0.id=s1_0.event_id 
    join
        venue v1_0 
            on v1_0.id=s1_0.venue_id 
    where
        s1_0.id=?
Hibernate: 
    select
        u1_0.id,
        u1_0.created_at,
        u1_0.email,
        u1_0.name,
        u1_0.password,
        u1_0.role,
        u1_0.updated_at 
    from
        users u1_0 
    where
        u1_0.id=?
Hibernate: 
    select
        s1_0.id,
        s1_0.created_at,
        s1_0.seat_number,
        s1_0.seat_row,
        s1_0.seat_type,
        s1_0.section_name,
        s1_0.updated_at,
        s1_0.venue_id 
    from
        seat s1_0 
    where
        s1_0.venue_id=?
Hibernate: 
    select
        bs1_0.id,
        bs1_0.booking_id,
        bs1_0.created_at,
        bs1_0.price,
        bs1_0.seat_id,
        bs1_0.show_id,
        bs1_0.updated_at 
    from
        booking_seat bs1_0 
    where
        bs1_0.show_id=?
Hibernate: 
    select
        b1_0.id,
        b1_0.booking_time,
        b1_0.created_at,
        s1_0.id,
        s1_0.created_at,
        s1_0.end_time,
        e1_0.id,
        e1_0.created_at,
        e1_0.description,
        e1_0.duration_minutes,
        e1_0.event_type,
        e1_0.image_url,
        o1_0.id,
        o1_0.created_at,
        o1_0.email,
        o1_0.name,
        o1_0.password,
        o1_0.role,
        o1_0.updated_at,
        e1_0.title,
        e1_0.updated_at,
        s1_0.price,
        s1_0.start_time,
        s1_0.updated_at,
        v1_0.id,
        v1_0.created_at,
        v1_0.layout_type,
        v1_0.location,
        v1_0.name,
        v1_0.total_capacity,
        v1_0.updated_at,
        b1_0.status,
        b1_0.total_amount,
        b1_0.updated_at,
        u1_0.id,
        u1_0.created_at,
        u1_0.email,
        u1_0.name,
        u1_0.password,
        u1_0.role,
        u1_0.updated_at 
    from
        booking b1_0 
    left join
        show s1_0 
            on s1_0.id=b1_0.show_id 
    left join
        event e1_0 
            on e1_0.id=s1_0.event_id 
    left join
        users o1_0 
            on o1_0.id=e1_0.organizer_id 
    left join
        venue v1_0 
            on v1_0.id=s1_0.venue_id 
    left join
        users u1_0 
            on u1_0.id=b1_0.user_id 
    where
        b1_0.id=?
Hibernate: 
    select
        u1_0.id,
        u1_0.created_at,
        u1_0.email,
        u1_0.name,
        u1_0.password,
        u1_0.role,
        u1_0.updated_at 
    from
        users u1_0 
    where
        u1_0.email=?
Hibernate: 
    select
        u1_0.id,
        u1_0.created_at,
        u1_0.email,
        u1_0.name,
        u1_0.password,
        u1_0.role,
        u1_0.updated_at 
    from
        users u1_0 
    where
        u1_0.email=?
2026-04-19T22:13:45.250+05:30  INFO 37630 --- [io-8080-exec-10] com.bms.service.ShowServiceImpl          : Fetching show from DB: id=3
Hibernate: 
    select
        s1_0.id,
        s1_0.created_at,
        s1_0.end_time,
        e1_0.id,
        e1_0.created_at,
        e1_0.description,
        e1_0.duration_minutes,
        e1_0.event_type,
        e1_0.image_url,
        e1_0.organizer_id,
        e1_0.title,
        e1_0.updated_at,
        s1_0.price,
        s1_0.start_time,
        s1_0.updated_at,
        v1_0.id,
        v1_0.created_at,
        v1_0.layout_type,
        v1_0.location,
        v1_0.name,
        v1_0.total_capacity,
        v1_0.updated_at 
    from
        show s1_0 
    join
        event e1_0 
            on e1_0.id=s1_0.event_id 
    join
        venue v1_0 
            on v1_0.id=s1_0.venue_id 
    where
        s1_0.id=?
Hibernate: 
    select
        u1_0.id,
        u1_0.created_at,
        u1_0.email,
        u1_0.name,
        u1_0.password,
        u1_0.role,
        u1_0.updated_at 
    from
        users u1_0 
    where
        u1_0.id=?
Hibernate: 
    select
        s1_0.id,
        s1_0.created_at,
        s1_0.seat_number,
        s1_0.seat_row,
        s1_0.seat_type,
        s1_0.section_name,
        s1_0.updated_at,
        s1_0.venue_id 
    from
        seat s1_0 
    where
        s1_0.venue_id=?
Hibernate: 
    select
        bs1_0.id,
        bs1_0.booking_id,
        bs1_0.created_at,
        bs1_0.price,
        bs1_0.seat_id,
        bs1_0.show_id,
        bs1_0.updated_at 
    from
        booking_seat bs1_0 
    where
        bs1_0.show_id=?
Hibernate: 
    select
        b1_0.id,
        b1_0.booking_time,
        b1_0.created_at,
        s1_0.id,
        s1_0.created_at,
        s1_0.end_time,
        e1_0.id,
        e1_0.created_at,
        e1_0.description,
        e1_0.duration_minutes,
        e1_0.event_type,
        e1_0.image_url,
        o1_0.id,
        o1_0.created_at,
        o1_0.email,
        o1_0.name,
        o1_0.password,
        o1_0.role,
        o1_0.updated_at,
        e1_0.title,
        e1_0.updated_at,
        s1_0.price,
        s1_0.start_time,
        s1_0.updated_at,
        v1_0.id,
        v1_0.created_at,
        v1_0.layout_type,
        v1_0.location,
        v1_0.name,
        v1_0.total_capacity,
        v1_0.updated_at,
        b1_0.status,
        b1_0.total_amount,
        b1_0.updated_at,
        u1_0.id,
        u1_0.created_at,
        u1_0.email,
        u1_0.name,
        u1_0.password,
        u1_0.role,
        u1_0.updated_at 
    from
        booking b1_0 
    left join
        show s1_0 
            on s1_0.id=b1_0.show_id 
    left join
        event e1_0 
            on e1_0.id=s1_0.event_id 
    left join
        users o1_0 
            on o1_0.id=e1_0.organizer_id 
    left join
        venue v1_0 
            on v1_0.id=s1_0.venue_id 
    left join
        users u1_0 
            on u1_0.id=b1_0.user_id 
    where
        b1_0.id=?
Hibernate: 
    select
        u1_0.id,
        u1_0.created_at,
        u1_0.email,
        u1_0.name,
        u1_0.password,
        u1_0.role,
        u1_0.updated_at 
    from
        users u1_0 
    where
        u1_0.email=?
Hibernate: 
    select
        u1_0.id,
        u1_0.created_at,
        u1_0.email,
        u1_0.name,
        u1_0.password,
        u1_0.role,
        u1_0.updated_at 
    from
        users u1_0 
    where
        u1_0.email=?
2026-04-19T22:13:53.250+05:30  INFO 37630 --- [nio-8080-exec-1] com.bms.service.ShowServiceImpl          : Fetching show from DB: id=3
Hibernate: 
    select
        s1_0.id,
        s1_0.created_at,
        s1_0.end_time,
        e1_0.id,
        e1_0.created_at,
        e1_0.description,
        e1_0.duration_minutes,
        e1_0.event_type,
        e1_0.image_url,
        e1_0.organizer_id,
        e1_0.title,
        e1_0.updated_at,
        s1_0.price,
        s1_0.start_time,
        s1_0.updated_at,
        v1_0.id,
        v1_0.created_at,
        v1_0.layout_type,
        v1_0.location,
        v1_0.name,
        v1_0.total_capacity,
        v1_0.updated_at 
    from
        show s1_0 
    join
        event e1_0 
            on e1_0.id=s1_0.event_id 
    join
        venue v1_0 
            on v1_0.id=s1_0.venue_id 
    where
        s1_0.id=?
Hibernate: 
    select
        u1_0.id,
        u1_0.created_at,
        u1_0.email,
        u1_0.name,
        u1_0.password,
        u1_0.role,
        u1_0.updated_at 
    from
        users u1_0 
    where
        u1_0.id=?
Hibernate: 
    select
        s1_0.id,
        s1_0.created_at,
        s1_0.seat_number,
        s1_0.seat_row,
        s1_0.seat_type,
        s1_0.section_name,
        s1_0.updated_at,
        s1_0.venue_id 
    from
        seat s1_0 
    where
        s1_0.venue_id=?
Hibernate: 
    select
        bs1_0.id,
        bs1_0.booking_id,
        bs1_0.created_at,
        bs1_0.price,
        bs1_0.seat_id,
        bs1_0.show_id,
        bs1_0.updated_at 
    from
        booking_seat bs1_0 
    where
        bs1_0.show_id=?
Hibernate: 
    select
        b1_0.id,
        b1_0.booking_time,
        b1_0.created_at,
        s1_0.id,
        s1_0.created_at,
        s1_0.end_time,
        e1_0.id,
        e1_0.created_at,
        e1_0.description,
        e1_0.duration_minutes,
        e1_0.event_type,
        e1_0.image_url,
        o1_0.id,
        o1_0.created_at,
        o1_0.email,
        o1_0.name,
        o1_0.password,
        o1_0.role,
        o1_0.updated_at,
        e1_0.title,
        e1_0.updated_at,
        s1_0.price,
        s1_0.start_time,
        s1_0.updated_at,
        v1_0.id,
        v1_0.created_at,
        v1_0.layout_type,
        v1_0.location,
        v1_0.name,
        v1_0.total_capacity,
        v1_0.updated_at,
        b1_0.status,
        b1_0.total_amount,
        b1_0.updated_at,
        u1_0.id,
        u1_0.created_at,
        u1_0.email,
        u1_0.name,
        u1_0.password,
        u1_0.role,
        u1_0.updated_at 
    from
        booking b1_0 
    left join
        show s1_0 
            on s1_0.id=b1_0.show_id 
    left join
        event e1_0 
            on e1_0.id=s1_0.event_id 
    left join
        users o1_0 
            on o1_0.id=e1_0.organizer_id 
    left join
        venue v1_0 
            on v1_0.id=s1_0.venue_id 
    left join
        users u1_0 
            on u1_0.id=b1_0.user_id 
    where
        b1_0.id=?
Hibernate: 
    select
        u1_0.id,
        u1_0.created_at,
        u1_0.email,
        u1_0.name,
        u1_0.password,
        u1_0.role,
        u1_0.updated_at 
    from
        users u1_0 
    where
        u1_0.email=?
Hibernate: 
    select
        u1_0.id,
        u1_0.created_at,
        u1_0.email,
        u1_0.name,
        u1_0.password,
        u1_0.role,
        u1_0.updated_at 
    from
        users u1_0 
    where
        u1_0.email=?
2026-04-19T22:14:01.251+05:30  INFO 37630 --- [nio-8080-exec-2] com.bms.service.ShowServiceImpl          : Fetching show from DB: id=3
Hibernate: 
    select
        s1_0.id,
        s1_0.created_at,
        s1_0.end_time,
        e1_0.id,
        e1_0.created_at,
        e1_0.description,
        e1_0.duration_minutes,
        e1_0.event_type,
        e1_0.image_url,
        e1_0.organizer_id,
        e1_0.title,
        e1_0.updated_at,
        s1_0.price,
        s1_0.start_time,
        s1_0.updated_at,
        v1_0.id,
        v1_0.created_at,
        v1_0.layout_type,
        v1_0.location,
        v1_0.name,
        v1_0.total_capacity,
        v1_0.updated_at 
    from
        show s1_0 
    join
        event e1_0 
            on e1_0.id=s1_0.event_id 
    join
        venue v1_0 
            on v1_0.id=s1_0.venue_id 
    where
        s1_0.id=?
Hibernate: 
    select
        u1_0.id,
        u1_0.created_at,
        u1_0.email,
        u1_0.name,
        u1_0.password,
        u1_0.role,
        u1_0.updated_at 
    from
        users u1_0 
    where
        u1_0.id=?
Hibernate: 
    select
        s1_0.id,
        s1_0.created_at,
        s1_0.seat_number,
        s1_0.seat_row,
        s1_0.seat_type,
        s1_0.section_name,
        s1_0.updated_at,
        s1_0.venue_id 
    from
        seat s1_0 
    where
        s1_0.venue_id=?
Hibernate: 
    select
        bs1_0.id,
        bs1_0.booking_id,
        bs1_0.created_at,
        bs1_0.price,
        bs1_0.seat_id,
        bs1_0.show_id,
        bs1_0.updated_at 
    from
        booking_seat bs1_0 
    where
        bs1_0.show_id=?
Hibernate: 
    select
        b1_0.id,
        b1_0.booking_time,
        b1_0.created_at,
        s1_0.id,
        s1_0.created_at,
        s1_0.end_time,
        e1_0.id,
        e1_0.created_at,
        e1_0.description,
        e1_0.duration_minutes,
        e1_0.event_type,
        e1_0.image_url,
        o1_0.id,
        o1_0.created_at,
        o1_0.email,
        o1_0.name,
        o1_0.password,
        o1_0.role,
        o1_0.updated_at,
        e1_0.title,
        e1_0.updated_at,
        s1_0.price,
        s1_0.start_time,
        s1_0.updated_at,
        v1_0.id,
        v1_0.created_at,
        v1_0.layout_type,
        v1_0.location,
        v1_0.name,
        v1_0.total_capacity,
        v1_0.updated_at,
        b1_0.status,
        b1_0.total_amount,
        b1_0.updated_at,
        u1_0.id,
        u1_0.created_at,
        u1_0.email,
        u1_0.name,
        u1_0.password,
        u1_0.role,
        u1_0.updated_at 
    from
        booking b1_0 
    left join
        show s1_0 
            on s1_0.id=b1_0.show_id 
    left join
        event e1_0 
            on e1_0.id=s1_0.event_id 
    left join
        users o1_0 
            on o1_0.id=e1_0.organizer_id 
    left join
        venue v1_0 
            on v1_0.id=s1_0.venue_id 
    left join
        users u1_0 
            on u1_0.id=b1_0.user_id 
    where
        b1_0.id=?
Hibernate: 
    select
        u1_0.id,
        u1_0.created_at,
        u1_0.email,
        u1_0.name,
        u1_0.password,
        u1_0.role,
        u1_0.updated_at 
    from
        users u1_0 
    where
        u1_0.email=?
Hibernate: 
    select
        u1_0.id,
        u1_0.created_at,
        u1_0.email,
        u1_0.name,
        u1_0.password,
        u1_0.role,
        u1_0.updated_at 
    from
        users u1_0 
    where
        u1_0.email=?
2026-04-19T22:14:09.250+05:30  INFO 37630 --- [nio-8080-exec-3] com.bms.service.ShowServiceImpl          : Fetching show from DB: id=3
Hibernate: 
    select
        s1_0.id,
        s1_0.created_at,
        s1_0.end_time,
        e1_0.id,
        e1_0.created_at,
        e1_0.description,
        e1_0.duration_minutes,
        e1_0.event_type,
        e1_0.image_url,
        e1_0.organizer_id,
        e1_0.title,
        e1_0.updated_at,
        s1_0.price,
        s1_0.start_time,
        s1_0.updated_at,
        v1_0.id,
        v1_0.created_at,
        v1_0.layout_type,
        v1_0.location,
        v1_0.name,
        v1_0.total_capacity,
        v1_0.updated_at 
    from
        show s1_0 
    join
        event e1_0 
            on e1_0.id=s1_0.event_id 
    join
        venue v1_0 
            on v1_0.id=s1_0.venue_id 
    where
        s1_0.id=?
Hibernate: 
    select
        u1_0.id,
        u1_0.created_at,
        u1_0.email,
        u1_0.name,
        u1_0.password,
        u1_0.role,
        u1_0.updated_at 
    from
        users u1_0 
    where
        u1_0.id=?
Hibernate: 
    select
        s1_0.id,
        s1_0.created_at,
        s1_0.seat_number,
        s1_0.seat_row,
        s1_0.seat_type,
        s1_0.section_name,
        s1_0.updated_at,
        s1_0.venue_id 
    from
        seat s1_0 
    where
        s1_0.venue_id=?
Hibernate: 
    select
        bs1_0.id,
        bs1_0.booking_id,
        bs1_0.created_at,
        bs1_0.price,
        bs1_0.seat_id,
        bs1_0.show_id,
        bs1_0.updated_at 
    from
        booking_seat bs1_0 
    where
        bs1_0.show_id=?
Hibernate: 
    select
        b1_0.id,
        b1_0.booking_time,
        b1_0.created_at,
        s1_0.id,
        s1_0.created_at,
        s1_0.end_time,
        e1_0.id,
        e1_0.created_at,
        e1_0.description,
        e1_0.duration_minutes,
        e1_0.event_type,
        e1_0.image_url,
        o1_0.id,
        o1_0.created_at,
        o1_0.email,
        o1_0.name,
        o1_0.password,
        o1_0.role,
        o1_0.updated_at,
        e1_0.title,
        e1_0.updated_at,
        s1_0.price,
        s1_0.start_time,
        s1_0.updated_at,
        v1_0.id,
        v1_0.created_at,
        v1_0.layout_type,
        v1_0.location,
        v1_0.name,
        v1_0.total_capacity,
        v1_0.updated_at,
        b1_0.status,
        b1_0.total_amount,
        b1_0.updated_at,
        u1_0.id,
        u1_0.created_at,
        u1_0.email,
        u1_0.name,
        u1_0.password,
        u1_0.role,
        u1_0.updated_at 
    from
        booking b1_0 
    left join
        show s1_0 
            on s1_0.id=b1_0.show_id 
    left join
        event e1_0 
            on e1_0.id=s1_0.event_id 
    left join
        users o1_0 
            on o1_0.id=e1_0.organizer_id 
    left join
        venue v1_0 
            on v1_0.id=s1_0.venue_id 
    left join
        users u1_0 
            on u1_0.id=b1_0.user_id 
    where
        b1_0.id=?
Hibernate: 
    select
        u1_0.id,
        u1_0.created_at,
        u1_0.email,
        u1_0.name,
        u1_0.password,
        u1_0.role,
        u1_0.updated_at 
    from
        users u1_0 
    where
        u1_0.email=?
Hibernate: 
    select
        u1_0.id,
        u1_0.created_at,
        u1_0.email,
        u1_0.name,
        u1_0.password,
        u1_0.role,
        u1_0.updated_at 
    from
        users u1_0 
    where
        u1_0.email=?
2026-04-19T22:14:17.254+05:30  INFO 37630 --- [nio-8080-exec-4] com.bms.service.ShowServiceImpl          : Fetching show from DB: id=3
Hibernate: 
    select
        s1_0.id,
        s1_0.created_at,
        s1_0.end_time,
        e1_0.id,
        e1_0.created_at,
        e1_0.description,
        e1_0.duration_minutes,
        e1_0.event_type,
        e1_0.image_url,
        e1_0.organizer_id,
        e1_0.title,
        e1_0.updated_at,
        s1_0.price,
        s1_0.start_time,
        s1_0.updated_at,
        v1_0.id,
        v1_0.created_at,
        v1_0.layout_type,
        v1_0.location,
        v1_0.name,
        v1_0.total_capacity,
        v1_0.updated_at 
    from
        show s1_0 
    join
        event e1_0 
            on e1_0.id=s1_0.event_id 
    join
        venue v1_0 
            on v1_0.id=s1_0.venue_id 
    where
        s1_0.id=?
Hibernate: 
    select
        u1_0.id,
        u1_0.created_at,
        u1_0.email,
        u1_0.name,
        u1_0.password,
        u1_0.role,
        u1_0.updated_at 
    from
        users u1_0 
    where
        u1_0.id=?
Hibernate: 
    select
        s1_0.id,
        s1_0.created_at,
        s1_0.seat_number,
        s1_0.seat_row,
        s1_0.seat_type,
        s1_0.section_name,
        s1_0.updated_at,
        s1_0.venue_id 
    from
        seat s1_0 
    where
        s1_0.venue_id=?
Hibernate: 
    select
        bs1_0.id,
        bs1_0.booking_id,
        bs1_0.created_at,
        bs1_0.price,
        bs1_0.seat_id,
        bs1_0.show_id,
        bs1_0.updated_at 
    from
        booking_seat bs1_0 
    where
        bs1_0.show_id=?
Hibernate: 
    select
        b1_0.id,
        b1_0.booking_time,
        b1_0.created_at,
        s1_0.id,
        s1_0.created_at,
        s1_0.end_time,
        e1_0.id,
        e1_0.created_at,
        e1_0.description,
        e1_0.duration_minutes,
        e1_0.event_type,
        e1_0.image_url,
        o1_0.id,
        o1_0.created_at,
        o1_0.email,
        o1_0.name,
        o1_0.password,
        o1_0.role,
        o1_0.updated_at,
        e1_0.title,
        e1_0.updated_at,
        s1_0.price,
        s1_0.start_time,
        s1_0.updated_at,
        v1_0.id,
        v1_0.created_at,
        v1_0.layout_type,
        v1_0.location,
        v1_0.name,
        v1_0.total_capacity,
        v1_0.updated_at,
        b1_0.status,
        b1_0.total_amount,
        b1_0.updated_at,
        u1_0.id,
        u1_0.created_at,
        u1_0.email,
        u1_0.name,
        u1_0.password,
        u1_0.role,
        u1_0.updated_at 
    from
        booking b1_0 
    left join
        show s1_0 
            on s1_0.id=b1_0.show_id 
    left join
        event e1_0 
            on e1_0.id=s1_0.event_id 
    left join
        users o1_0 
            on o1_0.id=e1_0.organizer_id 
    left join
        venue v1_0 
            on v1_0.id=s1_0.venue_id 
    left join
        users u1_0 
            on u1_0.id=b1_0.user_id 
    where
        b1_0.id=?
Hibernate: 
    select
        u1_0.id,
        u1_0.created_at,
        u1_0.email,
        u1_0.name,
        u1_0.password,
        u1_0.role,
        u1_0.updated_at 
    from
        users u1_0 
    where
        u1_0.email=?
Hibernate: 
    select
        u1_0.id,
        u1_0.created_at,
        u1_0.email,
        u1_0.name,
        u1_0.password,
        u1_0.role,
        u1_0.updated_at 
    from
        users u1_0 
    where
        u1_0.email=?
2026-04-19T22:14:25.251+05:30  INFO 37630 --- [nio-8080-exec-5] com.bms.service.ShowServiceImpl          : Fetching show from DB: id=3
Hibernate: 
    select
        s1_0.id,
        s1_0.created_at,
        s1_0.end_time,
        e1_0.id,
        e1_0.created_at,
        e1_0.description,
        e1_0.duration_minutes,
        e1_0.event_type,
        e1_0.image_url,
        e1_0.organizer_id,
        e1_0.title,
        e1_0.updated_at,
        s1_0.price,
        s1_0.start_time,
        s1_0.updated_at,
        v1_0.id,
        v1_0.created_at,
        v1_0.layout_type,
        v1_0.location,
        v1_0.name,
        v1_0.total_capacity,
        v1_0.updated_at 
    from
        show s1_0 
    join
        event e1_0 
            on e1_0.id=s1_0.event_id 
    join
        venue v1_0 
            on v1_0.id=s1_0.venue_id 
    where
        s1_0.id=?
Hibernate: 
    select
        u1_0.id,
        u1_0.created_at,
        u1_0.email,
        u1_0.name,
        u1_0.password,
        u1_0.role,
        u1_0.updated_at 
    from
        users u1_0 
    where
        u1_0.id=?
Hibernate: 
    select
        s1_0.id,
        s1_0.created_at,
        s1_0.seat_number,
        s1_0.seat_row,
        s1_0.seat_type,
        s1_0.section_name,
        s1_0.updated_at,
        s1_0.venue_id 
    from
        seat s1_0 
    where
        s1_0.venue_id=?
Hibernate: 
    select
        bs1_0.id,
        bs1_0.booking_id,
        bs1_0.created_at,
        bs1_0.price,
        bs1_0.seat_id,
        bs1_0.show_id,
        bs1_0.updated_at 
    from
        booking_seat bs1_0 
    where
        bs1_0.show_id=?
Hibernate: 
    select
        b1_0.id,
        b1_0.booking_time,
        b1_0.created_at,
        s1_0.id,
        s1_0.created_at,
        s1_0.end_time,
        e1_0.id,
        e1_0.created_at,
        e1_0.description,
        e1_0.duration_minutes,
        e1_0.event_type,
        e1_0.image_url,
        o1_0.id,
        o1_0.created_at,
        o1_0.email,
        o1_0.name,
        o1_0.password,
        o1_0.role,
        o1_0.updated_at,
        e1_0.title,
        e1_0.updated_at,
        s1_0.price,
        s1_0.start_time,
        s1_0.updated_at,
        v1_0.id,
        v1_0.created_at,
        v1_0.layout_type,
        v1_0.location,
        v1_0.name,
        v1_0.total_capacity,
        v1_0.updated_at,
        b1_0.status,
        b1_0.total_amount,
        b1_0.updated_at,
        u1_0.id,
        u1_0.created_at,
        u1_0.email,
        u1_0.name,
        u1_0.password,
        u1_0.role,
        u1_0.updated_at 
    from
        booking b1_0 
    left join
        show s1_0 
            on s1_0.id=b1_0.show_id 
    left join
        event e1_0 
            on e1_0.id=s1_0.event_id 
    left join
        users o1_0 
            on o1_0.id=e1_0.organizer_id 
    left join
        venue v1_0 
            on v1_0.id=s1_0.venue_id 
    left join
        users u1_0 
            on u1_0.id=b1_0.user_id 
    where
        b1_0.id=?
Hibernate: 
    select
        u1_0.id,
        u1_0.created_at,
        u1_0.email,
        u1_0.name,
        u1_0.password,
        u1_0.role,
        u1_0.updated_at 
    from
        users u1_0 
    where
        u1_0.email=?
Hibernate: 
    select
        u1_0.id,
        u1_0.created_at,
        u1_0.email,
        u1_0.name,
        u1_0.password,
        u1_0.role,
        u1_0.updated_at 
    from
        users u1_0 
    where
        u1_0.email=?
2026-04-19T22:14:33.250+05:30  INFO 37630 --- [nio-8080-exec-6] com.bms.service.ShowServiceImpl          : Fetching show from DB: id=3
Hibernate: 
    select
        s1_0.id,
        s1_0.created_at,
        s1_0.end_time,
        e1_0.id,
        e1_0.created_at,
        e1_0.description,
        e1_0.duration_minutes,
        e1_0.event_type,
        e1_0.image_url,
        e1_0.organizer_id,
        e1_0.title,
        e1_0.updated_at,
        s1_0.price,
        s1_0.start_time,
        s1_0.updated_at,
        v1_0.id,
        v1_0.created_at,
        v1_0.layout_type,
        v1_0.location,
        v1_0.name,
        v1_0.total_capacity,
        v1_0.updated_at 
    from
        show s1_0 
    join
        event e1_0 
            on e1_0.id=s1_0.event_id 
    join
        venue v1_0 
            on v1_0.id=s1_0.venue_id 
    where
        s1_0.id=?
Hibernate: 
    select
        u1_0.id,
        u1_0.created_at,
        u1_0.email,
        u1_0.name,
        u1_0.password,
        u1_0.role,
        u1_0.updated_at 
    from
        users u1_0 
    where
        u1_0.id=?
Hibernate: 
    select
        s1_0.id,
        s1_0.created_at,
        s1_0.seat_number,
        s1_0.seat_row,
        s1_0.seat_type,
        s1_0.section_name,
        s1_0.updated_at,
        s1_0.venue_id 
    from
        seat s1_0 
    where
        s1_0.venue_id=?
Hibernate: 
    select
        bs1_0.id,
        bs1_0.booking_id,
        bs1_0.created_at,
        bs1_0.price,
        bs1_0.seat_id,
        bs1_0.show_id,
        bs1_0.updated_at 
    from
        booking_seat bs1_0 
    where
        bs1_0.show_id=?
Hibernate: 
    select
        b1_0.id,
        b1_0.booking_time,
        b1_0.created_at,
        s1_0.id,
        s1_0.created_at,
        s1_0.end_time,
        e1_0.id,
        e1_0.created_at,
        e1_0.description,
        e1_0.duration_minutes,
        e1_0.event_type,
        e1_0.image_url,
        o1_0.id,
        o1_0.created_at,
        o1_0.email,
        o1_0.name,
        o1_0.password,
        o1_0.role,
        o1_0.updated_at,
        e1_0.title,
        e1_0.updated_at,
        s1_0.price,
        s1_0.start_time,
        s1_0.updated_at,
        v1_0.id,
        v1_0.created_at,
        v1_0.layout_type,
        v1_0.location,
        v1_0.name,
        v1_0.total_capacity,
        v1_0.updated_at,
        b1_0.status,
        b1_0.total_amount,
        b1_0.updated_at,
        u1_0.id,
        u1_0.created_at,
        u1_0.email,
        u1_0.name,
        u1_0.password,
        u1_0.role,
        u1_0.updated_at 
    from
        booking b1_0 
    left join
        show s1_0 
            on s1_0.id=b1_0.show_id 
    left join
        event e1_0 
            on e1_0.id=s1_0.event_id 
    left join
        users o1_0 
            on o1_0.id=e1_0.organizer_id 
    left join
        venue v1_0 
            on v1_0.id=s1_0.venue_id 
    left join
        users u1_0 
            on u1_0.id=b1_0.user_id 
    where
        b1_0.id=?
Hibernate: 
    select
        u1_0.id,
        u1_0.created_at,
        u1_0.email,
        u1_0.name,
        u1_0.password,
        u1_0.role,
        u1_0.updated_at 
    from
        users u1_0 
    where
        u1_0.email=?
Hibernate: 
    select
        u1_0.id,
        u1_0.created_at,
        u1_0.email,
        u1_0.name,
        u1_0.password,
        u1_0.role,
        u1_0.updated_at 
    from
        users u1_0 
    where
        u1_0.email=?
2026-04-19T22:14:41.250+05:30  INFO 37630 --- [nio-8080-exec-7] com.bms.service.ShowServiceImpl          : Fetching show from DB: id=3
Hibernate: 
    select
        s1_0.id,
        s1_0.created_at,
        s1_0.end_time,
        e1_0.id,
        e1_0.created_at,
        e1_0.description,
        e1_0.duration_minutes,
        e1_0.event_type,
        e1_0.image_url,
        e1_0.organizer_id,
        e1_0.title,
        e1_0.updated_at,
        s1_0.price,
        s1_0.start_time,
        s1_0.updated_at,
        v1_0.id,
        v1_0.created_at,
        v1_0.layout_type,
        v1_0.location,
        v1_0.name,
        v1_0.total_capacity,
        v1_0.updated_at 
    from
        show s1_0 
    join
        event e1_0 
            on e1_0.id=s1_0.event_id 
    join
        venue v1_0 
            on v1_0.id=s1_0.venue_id 
    where
        s1_0.id=?
Hibernate: 
    select
        u1_0.id,
        u1_0.created_at,
        u1_0.email,
        u1_0.name,
        u1_0.password,
        u1_0.role,
        u1_0.updated_at 
    from
        users u1_0 
    where
        u1_0.id=?
Hibernate: 
    select
        s1_0.id,
        s1_0.created_at,
        s1_0.seat_number,
        s1_0.seat_row,
        s1_0.seat_type,
        s1_0.section_name,
        s1_0.updated_at,
        s1_0.venue_id 
    from
        seat s1_0 
    where
        s1_0.venue_id=?
Hibernate: 
    select
        bs1_0.id,
        bs1_0.booking_id,
        bs1_0.created_at,
        bs1_0.price,
        bs1_0.seat_id,
        bs1_0.show_id,
        bs1_0.updated_at 
    from
        booking_seat bs1_0 
    where
        bs1_0.show_id=?
Hibernate: 
    select
        b1_0.id,
        b1_0.booking_time,
        b1_0.created_at,
        s1_0.id,
        s1_0.created_at,
        s1_0.end_time,
        e1_0.id,
        e1_0.created_at,
        e1_0.description,
        e1_0.duration_minutes,
        e1_0.event_type,
        e1_0.image_url,
        o1_0.id,
        o1_0.created_at,
        o1_0.email,
        o1_0.name,
        o1_0.password,
        o1_0.role,
        o1_0.updated_at,
        e1_0.title,
        e1_0.updated_at,
        s1_0.price,
        s1_0.start_time,
        s1_0.updated_at,
        v1_0.id,
        v1_0.created_at,
        v1_0.layout_type,
        v1_0.location,
        v1_0.name,
        v1_0.total_capacity,
        v1_0.updated_at,
        b1_0.status,
        b1_0.total_amount,
        b1_0.updated_at,
        u1_0.id,
        u1_0.created_at,
        u1_0.email,
        u1_0.name,
        u1_0.password,
        u1_0.role,
        u1_0.updated_at 
    from
        booking b1_0 
    left join
        show s1_0 
            on s1_0.id=b1_0.show_id 
    left join
        event e1_0 
            on e1_0.id=s1_0.event_id 
    left join
        users o1_0 
            on o1_0.id=e1_0.organizer_id 
    left join
        venue v1_0 
            on v1_0.id=s1_0.venue_id 
    left join
        users u1_0 
            on u1_0.id=b1_0.user_id 
    where
        b1_0.id=?
Hibernate: 
    select
        u1_0.id,
        u1_0.created_at,
        u1_0.email,
        u1_0.name,
        u1_0.password,
        u1_0.role,
        u1_0.updated_at 
    from
        users u1_0 
    where
        u1_0.email=?
Hibernate: 
    select
        u1_0.id,
        u1_0.created_at,
        u1_0.email,
        u1_0.name,
        u1_0.password,
        u1_0.role,
        u1_0.updated_at 
    from
        users u1_0 
    where
        u1_0.email=?
2026-04-19T22:14:49.250+05:30  INFO 37630 --- [nio-8080-exec-8] com.bms.service.ShowServiceImpl          : Fetching show from DB: id=3
Hibernate: 
    select
        s1_0.id,
        s1_0.created_at,
        s1_0.end_time,
        e1_0.id,
        e1_0.created_at,
        e1_0.description,
        e1_0.duration_minutes,
        e1_0.event_type,
        e1_0.image_url,
        e1_0.organizer_id,
        e1_0.title,
        e1_0.updated_at,
        s1_0.price,
        s1_0.start_time,
        s1_0.updated_at,
        v1_0.id,
        v1_0.created_at,
        v1_0.layout_type,
        v1_0.location,
        v1_0.name,
        v1_0.total_capacity,
        v1_0.updated_at 
    from
        show s1_0 
    join
        event e1_0 
            on e1_0.id=s1_0.event_id 
    join
        venue v1_0 
            on v1_0.id=s1_0.venue_id 
    where
        s1_0.id=?
Hibernate: 
    select
        u1_0.id,
        u1_0.created_at,
        u1_0.email,
        u1_0.name,
        u1_0.password,
        u1_0.role,
        u1_0.updated_at 
    from
        users u1_0 
    where
        u1_0.id=?
Hibernate: 
    select
        s1_0.id,
        s1_0.created_at,
        s1_0.seat_number,
        s1_0.seat_row,
        s1_0.seat_type,
        s1_0.section_name,
        s1_0.updated_at,
        s1_0.venue_id 
    from
        seat s1_0 
    where
        s1_0.venue_id=?
Hibernate: 
    select
        bs1_0.id,
        bs1_0.booking_id,
        bs1_0.created_at,
        bs1_0.price,
        bs1_0.seat_id,
        bs1_0.show_id,
        bs1_0.updated_at 
    from
        booking_seat bs1_0 
    where
        bs1_0.show_id=?
Hibernate: 
    select
        b1_0.id,
        b1_0.booking_time,
        b1_0.created_at,
        s1_0.id,
        s1_0.created_at,
        s1_0.end_time,
        e1_0.id,
        e1_0.created_at,
        e1_0.description,
        e1_0.duration_minutes,
        e1_0.event_type,
        e1_0.image_url,
        o1_0.id,
        o1_0.created_at,
        o1_0.email,
        o1_0.name,
        o1_0.password,
        o1_0.role,
        o1_0.updated_at,
        e1_0.title,
        e1_0.updated_at,
        s1_0.price,
        s1_0.start_time,
        s1_0.updated_at,
        v1_0.id,
        v1_0.created_at,
        v1_0.layout_type,
        v1_0.location,
        v1_0.name,
        v1_0.total_capacity,
        v1_0.updated_at,
        b1_0.status,
        b1_0.total_amount,
        b1_0.updated_at,
        u1_0.id,
        u1_0.created_at,
        u1_0.email,
        u1_0.name,
        u1_0.password,
        u1_0.role,
        u1_0.updated_at 
    from
        booking b1_0 
    left join
        show s1_0 
            on s1_0.id=b1_0.show_id 
    left join
        event e1_0 
            on e1_0.id=s1_0.event_id 
    left join
        users o1_0 
            on o1_0.id=e1_0.organizer_id 
    left join
        venue v1_0 
            on v1_0.id=s1_0.venue_id 
    left join
        users u1_0 
            on u1_0.id=b1_0.user_id 
    where
        b1_0.id=?
Hibernate: 
    select
        u1_0.id,
        u1_0.created_at,
        u1_0.email,
        u1_0.name,
        u1_0.password,
        u1_0.role,
        u1_0.updated_at 
    from
        users u1_0 
    where
        u1_0.email=?
Hibernate: 
    select
        u1_0.id,
        u1_0.created_at,
        u1_0.email,
        u1_0.name,
        u1_0.password,
        u1_0.role,
        u1_0.updated_at 
    from
        users u1_0 
    where
        u1_0.email=?
2026-04-19T22:14:57.251+05:30  INFO 37630 --- [nio-8080-exec-9] com.bms.service.ShowServiceImpl          : Fetching show from DB: id=3
Hibernate: 
    select
        s1_0.id,
        s1_0.created_at,
        s1_0.end_time,
        e1_0.id,
        e1_0.created_at,
        e1_0.description,
        e1_0.duration_minutes,
        e1_0.event_type,
        e1_0.image_url,
        e1_0.organizer_id,
        e1_0.title,
        e1_0.updated_at,
        s1_0.price,
        s1_0.start_time,
        s1_0.updated_at,
        v1_0.id,
        v1_0.created_at,
        v1_0.layout_type,
        v1_0.location,
        v1_0.name,
        v1_0.total_capacity,
        v1_0.updated_at 
    from
        show s1_0 
    join
        event e1_0 
            on e1_0.id=s1_0.event_id 
    join
        venue v1_0 
            on v1_0.id=s1_0.venue_id 
    where
        s1_0.id=?
Hibernate: 
    select
        u1_0.id,
        u1_0.created_at,
        u1_0.email,
        u1_0.name,
        u1_0.password,
        u1_0.role,
        u1_0.updated_at 
    from
        users u1_0 
    where
        u1_0.id=?
Hibernate: 
    select
        s1_0.id,
        s1_0.created_at,
        s1_0.seat_number,
        s1_0.seat_row,
        s1_0.seat_type,
        s1_0.section_name,
        s1_0.updated_at,
        s1_0.venue_id 
    from
        seat s1_0 
    where
        s1_0.venue_id=?
Hibernate: 
    select
        bs1_0.id,
        bs1_0.booking_id,
        bs1_0.created_at,
        bs1_0.price,
        bs1_0.seat_id,
        bs1_0.show_id,
        bs1_0.updated_at 
    from
        booking_seat bs1_0 
    where
        bs1_0.show_id=?
Hibernate: 
    select
        b1_0.id,
        b1_0.booking_time,
        b1_0.created_at,
        s1_0.id,
        s1_0.created_at,
        s1_0.end_time,
        e1_0.id,
        e1_0.created_at,
        e1_0.description,
        e1_0.duration_minutes,
        e1_0.event_type,
        e1_0.image_url,
        o1_0.id,
        o1_0.created_at,
        o1_0.email,
        o1_0.name,
        o1_0.password,
        o1_0.role,
        o1_0.updated_at,
        e1_0.title,
        e1_0.updated_at,
        s1_0.price,
        s1_0.start_time,
        s1_0.updated_at,
        v1_0.id,
        v1_0.created_at,
        v1_0.layout_type,
        v1_0.location,
        v1_0.name,
        v1_0.total_capacity,
        v1_0.updated_at,
        b1_0.status,
        b1_0.total_amount,
        b1_0.updated_at,
        u1_0.id,
        u1_0.created_at,
        u1_0.email,
        u1_0.name,
        u1_0.password,
        u1_0.role,
        u1_0.updated_at 
    from
        booking b1_0 
    left join
        show s1_0 
            on s1_0.id=b1_0.show_id 
    left join
        event e1_0 
            on e1_0.id=s1_0.event_id 
    left join
        users o1_0 
            on o1_0.id=e1_0.organizer_id 
    left join
        venue v1_0 
            on v1_0.id=s1_0.venue_id 
    left join
        users u1_0 
            on u1_0.id=b1_0.user_id 
    where
        b1_0.id=?
Hibernate: 
    select
        u1_0.id,
        u1_0.created_at,
        u1_0.email,
        u1_0.name,
        u1_0.password,
        u1_0.role,
        u1_0.updated_at 
    from
        users u1_0 
    where
        u1_0.email=?
Hibernate: 
    select
        u1_0.id,
        u1_0.created_at,
        u1_0.email,
        u1_0.name,
        u1_0.password,
        u1_0.role,
        u1_0.updated_at 
    from
        users u1_0 
    where
        u1_0.email=?
2026-04-19T22:15:05.250+05:30  INFO 37630 --- [io-8080-exec-10] com.bms.service.ShowServiceImpl          : Fetching show from DB: id=3
Hibernate: 
    select
        s1_0.id,
        s1_0.created_at,
        s1_0.end_time,
        e1_0.id,
        e1_0.created_at,
        e1_0.description,
        e1_0.duration_minutes,
        e1_0.event_type,
        e1_0.image_url,
        e1_0.organizer_id,
        e1_0.title,
        e1_0.updated_at,
        s1_0.price,
        s1_0.start_time,
        s1_0.updated_at,
        v1_0.id,
        v1_0.created_at,
        v1_0.layout_type,
        v1_0.location,
        v1_0.name,
        v1_0.total_capacity,
        v1_0.updated_at 
    from
        show s1_0 
    join
        event e1_0 
            on e1_0.id=s1_0.event_id 
    join
        venue v1_0 
            on v1_0.id=s1_0.venue_id 
    where
        s1_0.id=?
Hibernate: 
    select
        u1_0.id,
        u1_0.created_at,
        u1_0.email,
        u1_0.name,
        u1_0.password,
        u1_0.role,
        u1_0.updated_at 
    from
        users u1_0 
    where
        u1_0.id=?
Hibernate: 
    select
        s1_0.id,
        s1_0.created_at,
        s1_0.seat_number,
        s1_0.seat_row,
        s1_0.seat_type,
        s1_0.section_name,
        s1_0.updated_at,
        s1_0.venue_id 
    from
        seat s1_0 
    where
        s1_0.venue_id=?
Hibernate: 
    select
        bs1_0.id,
        bs1_0.booking_id,
        bs1_0.created_at,
        bs1_0.price,
        bs1_0.seat_id,
        bs1_0.show_id,
        bs1_0.updated_at 
    from
        booking_seat bs1_0 
    where
        bs1_0.show_id=?
Hibernate: 
    select
        b1_0.id,
        b1_0.booking_time,
        b1_0.created_at,
        s1_0.id,
        s1_0.created_at,
        s1_0.end_time,
        e1_0.id,
        e1_0.created_at,
        e1_0.description,
        e1_0.duration_minutes,
        e1_0.event_type,
        e1_0.image_url,
        o1_0.id,
        o1_0.created_at,
        o1_0.email,
        o1_0.name,
        o1_0.password,
        o1_0.role,
        o1_0.updated_at,
        e1_0.title,
        e1_0.updated_at,
        s1_0.price,
        s1_0.start_time,
        s1_0.updated_at,
        v1_0.id,
        v1_0.created_at,
        v1_0.layout_type,
        v1_0.location,
        v1_0.name,
        v1_0.total_capacity,
        v1_0.updated_at,
        b1_0.status,
        b1_0.total_amount,
        b1_0.updated_at,
        u1_0.id,
        u1_0.created_at,
        u1_0.email,
        u1_0.name,
        u1_0.password,
        u1_0.role,
        u1_0.updated_at 
    from
        booking b1_0 
    left join
        show s1_0 
            on s1_0.id=b1_0.show_id 
    left join
        event e1_0 
            on e1_0.id=s1_0.event_id 
    left join
        users o1_0 
            on o1_0.id=e1_0.organizer_id 
    left join
        venue v1_0 
            on v1_0.id=s1_0.venue_id 
    left join
        users u1_0 
            on u1_0.id=b1_0.user_id 
    where
        b1_0.id=?
Hibernate: 
    select
        u1_0.id,
        u1_0.created_at,
        u1_0.email,
        u1_0.name,
        u1_0.password,
        u1_0.role,
        u1_0.updated_at 
    from
        users u1_0 
    where
        u1_0.email=?
Hibernate: 
    select
        u1_0.id,
        u1_0.created_at,
        u1_0.email,
        u1_0.name,
        u1_0.password,
        u1_0.role,
        u1_0.updated_at 
    from
        users u1_0 
    where
        u1_0.email=?
2026-04-19T22:15:13.250+05:30  INFO 37630 --- [nio-8080-exec-1] com.bms.service.ShowServiceImpl          : Fetching show from DB: id=3
Hibernate: 
    select
        s1_0.id,
        s1_0.created_at,
        s1_0.end_time,
        e1_0.id,
        e1_0.created_at,
        e1_0.description,
        e1_0.duration_minutes,
        e1_0.event_type,
        e1_0.image_url,
        e1_0.organizer_id,
        e1_0.title,
        e1_0.updated_at,
        s1_0.price,
        s1_0.start_time,
        s1_0.updated_at,
        v1_0.id,
        v1_0.created_at,
        v1_0.layout_type,
        v1_0.location,
        v1_0.name,
        v1_0.total_capacity,
        v1_0.updated_at 
    from
        show s1_0 
    join
        event e1_0 
            on e1_0.id=s1_0.event_id 
    join
        venue v1_0 
            on v1_0.id=s1_0.venue_id 
    where
        s1_0.id=?
Hibernate: 
    select
        u1_0.id,
        u1_0.created_at,
        u1_0.email,
        u1_0.name,
        u1_0.password,
        u1_0.role,
        u1_0.updated_at 
    from
        users u1_0 
    where
        u1_0.id=?
Hibernate: 
    select
        s1_0.id,
        s1_0.created_at,
        s1_0.seat_number,
        s1_0.seat_row,
        s1_0.seat_type,
        s1_0.section_name,
        s1_0.updated_at,
        s1_0.venue_id 
    from
        seat s1_0 
    where
        s1_0.venue_id=?
Hibernate: 
    select
        bs1_0.id,
        bs1_0.booking_id,
        bs1_0.created_at,
        bs1_0.price,
        bs1_0.seat_id,
        bs1_0.show_id,
        bs1_0.updated_at 
    from
        booking_seat bs1_0 
    where
        bs1_0.show_id=?
Hibernate: 
    select
        b1_0.id,
        b1_0.booking_time,
        b1_0.created_at,
        s1_0.id,
        s1_0.created_at,
        s1_0.end_time,
        e1_0.id,
        e1_0.created_at,
        e1_0.description,
        e1_0.duration_minutes,
        e1_0.event_type,
        e1_0.image_url,
        o1_0.id,
        o1_0.created_at,
        o1_0.email,
        o1_0.name,
        o1_0.password,
        o1_0.role,
        o1_0.updated_at,
        e1_0.title,
        e1_0.updated_at,
        s1_0.price,
        s1_0.start_time,
        s1_0.updated_at,
        v1_0.id,
        v1_0.created_at,
        v1_0.layout_type,
        v1_0.location,
        v1_0.name,
        v1_0.total_capacity,
        v1_0.updated_at,
        b1_0.status,
        b1_0.total_amount,
        b1_0.updated_at,
        u1_0.id,
        u1_0.created_at,
        u1_0.email,
        u1_0.name,
        u1_0.password,
        u1_0.role,
        u1_0.updated_at 
    from
        booking b1_0 
    left join
        show s1_0 
            on s1_0.id=b1_0.show_id 
    left join
        event e1_0 
            on e1_0.id=s1_0.event_id 
    left join
        users o1_0 
            on o1_0.id=e1_0.organizer_id 
    left join
        venue v1_0 
            on v1_0.id=s1_0.venue_id 
    left join
        users u1_0 
            on u1_0.id=b1_0.user_id 
    where
        b1_0.id=?
Hibernate: 
    select
        u1_0.id,
        u1_0.created_at,
        u1_0.email,
        u1_0.name,
        u1_0.password,
        u1_0.role,
        u1_0.updated_at 
    from
        users u1_0 
    where
        u1_0.email=?
Hibernate: 
    select
        u1_0.id,
        u1_0.created_at,
        u1_0.email,
        u1_0.name,
        u1_0.password,
        u1_0.role,
        u1_0.updated_at 
    from
        users u1_0 
    where
        u1_0.email=?
2026-04-19T22:15:21.250+05:30  INFO 37630 --- [nio-8080-exec-2] com.bms.service.ShowServiceImpl          : Fetching show from DB: id=3
Hibernate: 
    select
        s1_0.id,
        s1_0.created_at,
        s1_0.end_time,
        e1_0.id,
        e1_0.created_at,
        e1_0.description,
        e1_0.duration_minutes,
        e1_0.event_type,
        e1_0.image_url,
        e1_0.organizer_id,
        e1_0.title,
        e1_0.updated_at,
        s1_0.price,
        s1_0.start_time,
        s1_0.updated_at,
        v1_0.id,
        v1_0.created_at,
        v1_0.layout_type,
        v1_0.location,
        v1_0.name,
        v1_0.total_capacity,
        v1_0.updated_at 
    from
        show s1_0 
    join
        event e1_0 
            on e1_0.id=s1_0.event_id 
    join
        venue v1_0 
            on v1_0.id=s1_0.venue_id 
    where
        s1_0.id=?
Hibernate: 
    select
        u1_0.id,
        u1_0.created_at,
        u1_0.email,
        u1_0.name,
        u1_0.password,
        u1_0.role,
        u1_0.updated_at 
    from
        users u1_0 
    where
        u1_0.id=?
Hibernate: 
    select
        s1_0.id,
        s1_0.created_at,
        s1_0.seat_number,
        s1_0.seat_row,
        s1_0.seat_type,
        s1_0.section_name,
        s1_0.updated_at,
        s1_0.venue_id 
    from
        seat s1_0 
    where
        s1_0.venue_id=?
Hibernate: 
    select
        bs1_0.id,
        bs1_0.booking_id,
        bs1_0.created_at,
        bs1_0.price,
        bs1_0.seat_id,
        bs1_0.show_id,
        bs1_0.updated_at 
    from
        booking_seat bs1_0 
    where
        bs1_0.show_id=?
Hibernate: 
    select
        b1_0.id,
        b1_0.booking_time,
        b1_0.created_at,
        s1_0.id,
        s1_0.created_at,
        s1_0.end_time,
        e1_0.id,
        e1_0.created_at,
        e1_0.description,
        e1_0.duration_minutes,
        e1_0.event_type,
        e1_0.image_url,
        o1_0.id,
        o1_0.created_at,
        o1_0.email,
        o1_0.name,
        o1_0.password,
        o1_0.role,
        o1_0.updated_at,
        e1_0.title,
        e1_0.updated_at,
        s1_0.price,
        s1_0.start_time,
        s1_0.updated_at,
        v1_0.id,
        v1_0.created_at,
        v1_0.layout_type,
        v1_0.location,
        v1_0.name,
        v1_0.total_capacity,
        v1_0.updated_at,
        b1_0.status,
        b1_0.total_amount,
        b1_0.updated_at,
        u1_0.id,
        u1_0.created_at,
        u1_0.email,
        u1_0.name,
        u1_0.password,
        u1_0.role,
        u1_0.updated_at 
    from
        booking b1_0 
    left join
        show s1_0 
            on s1_0.id=b1_0.show_id 
    left join
        event e1_0 
            on e1_0.id=s1_0.event_id 
    left join
        users o1_0 
            on o1_0.id=e1_0.organizer_id 
    left join
        venue v1_0 
            on v1_0.id=s1_0.venue_id 
    left join
        users u1_0 
            on u1_0.id=b1_0.user_id 
    where
        b1_0.id=?
Hibernate: 
    select
        u1_0.id,
        u1_0.created_at,
        u1_0.email,
        u1_0.name,
        u1_0.password,
        u1_0.role,
        u1_0.updated_at 
    from
        users u1_0 
    where
        u1_0.email=?
Hibernate: 
    select
        u1_0.id,
        u1_0.created_at,
        u1_0.email,
        u1_0.name,
        u1_0.password,
        u1_0.role,
        u1_0.updated_at 
    from
        users u1_0 
    where
        u1_0.email=?
2026-04-19T22:15:29.250+05:30  INFO 37630 --- [nio-8080-exec-3] com.bms.service.ShowServiceImpl          : Fetching show from DB: id=3
Hibernate: 
    select
        s1_0.id,
        s1_0.created_at,
        s1_0.end_time,
        e1_0.id,
        e1_0.created_at,
        e1_0.description,
        e1_0.duration_minutes,
        e1_0.event_type,
        e1_0.image_url,
        e1_0.organizer_id,
        e1_0.title,
        e1_0.updated_at,
        s1_0.price,
        s1_0.start_time,
        s1_0.updated_at,
        v1_0.id,
        v1_0.created_at,
        v1_0.layout_type,
        v1_0.location,
        v1_0.name,
        v1_0.total_capacity,
        v1_0.updated_at 
    from
        show s1_0 
    join
        event e1_0 
            on e1_0.id=s1_0.event_id 
    join
        venue v1_0 
            on v1_0.id=s1_0.venue_id 
    where
        s1_0.id=?
Hibernate: 
    select
        u1_0.id,
        u1_0.created_at,
        u1_0.email,
        u1_0.name,
        u1_0.password,
        u1_0.role,
        u1_0.updated_at 
    from
        users u1_0 
    where
        u1_0.id=?
Hibernate: 
    select
        s1_0.id,
        s1_0.created_at,
        s1_0.seat_number,
        s1_0.seat_row,
        s1_0.seat_type,
        s1_0.section_name,
        s1_0.updated_at,
        s1_0.venue_id 
    from
        seat s1_0 
    where
        s1_0.venue_id=?
Hibernate: 
    select
        bs1_0.id,
        bs1_0.booking_id,
        bs1_0.created_at,
        bs1_0.price,
        bs1_0.seat_id,
        bs1_0.show_id,
        bs1_0.updated_at 
    from
        booking_seat bs1_0 
    where
        bs1_0.show_id=?
Hibernate: 
    select
        b1_0.id,
        b1_0.booking_time,
        b1_0.created_at,
        s1_0.id,
        s1_0.created_at,
        s1_0.end_time,
        e1_0.id,
        e1_0.created_at,
        e1_0.description,
        e1_0.duration_minutes,
        e1_0.event_type,
        e1_0.image_url,
        o1_0.id,
        o1_0.created_at,
        o1_0.email,
        o1_0.name,
        o1_0.password,
        o1_0.role,
        o1_0.updated_at,
        e1_0.title,
        e1_0.updated_at,
        s1_0.price,
        s1_0.start_time,
        s1_0.updated_at,
        v1_0.id,
        v1_0.created_at,
        v1_0.layout_type,
        v1_0.location,
        v1_0.name,
        v1_0.total_capacity,
        v1_0.updated_at,
        b1_0.status,
        b1_0.total_amount,
        b1_0.updated_at,
        u1_0.id,
        u1_0.created_at,
        u1_0.email,
        u1_0.name,
        u1_0.password,
        u1_0.role,
        u1_0.updated_at 
    from
        booking b1_0 
    left join
        show s1_0 
            on s1_0.id=b1_0.show_id 
    left join
        event e1_0 
            on e1_0.id=s1_0.event_id 
    left join
        users o1_0 
            on o1_0.id=e1_0.organizer_id 
    left join
        venue v1_0 
            on v1_0.id=s1_0.venue_id 
    left join
        users u1_0 
            on u1_0.id=b1_0.user_id 
    where
        b1_0.id=?
Hibernate: 
    select
        u1_0.id,
        u1_0.created_at,
        u1_0.email,
        u1_0.name,
        u1_0.password,
        u1_0.role,
        u1_0.updated_at 
    from
        users u1_0 
    where
        u1_0.email=?
Hibernate: 
    select
        u1_0.id,
        u1_0.created_at,
        u1_0.email,
        u1_0.name,
        u1_0.password,
        u1_0.role,
        u1_0.updated_at 
    from
        users u1_0 
    where
        u1_0.email=?
2026-04-19T22:15:37.250+05:30  INFO 37630 --- [nio-8080-exec-4] com.bms.service.ShowServiceImpl          : Fetching show from DB: id=3
Hibernate: 
    select
        s1_0.id,
        s1_0.created_at,
        s1_0.end_time,
        e1_0.id,
        e1_0.created_at,
        e1_0.description,
        e1_0.duration_minutes,
        e1_0.event_type,
        e1_0.image_url,
        e1_0.organizer_id,
        e1_0.title,
        e1_0.updated_at,
        s1_0.price,
        s1_0.start_time,
        s1_0.updated_at,
        v1_0.id,
        v1_0.created_at,
        v1_0.layout_type,
        v1_0.location,
        v1_0.name,
        v1_0.total_capacity,
        v1_0.updated_at 
    from
        show s1_0 
    join
        event e1_0 
            on e1_0.id=s1_0.event_id 
    join
        venue v1_0 
            on v1_0.id=s1_0.venue_id 
    where
        s1_0.id=?
Hibernate: 
    select
        u1_0.id,
        u1_0.created_at,
        u1_0.email,
        u1_0.name,
        u1_0.password,
        u1_0.role,
        u1_0.updated_at 
    from
        users u1_0 
    where
        u1_0.id=?
Hibernate: 
    select
        s1_0.id,
        s1_0.created_at,
        s1_0.seat_number,
        s1_0.seat_row,
        s1_0.seat_type,
        s1_0.section_name,
        s1_0.updated_at,
        s1_0.venue_id 
    from
        seat s1_0 
    where
        s1_0.venue_id=?
Hibernate: 
    select
        bs1_0.id,
        bs1_0.booking_id,
        bs1_0.created_at,
        bs1_0.price,
        bs1_0.seat_id,
        bs1_0.show_id,
        bs1_0.updated_at 
    from
        booking_seat bs1_0 
    where
        bs1_0.show_id=?
Hibernate: 
    select
        b1_0.id,
        b1_0.booking_time,
        b1_0.created_at,
        s1_0.id,
        s1_0.created_at,
        s1_0.end_time,
        e1_0.id,
        e1_0.created_at,
        e1_0.description,
        e1_0.duration_minutes,
        e1_0.event_type,
        e1_0.image_url,
        o1_0.id,
        o1_0.created_at,
        o1_0.email,
        o1_0.name,
        o1_0.password,
        o1_0.role,
        o1_0.updated_at,
        e1_0.title,
        e1_0.updated_at,
        s1_0.price,
        s1_0.start_time,
        s1_0.updated_at,
        v1_0.id,
        v1_0.created_at,
        v1_0.layout_type,
        v1_0.location,
        v1_0.name,
        v1_0.total_capacity,
        v1_0.updated_at,
        b1_0.status,
        b1_0.total_amount,
        b1_0.updated_at,
        u1_0.id,
        u1_0.created_at,
        u1_0.email,
        u1_0.name,
        u1_0.password,
        u1_0.role,
        u1_0.updated_at 
    from
        booking b1_0 
    left join
        show s1_0 
            on s1_0.id=b1_0.show_id 
    left join
        event e1_0 
            on e1_0.id=s1_0.event_id 
    left join
        users o1_0 
            on o1_0.id=e1_0.organizer_id 
    left join
        venue v1_0 
            on v1_0.id=s1_0.venue_id 
    left join
        users u1_0 
            on u1_0.id=b1_0.user_id 
    where
        b1_0.id=?
Hibernate: 
    select
        u1_0.id,
        u1_0.created_at,
        u1_0.email,
        u1_0.name,
        u1_0.password,
        u1_0.role,
        u1_0.updated_at 
    from
        users u1_0 
    where
        u1_0.email=?
Hibernate: 
    select
        u1_0.id,
        u1_0.created_at,
        u1_0.email,
        u1_0.name,
        u1_0.password,
        u1_0.role,
        u1_0.updated_at 
    from
        users u1_0 
    where
        u1_0.email=?
2026-04-19T22:15:45.250+05:30  INFO 37630 --- [nio-8080-exec-5] com.bms.service.ShowServiceImpl          : Fetching show from DB: id=3
Hibernate: 
    select
        s1_0.id,
        s1_0.created_at,
        s1_0.end_time,
        e1_0.id,
        e1_0.created_at,
        e1_0.description,
        e1_0.duration_minutes,
        e1_0.event_type,
        e1_0.image_url,
        e1_0.organizer_id,
        e1_0.title,
        e1_0.updated_at,
        s1_0.price,
        s1_0.start_time,
        s1_0.updated_at,
        v1_0.id,
        v1_0.created_at,
        v1_0.layout_type,
        v1_0.location,
        v1_0.name,
        v1_0.total_capacity,
        v1_0.updated_at 
    from
        show s1_0 
    join
        event e1_0 
            on e1_0.id=s1_0.event_id 
    join
        venue v1_0 
            on v1_0.id=s1_0.venue_id 
    where
        s1_0.id=?
Hibernate: 
    select
        u1_0.id,
        u1_0.created_at,
        u1_0.email,
        u1_0.name,
        u1_0.password,
        u1_0.role,
        u1_0.updated_at 
    from
        users u1_0 
    where
        u1_0.id=?
Hibernate: 
    select
        s1_0.id,
        s1_0.created_at,
        s1_0.seat_number,
        s1_0.seat_row,
        s1_0.seat_type,
        s1_0.section_name,
        s1_0.updated_at,
        s1_0.venue_id 
    from
        seat s1_0 
    where
        s1_0.venue_id=?
Hibernate: 
    select
        bs1_0.id,
        bs1_0.booking_id,
        bs1_0.created_at,
        bs1_0.price,
        bs1_0.seat_id,
        bs1_0.show_id,
        bs1_0.updated_at 
    from
        booking_seat bs1_0 
    where
        bs1_0.show_id=?
Hibernate: 
    select
        b1_0.id,
        b1_0.booking_time,
        b1_0.created_at,
        s1_0.id,
        s1_0.created_at,
        s1_0.end_time,
        e1_0.id,
        e1_0.created_at,
        e1_0.description,
        e1_0.duration_minutes,
        e1_0.event_type,
        e1_0.image_url,
        o1_0.id,
        o1_0.created_at,
        o1_0.email,
        o1_0.name,
        o1_0.password,
        o1_0.role,
        o1_0.updated_at,
        e1_0.title,
        e1_0.updated_at,
        s1_0.price,
        s1_0.start_time,
        s1_0.updated_at,
        v1_0.id,
        v1_0.created_at,
        v1_0.layout_type,
        v1_0.location,
        v1_0.name,
        v1_0.total_capacity,
        v1_0.updated_at,
        b1_0.status,
        b1_0.total_amount,
        b1_0.updated_at,
        u1_0.id,
        u1_0.created_at,
        u1_0.email,
        u1_0.name,
        u1_0.password,
        u1_0.role,
        u1_0.updated_at 
    from
        booking b1_0 
    left join
        show s1_0 
            on s1_0.id=b1_0.show_id 
    left join
        event e1_0 
            on e1_0.id=s1_0.event_id 
    left join
        users o1_0 
            on o1_0.id=e1_0.organizer_id 
    left join
        venue v1_0 
            on v1_0.id=s1_0.venue_id 
    left join
        users u1_0 
            on u1_0.id=b1_0.user_id 
    where
        b1_0.id=?
Hibernate: 
    select
        u1_0.id,
        u1_0.created_at,
        u1_0.email,
        u1_0.name,
        u1_0.password,
        u1_0.role,
        u1_0.updated_at 
    from
        users u1_0 
    where
        u1_0.email=?
Hibernate: 
    select
        u1_0.id,
        u1_0.created_at,
        u1_0.email,
        u1_0.name,
        u1_0.password,
        u1_0.role,
        u1_0.updated_at 
    from
        users u1_0 
    where
        u1_0.email=?
2026-04-19T22:15:53.250+05:30  INFO 37630 --- [nio-8080-exec-6] com.bms.service.ShowServiceImpl          : Fetching show from DB: id=3
Hibernate: 
    select
        s1_0.id,
        s1_0.created_at,
        s1_0.end_time,
        e1_0.id,
        e1_0.created_at,
        e1_0.description,
        e1_0.duration_minutes,
        e1_0.event_type,
        e1_0.image_url,
        e1_0.organizer_id,
        e1_0.title,
        e1_0.updated_at,
        s1_0.price,
        s1_0.start_time,
        s1_0.updated_at,
        v1_0.id,
        v1_0.created_at,
        v1_0.layout_type,
        v1_0.location,
        v1_0.name,
        v1_0.total_capacity,
        v1_0.updated_at 
    from
        show s1_0 
    join
        event e1_0 
            on e1_0.id=s1_0.event_id 
    join
        venue v1_0 
            on v1_0.id=s1_0.venue_id 
    where
        s1_0.id=?
Hibernate: 
    select
        u1_0.id,
        u1_0.created_at,
        u1_0.email,
        u1_0.name,
        u1_0.password,
        u1_0.role,
        u1_0.updated_at 
    from
        users u1_0 
    where
        u1_0.id=?
Hibernate: 
    select
        s1_0.id,
        s1_0.created_at,
        s1_0.seat_number,
        s1_0.seat_row,
        s1_0.seat_type,
        s1_0.section_name,
        s1_0.updated_at,
        s1_0.venue_id 
    from
        seat s1_0 
    where
        s1_0.venue_id=?
Hibernate: 
    select
        bs1_0.id,
        bs1_0.booking_id,
        bs1_0.created_at,
        bs1_0.price,
        bs1_0.seat_id,
        bs1_0.show_id,
        bs1_0.updated_at 
    from
        booking_seat bs1_0 
    where
        bs1_0.show_id=?
Hibernate: 
    select
        b1_0.id,
        b1_0.booking_time,
        b1_0.created_at,
        s1_0.id,
        s1_0.created_at,
        s1_0.end_time,
        e1_0.id,
        e1_0.created_at,
        e1_0.description,
        e1_0.duration_minutes,
        e1_0.event_type,
        e1_0.image_url,
        o1_0.id,
        o1_0.created_at,
        o1_0.email,
        o1_0.name,
        o1_0.password,
        o1_0.role,
        o1_0.updated_at,
        e1_0.title,
        e1_0.updated_at,
        s1_0.price,
        s1_0.start_time,
        s1_0.updated_at,
        v1_0.id,
        v1_0.created_at,
        v1_0.layout_type,
        v1_0.location,
        v1_0.name,
        v1_0.total_capacity,
        v1_0.updated_at,
        b1_0.status,
        b1_0.total_amount,
        b1_0.updated_at,
        u1_0.id,
        u1_0.created_at,
        u1_0.email,
        u1_0.name,
        u1_0.password,
        u1_0.role,
        u1_0.updated_at 
    from
        booking b1_0 
    left join
        show s1_0 
            on s1_0.id=b1_0.show_id 
    left join
        event e1_0 
            on e1_0.id=s1_0.event_id 
    left join
        users o1_0 
            on o1_0.id=e1_0.organizer_id 
    left join
        venue v1_0 
            on v1_0.id=s1_0.venue_id 
    left join
        users u1_0 
            on u1_0.id=b1_0.user_id 
    where
        b1_0.id=?
Hibernate: 
    select
        u1_0.id,
        u1_0.created_at,
        u1_0.email,
        u1_0.name,
        u1_0.password,
        u1_0.role,
        u1_0.updated_at 
    from
        users u1_0 
    where
        u1_0.email=?
Hibernate: 
    select
        u1_0.id,
        u1_0.created_at,
        u1_0.email,
        u1_0.name,
        u1_0.password,
        u1_0.role,
        u1_0.updated_at 
    from
        users u1_0 
    where
        u1_0.email=?
2026-04-19T22:16:01.250+05:30  INFO 37630 --- [nio-8080-exec-7] com.bms.service.ShowServiceImpl          : Fetching show from DB: id=3
Hibernate: 
    select
        s1_0.id,
        s1_0.created_at,
        s1_0.end_time,
        e1_0.id,
        e1_0.created_at,
        e1_0.description,
        e1_0.duration_minutes,
        e1_0.event_type,
        e1_0.image_url,
        e1_0.organizer_id,
        e1_0.title,
        e1_0.updated_at,
        s1_0.price,
        s1_0.start_time,
        s1_0.updated_at,
        v1_0.id,
        v1_0.created_at,
        v1_0.layout_type,
        v1_0.location,
        v1_0.name,
        v1_0.total_capacity,
        v1_0.updated_at 
    from
        show s1_0 
    join
        event e1_0 
            on e1_0.id=s1_0.event_id 
    join
        venue v1_0 
            on v1_0.id=s1_0.venue_id 
    where
        s1_0.id=?
Hibernate: 
    select
        u1_0.id,
        u1_0.created_at,
        u1_0.email,
        u1_0.name,
        u1_0.password,
        u1_0.role,
        u1_0.updated_at 
    from
        users u1_0 
    where
        u1_0.id=?
Hibernate: 
    select
        s1_0.id,
        s1_0.created_at,
        s1_0.seat_number,
        s1_0.seat_row,
        s1_0.seat_type,
        s1_0.section_name,
        s1_0.updated_at,
        s1_0.venue_id 
    from
        seat s1_0 
    where
        s1_0.venue_id=?
Hibernate: 
    select
        bs1_0.id,
        bs1_0.booking_id,
        bs1_0.created_at,
        bs1_0.price,
        bs1_0.seat_id,
        bs1_0.show_id,
        bs1_0.updated_at 
    from
        booking_seat bs1_0 
    where
        bs1_0.show_id=?
Hibernate: 
    select
        b1_0.id,
        b1_0.booking_time,
        b1_0.created_at,
        s1_0.id,
        s1_0.created_at,
        s1_0.end_time,
        e1_0.id,
        e1_0.created_at,
        e1_0.description,
        e1_0.duration_minutes,
        e1_0.event_type,
        e1_0.image_url,
        o1_0.id,
        o1_0.created_at,
        o1_0.email,
        o1_0.name,
        o1_0.password,
        o1_0.role,
        o1_0.updated_at,
        e1_0.title,
        e1_0.updated_at,
        s1_0.price,
        s1_0.start_time,
        s1_0.updated_at,
        v1_0.id,
        v1_0.created_at,
        v1_0.layout_type,
        v1_0.location,
        v1_0.name,
        v1_0.total_capacity,
        v1_0.updated_at,
        b1_0.status,
        b1_0.total_amount,
        b1_0.updated_at,
        u1_0.id,
        u1_0.created_at,
        u1_0.email,
        u1_0.name,
        u1_0.password,
        u1_0.role,
        u1_0.updated_at 
    from
        booking b1_0 
    left join
        show s1_0 
            on s1_0.id=b1_0.show_id 
    left join
        event e1_0 
            on e1_0.id=s1_0.event_id 
    left join
        users o1_0 
            on o1_0.id=e1_0.organizer_id 
    left join
        venue v1_0 
            on v1_0.id=s1_0.venue_id 
    left join
        users u1_0 
            on u1_0.id=b1_0.user_id 
    where
        b1_0.id=?
Hibernate: 
    select
        u1_0.id,
        u1_0.created_at,
        u1_0.email,
        u1_0.name,
        u1_0.password,
        u1_0.role,
        u1_0.updated_at 
    from
        users u1_0 
    where
        u1_0.email=?
Hibernate: 
    select
        u1_0.id,
        u1_0.created_at,
        u1_0.email,
        u1_0.name,
        u1_0.password,
        u1_0.role,
        u1_0.updated_at 
    from
        users u1_0 
    where
        u1_0.email=?
2026-04-19T22:16:09.250+05:30  INFO 37630 --- [nio-8080-exec-8] com.bms.service.ShowServiceImpl          : Fetching show from DB: id=3
Hibernate: 
    select
        s1_0.id,
        s1_0.created_at,
        s1_0.end_time,
        e1_0.id,
        e1_0.created_at,
        e1_0.description,
        e1_0.duration_minutes,
        e1_0.event_type,
        e1_0.image_url,
        e1_0.organizer_id,
        e1_0.title,
        e1_0.updated_at,
        s1_0.price,
        s1_0.start_time,
        s1_0.updated_at,
        v1_0.id,
        v1_0.created_at,
        v1_0.layout_type,
        v1_0.location,
        v1_0.name,
        v1_0.total_capacity,
        v1_0.updated_at 
    from
        show s1_0 
    join
        event e1_0 
            on e1_0.id=s1_0.event_id 
    join
        venue v1_0 
            on v1_0.id=s1_0.venue_id 
    where
        s1_0.id=?
Hibernate: 
    select
        u1_0.id,
        u1_0.created_at,
        u1_0.email,
        u1_0.name,
        u1_0.password,
        u1_0.role,
        u1_0.updated_at 
    from
        users u1_0 
    where
        u1_0.id=?
Hibernate: 
    select
        s1_0.id,
        s1_0.created_at,
        s1_0.seat_number,
        s1_0.seat_row,
        s1_0.seat_type,
        s1_0.section_name,
        s1_0.updated_at,
        s1_0.venue_id 
    from
        seat s1_0 
    where
        s1_0.venue_id=?
Hibernate: 
    select
        bs1_0.id,
        bs1_0.booking_id,
        bs1_0.created_at,
        bs1_0.price,
        bs1_0.seat_id,
        bs1_0.show_id,
        bs1_0.updated_at 
    from
        booking_seat bs1_0 
    where
        bs1_0.show_id=?
Hibernate: 
    select
        b1_0.id,
        b1_0.booking_time,
        b1_0.created_at,
        s1_0.id,
        s1_0.created_at,
        s1_0.end_time,
        e1_0.id,
        e1_0.created_at,
        e1_0.description,
        e1_0.duration_minutes,
        e1_0.event_type,
        e1_0.image_url,
        o1_0.id,
        o1_0.created_at,
        o1_0.email,
        o1_0.name,
        o1_0.password,
        o1_0.role,
        o1_0.updated_at,
        e1_0.title,
        e1_0.updated_at,
        s1_0.price,
        s1_0.start_time,
        s1_0.updated_at,
        v1_0.id,
        v1_0.created_at,
        v1_0.layout_type,
        v1_0.location,
        v1_0.name,
        v1_0.total_capacity,
        v1_0.updated_at,
        b1_0.status,
        b1_0.total_amount,
        b1_0.updated_at,
        u1_0.id,
        u1_0.created_at,
        u1_0.email,
        u1_0.name,
        u1_0.password,
        u1_0.role,
        u1_0.updated_at 
    from
        booking b1_0 
    left join
        show s1_0 
            on s1_0.id=b1_0.show_id 
    left join
        event e1_0 
            on e1_0.id=s1_0.event_id 
    left join
        users o1_0 
            on o1_0.id=e1_0.organizer_id 
    left join
        venue v1_0 
            on v1_0.id=s1_0.venue_id 
    left join
        users u1_0 
            on u1_0.id=b1_0.user_id 
    where
        b1_0.id=?
Hibernate: 
    select
        u1_0.id,
        u1_0.created_at,
        u1_0.email,
        u1_0.name,
        u1_0.password,
        u1_0.role,
        u1_0.updated_at 
    from
        users u1_0 
    where
        u1_0.email=?
Hibernate: 
    select
        u1_0.id,
        u1_0.created_at,
        u1_0.email,
        u1_0.name,
        u1_0.password,
        u1_0.role,
        u1_0.updated_at 
    from
        users u1_0 
    where
        u1_0.email=?
2026-04-19T22:16:17.250+05:30  INFO 37630 --- [nio-8080-exec-9] com.bms.service.ShowServiceImpl          : Fetching show from DB: id=3
Hibernate: 
    select
        s1_0.id,
        s1_0.created_at,
        s1_0.end_time,
        e1_0.id,
        e1_0.created_at,
        e1_0.description,
        e1_0.duration_minutes,
        e1_0.event_type,
        e1_0.image_url,
        e1_0.organizer_id,
        e1_0.title,
        e1_0.updated_at,
        s1_0.price,
        s1_0.start_time,
        s1_0.updated_at,
        v1_0.id,
        v1_0.created_at,
        v1_0.layout_type,
        v1_0.location,
        v1_0.name,
        v1_0.total_capacity,
        v1_0.updated_at 
    from
        show s1_0 
    join
        event e1_0 
            on e1_0.id=s1_0.event_id 
    join
        venue v1_0 
            on v1_0.id=s1_0.venue_id 
    where
        s1_0.id=?
Hibernate: 
    select
        u1_0.id,
        u1_0.created_at,
        u1_0.email,
        u1_0.name,
        u1_0.password,
        u1_0.role,
        u1_0.updated_at 
    from
        users u1_0 
    where
        u1_0.id=?
Hibernate: 
    select
        s1_0.id,
        s1_0.created_at,
        s1_0.seat_number,
        s1_0.seat_row,
        s1_0.seat_type,
        s1_0.section_name,
        s1_0.updated_at,
        s1_0.venue_id 
    from
        seat s1_0 
    where
        s1_0.venue_id=?
Hibernate: 
    select
        bs1_0.id,
        bs1_0.booking_id,
        bs1_0.created_at,
        bs1_0.price,
        bs1_0.seat_id,
        bs1_0.show_id,
        bs1_0.updated_at 
    from
        booking_seat bs1_0 
    where
        bs1_0.show_id=?
Hibernate: 
    select
        b1_0.id,
        b1_0.booking_time,
        b1_0.created_at,
        s1_0.id,
        s1_0.created_at,
        s1_0.end_time,
        e1_0.id,
        e1_0.created_at,
        e1_0.description,
        e1_0.duration_minutes,
        e1_0.event_type,
        e1_0.image_url,
        o1_0.id,
        o1_0.created_at,
        o1_0.email,
        o1_0.name,
        o1_0.password,
        o1_0.role,
        o1_0.updated_at,
        e1_0.title,
        e1_0.updated_at,
        s1_0.price,
        s1_0.start_time,
        s1_0.updated_at,
        v1_0.id,
        v1_0.created_at,
        v1_0.layout_type,
        v1_0.location,
        v1_0.name,
        v1_0.total_capacity,
        v1_0.updated_at,
        b1_0.status,
        b1_0.total_amount,
        b1_0.updated_at,
        u1_0.id,
        u1_0.created_at,
        u1_0.email,
        u1_0.name,
        u1_0.password,
        u1_0.role,
        u1_0.updated_at 
    from
        booking b1_0 
    left join
        show s1_0 
            on s1_0.id=b1_0.show_id 
    left join
        event e1_0 
            on e1_0.id=s1_0.event_id 
    left join
        users o1_0 
            on o1_0.id=e1_0.organizer_id 
    left join
        venue v1_0 
            on v1_0.id=s1_0.venue_id 
    left join
        users u1_0 
            on u1_0.id=b1_0.user_id 
    where
        b1_0.id=?
Hibernate: 
    select
        u1_0.id,
        u1_0.created_at,
        u1_0.email,
        u1_0.name,
        u1_0.password,
        u1_0.role,
        u1_0.updated_at 
    from
        users u1_0 
    where
        u1_0.email=?
Hibernate: 
    select
        u1_0.id,
        u1_0.created_at,
        u1_0.email,
        u1_0.name,
        u1_0.password,
        u1_0.role,
        u1_0.updated_at 
    from
        users u1_0 
    where
        u1_0.email=?
2026-04-19T22:16:25.249+05:30  INFO 37630 --- [io-8080-exec-10] com.bms.service.ShowServiceImpl          : Fetching show from DB: id=3
Hibernate: 
    select
        s1_0.id,
        s1_0.created_at,
        s1_0.end_time,
        e1_0.id,
        e1_0.created_at,
        e1_0.description,
        e1_0.duration_minutes,
        e1_0.event_type,
        e1_0.image_url,
        e1_0.organizer_id,
        e1_0.title,
        e1_0.updated_at,
        s1_0.price,
        s1_0.start_time,
        s1_0.updated_at,
        v1_0.id,
        v1_0.created_at,
        v1_0.layout_type,
        v1_0.location,
        v1_0.name,
        v1_0.total_capacity,
        v1_0.updated_at 
    from
        show s1_0 
    join
        event e1_0 
            on e1_0.id=s1_0.event_id 
    join
        venue v1_0 
            on v1_0.id=s1_0.venue_id 
    where
        s1_0.id=?
Hibernate: 
    select
        u1_0.id,
        u1_0.created_at,
        u1_0.email,
        u1_0.name,
        u1_0.password,
        u1_0.role,
        u1_0.updated_at 
    from
        users u1_0 
    where
        u1_0.id=?
Hibernate: 
    select
        s1_0.id,
        s1_0.created_at,
        s1_0.seat_number,
        s1_0.seat_row,
        s1_0.seat_type,
        s1_0.section_name,
        s1_0.updated_at,
        s1_0.venue_id 
    from
        seat s1_0 
    where
        s1_0.venue_id=?
Hibernate: 
    select
        bs1_0.id,
        bs1_0.booking_id,
        bs1_0.created_at,
        bs1_0.price,
        bs1_0.seat_id,
        bs1_0.show_id,
        bs1_0.updated_at 
    from
        booking_seat bs1_0 
    where
        bs1_0.show_id=?
Hibernate: 
    select
        b1_0.id,
        b1_0.booking_time,
        b1_0.created_at,
        s1_0.id,
        s1_0.created_at,
        s1_0.end_time,
        e1_0.id,
        e1_0.created_at,
        e1_0.description,
        e1_0.duration_minutes,
        e1_0.event_type,
        e1_0.image_url,
        o1_0.id,
        o1_0.created_at,
        o1_0.email,
        o1_0.name,
        o1_0.password,
        o1_0.role,
        o1_0.updated_at,
        e1_0.title,
        e1_0.updated_at,
        s1_0.price,
        s1_0.start_time,
        s1_0.updated_at,
        v1_0.id,
        v1_0.created_at,
        v1_0.layout_type,
        v1_0.location,
        v1_0.name,
        v1_0.total_capacity,
        v1_0.updated_at,
        b1_0.status,
        b1_0.total_amount,
        b1_0.updated_at,
        u1_0.id,
        u1_0.created_at,
        u1_0.email,
        u1_0.name,
        u1_0.password,
        u1_0.role,
        u1_0.updated_at 
    from
        booking b1_0 
    left join
        show s1_0 
            on s1_0.id=b1_0.show_id 
    left join
        event e1_0 
            on e1_0.id=s1_0.event_id 
    left join
        users o1_0 
            on o1_0.id=e1_0.organizer_id 
    left join
        venue v1_0 
            on v1_0.id=s1_0.venue_id 
    left join
        users u1_0 
            on u1_0.id=b1_0.user_id 
    where
        b1_0.id=?
2026-04-19T22:16:26.410+05:30  INFO 37630 --- [ionShutdownHook] o.s.boot.tomcat.GracefulShutdown         : Commencing graceful shutdown. Waiting for active requests to complete
2026-04-19T22:16:26.417+05:30  INFO 37630 --- [tomcat-shutdown] o.s.boot.tomcat.GracefulShutdown         : Graceful shutdown complete
2026-04-19T22:16:26.449+05:30  INFO 37630 --- [ionShutdownHook] j.LocalContainerEntityManagerFactoryBean : Closing JPA EntityManagerFactory for persistence unit 'default'
2026-04-19T22:16:26.453+05:30  INFO 37630 --- [ionShutdownHook] com.zaxxer.hikari.HikariDataSource       : HikariPool-1 - Shutdown initiated...
2026-04-19T22:16:26.458+05:30  INFO 37630 --- [ionShutdownHook] com.zaxxer.hikari.HikariDataSource       : HikariPool-1 - Shutdown completed.
